USE canano;

-- ----------------------------------------------------------------------
-- SQL data bulk transfer script generated by the MySQL Migration Toolkit
-- ----------------------------------------------------------------------

-- Disable foreign key checks
SET @OLD_FOREIGN_KEY_CHECKS=@@FOREIGN_KEY_CHECKS, FOREIGN_KEY_CHECKS=0;

INSERT INTO csm_group(group_id, group_name, group_desc, update_date, application_id)
VALUES (1, 'Public', 'caBIG and public', sysdate(), 2);

INSERT INTO csm_pg_pe(pg_pe_id, protection_group_id, protection_element_id, update_date)
VALUES (1,1,3,sysdate()),
  (2,2,4,sysdate()),
  (3,3,5,sysdate()),
  (4,4,6,sysdate());

INSERT INTO csm_protection_element(protection_element_id, protection_element_name, protection_element_description, object_id, attribute, protection_element_type_id, application_id, update_date)
VALUES (3, 'sample', '', 'sample', '', NULL, 2, sysdate()),
  (4, 'protocol', '', 'protocol', '', NULL, 2, sysdate()),
  (5, 'nanoparticle', '', 'nanoparticle', '', NULL, 2, sysdate()),
  (6, 'report', '', 'report', '', NULL, 2, sysdate());

INSERT INTO csm_protection_group(protection_group_id, protection_group_name, protection_group_description, application_id, large_element_count_flag, update_date, parent_protection_group_id)
VALUES (1, 'sample', '', 2, 0, sysdate(), NULL),
  (2, 'protocol', '', 2, 0, sysdate(), NULL),
  (3, 'nanoparticle', '', 2, 0, sysdate(), NULL),
  (4, 'report', '', 2, 0, sysdate(), NULL);

INSERT INTO csm_role(role_id, role_name, role_description, application_id, active_flag, update_date)
VALUES (1, 'R', 'read only', 2, 1, sysdate()),
  (2, 'E', 'execute only', 2, 1, sysdate()),
  (3, 'D', 'delete only', 2, 1, sysdate()),
  (4, 'CUR', 'create, update, read', 2, 1, sysdate()),
  (5, 'CURD', 'create, update, read, delete', 2, 1, sysdate());

INSERT INTO csm_role_privilege(role_privilege_id, role_id, privilege_id, update_date)
VALUES (1,2,7, sysdate()),
  (2,1,3,sysdate()),
  (3,3,6,sysdate()),
  (4,4,5,sysdate()),
  (5,4,1,sysdate()),
  (6,4,3,sysdate()),
  (7,5,1,sysdate()),
  (8,5,6,sysdate()),
  (9,5,3,sysdate()),
  (10,5,5,sysdate());

INSERT INTO csm_user_pe(user_protection_element_id, protection_element_id, user_id, update_date)
VALUES (2, 2, 1, sysdate());

INSERT INTO csm_user_group(user_group_id, user_id, group_id)
VALUES (1, 1, 1);

INSERT INTO csm_user_group_role_pg(user_group_role_pg_id, user_id, group_id, role_id, protection_group_id, update_date)
VALUES (1, NULL, 1, 1, 2, sysdate()),
  (2, NULL, 1, 1, 3, sysdate()),
  (3, NULL, 1, 1, 4, sysdate());

-- Re-enable foreign key checks
SET FOREIGN_KEY_CHECKS=@OLD_FOREIGN_KEY_CHECKS;

-- End of script
