<?xml version='1.0' encoding='utf-8'?>
<!DOCTYPE hibernate-configuration PUBLIC
"-//Hibernate/Hibernate Configuration DTD//EN"
"http://hibernate.sourceforge.net/hibernate-configuration-3.0.dtd">          
<hibernate-configuration>
    <session-factory>
		<!-- Properties for the session factory -->
        <property name="connection.datasource">java:/caNanoLab</property>
 
        <mapping resource="gov/nih/nci/security/authorization/domainobjects/Privilege.hbm.xml"/>
        <mapping resource="gov/nih/nci/security/authorization/domainobjects/Application.hbm.xml"/>
        <mapping resource="gov/nih/nci/security/authorization/domainobjects/FilterClause.hbm.xml"/>
        <mapping resource="gov/nih/nci/security/authorization/domainobjects/Role.hbm.xml"/>
        <mapping resource="gov/nih/nci/security/dao/hibernate/RolePrivilege.hbm.xml"/>
        <mapping resource="gov/nih/nci/security/dao/hibernate/UserGroup.hbm.xml"/>
        <mapping resource="gov/nih/nci/security/dao/hibernate/ProtectionGroupProtectionElement.hbm.xml"/>     
        <mapping resource="gov/nih/nci/security/authorization/domainobjects/Group.hbm.xml"/>
        <mapping resource="gov/nih/nci/security/authorization/domainobjects/User.hbm.xml"/>
        <mapping resource="gov/nih/nci/security/authorization/domainobjects/ProtectionGroup.hbm.xml"/>
        <mapping resource="gov/nih/nci/security/authorization/domainobjects/ProtectionElement.hbm.xml"/>
        <mapping resource="gov/nih/nci/security/authorization/domainobjects/UserGroupRoleProtectionGroup.hbm.xml"/>
        <mapping resource="gov/nih/nci/security/authorization/domainobjects/UserProtectionElement.hbm.xml"/>
    </session-factory>
</hibernate-configuration>
