
--
-- Table structure for table `csm_group`
--

CREATE TABLE IF NOT EXISTS `csm_group1` (
  `group_id` bigint(20) NOT NULL auto_increment,
  `group_name` varchar(255) NOT NULL,
  `group_desc` varchar(200) default NULL,
  `update_date` date NOT NULL,
  `application_id` bigint(20) NOT NULL,
  PRIMARY KEY  (`group_id`),
  UNIQUE KEY `uq_group_group_name` (`application_id`,`group_name`),
  KEY `idx_application_id` (`application_id`)
) ENGINE=InnoDB DEFAULT CHARSET=latin1 AUTO_INCREMENT=62 ;

--
-- Dumping data for table `csm_group`
--

INSERT INTO `csm_group1` (`group_id`, `group_name`, `group_desc`, `update_date`, `application_id`) VALUES
(6, 'NCL_DataCurator', 'NCL principal investigators', '2006-07-14', 2),
(7, 'NCL_Researcher', 'NCL researcher', '2006-07-14', 2),
(8, 'CCNE_Researcher', 'Researchers at CCNEs', '2006-07-14', 2),
(11, 'Public', 'caBIG and public', '2006-08-04', 2),
(12, 'FDA_Researcher', 'Researchers at FDA', '2006-09-12', 2),
(13, 'NIST_Researcher', 'Researchers at NIST', '2006-09-12', 2),
(14, 'Other_Research_Partners', 'Researchers at partners other than NIST and FDA', '2006-09-12', 2),
(50, 'NCL', NULL, '2006-12-14', 2),
(54, 'C-Sixty (CNI)', NULL, '2007-05-17', 2),
(55, 'NCI_DataCurator', NULL, '2007-05-17', 2),
(57, 'Mark Kester PSU', NULL, '2007-06-08', 2),
(58, 'Mark Kester', '', '2009-10-07', 2),
(59, 'Joe Barchi', '', '2009-10-07', 2),
(60, 'Mansoor Amiji', '', '2009-10-07', 2),
(61, 'Nanotechnology Characterization Laboratory', '', '2009-10-16', 2);

-- --------------------------------------------------------

--
-- Table structure for table `csm_pg_pe`
--

CREATE TABLE IF NOT EXISTS `csm_pg_pe1` (
  `pg_pe_id` bigint(20) NOT NULL auto_increment,
  `protection_group_id` bigint(20) NOT NULL,
  `protection_element_id` bigint(20) NOT NULL,
  `update_date` date default '0000-00-00',
  PRIMARY KEY  (`pg_pe_id`),
  UNIQUE KEY `uq_protection_group_protection_element_protection_group_id` (`protection_element_id`,`protection_group_id`),
  KEY `idx_protection_element_id` (`protection_element_id`),
  KEY `idx_protection_group_id` (`protection_group_id`)
) ENGINE=InnoDB DEFAULT CHARSET=latin1 AUTO_INCREMENT=1176 ;

--
-- Dumping data for table `csm_pg_pe`
--

INSERT INTO `csm_pg_pe1` (`pg_pe_id`, `protection_group_id`, `protection_element_id`, `update_date`) VALUES
(53, 51, 51, NULL),
(55, 52, 52, NULL),
(57, 53, 53, NULL),
(59, 54, 54, NULL),
(61, 55, 55, NULL),
(63, 56, 56, NULL),
(65, 57, 57, NULL),
(67, 58, 58, NULL),
(69, 59, 59, NULL),
(71, 60, 60, NULL),
(73, 61, 61, NULL),
(75, 62, 62, NULL),
(77, 63, 63, NULL),
(79, 64, 64, NULL),
(81, 65, 65, NULL),
(83, 66, 66, NULL),
(85, 67, 67, NULL),
(87, 68, 68, NULL),
(89, 69, 69, NULL),
(91, 70, 70, NULL),
(93, 71, 71, NULL),
(95, 72, 72, NULL),
(97, 73, 73, NULL),
(99, 74, 74, NULL),
(101, 75, 75, NULL),
(103, 76, 76, NULL),
(105, 77, 77, NULL),
(107, 78, 78, NULL),
(109, 79, 79, NULL),
(111, 80, 80, NULL),
(113, 81, 81, NULL),
(115, 82, 82, NULL),
(117, 83, 83, NULL),
(119, 84, 84, NULL),
(121, 85, 85, NULL),
(123, 86, 86, NULL),
(125, 87, 87, NULL),
(127, 88, 88, NULL),
(129, 89, 89, NULL),
(131, 90, 90, NULL),
(133, 91, 91, NULL),
(135, 92, 92, NULL),
(137, 93, 93, NULL),
(139, 94, 94, NULL),
(141, 95, 95, NULL),
(143, 96, 96, NULL),
(145, 97, 97, NULL),
(147, 98, 98, NULL),
(149, 99, 99, NULL),
(151, 100, 100, NULL),
(153, 101, 101, NULL),
(155, 102, 102, NULL),
(157, 103, 103, NULL),
(159, 104, 104, NULL),
(161, 105, 105, NULL),
(163, 106, 106, NULL),
(165, 107, 107, NULL),
(167, 108, 108, NULL),
(169, 109, 109, NULL),
(171, 110, 110, NULL),
(173, 111, 111, NULL),
(175, 112, 112, NULL),
(177, 113, 113, NULL),
(179, 114, 114, NULL),
(181, 115, 115, NULL),
(183, 116, 116, NULL),
(185, 117, 117, NULL),
(187, 118, 118, NULL),
(189, 119, 119, NULL),
(191, 120, 120, NULL),
(193, 121, 121, NULL),
(195, 122, 122, NULL),
(197, 123, 123, NULL),
(199, 124, 124, NULL),
(203, 126, 126, NULL),
(205, 127, 127, NULL),
(217, 133, 133, NULL),
(219, 134, 134, NULL),
(221, 135, 135, NULL),
(223, 136, 136, NULL),
(225, 137, 137, NULL),
(227, 138, 138, NULL),
(229, 139, 139, NULL),
(231, 140, 140, NULL),
(233, 141, 141, NULL),
(235, 142, 142, NULL),
(237, 143, 143, NULL),
(239, 144, 144, NULL),
(241, 145, 145, NULL),
(243, 146, 146, NULL),
(245, 147, 147, NULL),
(247, 148, 148, NULL),
(249, 149, 149, NULL),
(251, 150, 150, NULL),
(253, 151, 151, NULL),
(255, 152, 152, NULL),
(257, 153, 153, NULL),
(259, 154, 154, NULL),
(261, 155, 155, NULL),
(263, 156, 156, NULL),
(265, 157, 157, NULL),
(267, 158, 158, NULL),
(269, 159, 159, NULL),
(271, 160, 160, NULL),
(273, 161, 161, NULL),
(275, 162, 162, NULL),
(277, 163, 163, NULL),
(279, 164, 164, NULL),
(281, 165, 165, NULL),
(283, 166, 166, NULL),
(285, 167, 167, NULL),
(287, 168, 168, NULL),
(289, 169, 169, NULL),
(291, 170, 170, NULL),
(293, 171, 171, NULL),
(295, 172, 172, NULL),
(297, 173, 173, NULL),
(299, 174, 174, NULL),
(301, 175, 175, NULL),
(303, 176, 176, NULL),
(305, 177, 177, NULL),
(307, 178, 178, NULL),
(309, 179, 179, NULL),
(311, 180, 180, NULL),
(313, 181, 181, NULL),
(315, 182, 182, NULL),
(317, 183, 183, NULL),
(319, 184, 184, NULL),
(321, 185, 185, NULL),
(323, 186, 186, NULL),
(325, 187, 187, NULL),
(327, 188, 188, NULL),
(329, 189, 189, NULL),
(331, 190, 190, NULL),
(334, 192, 192, NULL),
(336, 193, 193, NULL),
(338, 194, 194, NULL),
(340, 195, 195, NULL),
(342, 196, 196, NULL),
(344, 197, 197, NULL),
(346, 198, 198, NULL),
(348, 199, 199, NULL),
(350, 200, 200, NULL),
(352, 201, 201, NULL),
(354, 202, 202, NULL),
(356, 203, 203, NULL),
(358, 204, 204, NULL),
(360, 205, 205, NULL),
(362, 206, 206, NULL),
(364, 207, 207, NULL),
(366, 208, 208, NULL),
(368, 209, 209, NULL),
(370, 210, 210, NULL),
(372, 211, 211, NULL),
(374, 212, 212, NULL),
(376, 213, 213, NULL),
(378, 214, 214, NULL),
(380, 215, 215, NULL),
(382, 216, 216, NULL),
(384, 217, 217, NULL),
(386, 218, 218, NULL),
(388, 219, 219, NULL),
(390, 220, 220, NULL),
(392, 221, 221, NULL),
(394, 222, 222, NULL),
(396, 223, 223, NULL),
(398, 224, 224, NULL),
(400, 225, 225, NULL),
(402, 226, 226, NULL),
(404, 227, 227, NULL),
(406, 228, 228, NULL),
(408, 229, 229, NULL),
(410, 230, 230, NULL),
(412, 231, 231, NULL),
(414, 232, 232, NULL),
(416, 233, 233, NULL),
(418, 234, 234, NULL),
(420, 235, 235, NULL),
(422, 236, 236, NULL),
(426, 238, 238, NULL),
(428, 239, 239, NULL),
(430, 240, 240, NULL),
(432, 241, 241, NULL),
(434, 242, 242, NULL),
(436, 243, 243, NULL),
(438, 244, 244, NULL),
(440, 245, 245, NULL),
(442, 246, 246, NULL),
(444, 247, 247, NULL),
(446, 248, 248, NULL),
(448, 249, 249, NULL),
(450, 250, 250, NULL),
(452, 251, 251, NULL),
(454, 252, 252, NULL),
(456, 253, 253, NULL),
(458, 254, 254, NULL),
(460, 255, 255, NULL),
(462, 256, 256, NULL),
(464, 257, 207, NULL),
(466, 258, 257, NULL),
(468, 259, 258, NULL),
(470, 260, 259, NULL),
(472, 261, 260, NULL),
(474, 262, 261, NULL),
(476, 263, 262, NULL),
(478, 264, 263, NULL),
(480, 265, 264, NULL),
(482, 266, 265, NULL),
(484, 267, 266, NULL),
(486, 268, 267, NULL),
(487, 269, 268, NULL),
(488, 270, 269, NULL),
(489, 271, 270, NULL),
(490, 272, 271, NULL),
(491, 273, 272, NULL),
(492, 274, 273, NULL),
(493, 275, 274, NULL),
(494, 276, 275, NULL),
(495, 277, 276, NULL),
(496, 476, 280, NULL),
(497, 297, 281, NULL),
(498, 300, 282, NULL),
(499, 317, 283, NULL),
(500, 477, 284, NULL),
(501, 478, 285, NULL),
(502, 479, 286, NULL),
(503, 430, 287, NULL),
(504, 436, 288, NULL),
(505, 318, 289, NULL),
(506, 480, 290, NULL),
(507, 481, 291, NULL),
(508, 482, 292, NULL),
(509, 319, 293, NULL),
(510, 483, 294, NULL),
(511, 484, 295, NULL),
(512, 485, 296, NULL),
(513, 331, 297, NULL),
(514, 486, 298, NULL),
(515, 322, 299, NULL),
(516, 487, 300, NULL),
(517, 488, 301, NULL),
(518, 323, 302, NULL),
(519, 489, 303, NULL),
(520, 490, 304, NULL),
(521, 491, 305, NULL),
(522, 492, 306, NULL),
(523, 493, 307, NULL),
(524, 494, 308, NULL),
(525, 495, 309, NULL),
(526, 496, 310, NULL),
(527, 497, 311, NULL),
(528, 498, 312, NULL),
(529, 499, 313, NULL),
(530, 500, 314, NULL),
(531, 501, 315, NULL),
(532, 502, 316, NULL),
(533, 503, 317, NULL),
(534, 504, 318, NULL),
(535, 505, 319, NULL),
(536, 506, 320, NULL),
(537, 507, 321, NULL),
(538, 508, 322, NULL),
(539, 509, 323, NULL),
(540, 510, 324, NULL),
(541, 511, 325, NULL),
(542, 512, 326, NULL),
(543, 513, 327, NULL),
(544, 514, 328, NULL),
(545, 321, 329, NULL),
(546, 515, 330, NULL),
(547, 516, 331, NULL),
(548, 437, 332, NULL),
(549, 517, 333, NULL),
(550, 438, 334, NULL),
(551, 287, 335, NULL),
(552, 518, 336, NULL),
(553, 302, 337, NULL),
(554, 519, 338, NULL),
(555, 520, 339, NULL),
(556, 332, 340, NULL),
(557, 521, 341, NULL),
(558, 522, 342, NULL),
(559, 634, 343, NULL),
(560, 635, 344, NULL),
(561, 636, 345, NULL),
(562, 637, 346, NULL),
(563, 638, 347, NULL),
(564, 639, 348, NULL),
(565, 640, 349, NULL),
(566, 641, 350, NULL),
(567, 284, 351, NULL),
(568, 396, 352, NULL),
(569, 434, 353, NULL),
(570, 395, 354, NULL),
(571, 397, 355, NULL),
(572, 435, 356, NULL),
(573, 394, 357, NULL),
(574, 642, 358, NULL),
(575, 643, 359, NULL),
(576, 644, 360, NULL),
(577, 645, 361, NULL),
(578, 646, 362, NULL),
(579, 647, 363, NULL),
(580, 648, 364, NULL),
(581, 649, 365, NULL),
(582, 650, 366, NULL),
(583, 651, 367, NULL),
(584, 652, 368, NULL),
(585, 653, 369, NULL),
(586, 654, 370, NULL),
(587, 655, 371, NULL),
(588, 656, 372, NULL),
(589, 657, 373, NULL),
(590, 334, 374, NULL),
(591, 658, 375, NULL),
(592, 659, 376, NULL),
(593, 660, 377, NULL),
(594, 661, 378, NULL),
(595, 333, 379, NULL),
(596, 662, 380, NULL),
(597, 663, 381, NULL),
(598, 664, 382, NULL),
(599, 665, 383, NULL),
(600, 666, 384, NULL),
(601, 667, 385, NULL),
(602, 668, 386, NULL),
(603, 342, 387, NULL),
(604, 669, 388, NULL),
(605, 670, 389, NULL),
(606, 341, 390, NULL),
(607, 671, 391, NULL),
(608, 672, 392, NULL),
(609, 336, 393, NULL),
(610, 673, 394, NULL),
(611, 674, 395, NULL),
(612, 675, 396, NULL),
(613, 676, 397, NULL),
(614, 677, 398, NULL),
(615, 678, 399, NULL),
(616, 679, 400, NULL),
(617, 680, 401, NULL),
(618, 681, 402, NULL),
(619, 682, 403, NULL),
(620, 439, 404, '2009-10-06'),
(621, 285, 405, '2009-10-06'),
(622, 304, 406, '2009-10-06'),
(623, 305, 407, '2009-10-06'),
(624, 306, 408, '2009-10-06'),
(625, 307, 409, '2009-10-06'),
(626, 308, 410, '2009-10-06'),
(627, 309, 411, '2009-10-06'),
(628, 286, 412, '2009-10-06'),
(629, 312, 413, '2009-10-06'),
(630, 313, 414, '2009-10-06'),
(631, 314, 415, '2009-10-06'),
(632, 315, 416, '2009-10-06'),
(633, 291, 417, '2009-10-06'),
(634, 398, 418, '2009-10-06'),
(635, 399, 419, '2009-10-06'),
(636, 400, 420, '2009-10-06'),
(637, 401, 421, '2009-10-06'),
(638, 402, 422, '2009-10-06'),
(639, 403, 423, '2009-10-06'),
(640, 404, 424, '2009-10-06'),
(641, 405, 425, '2009-10-06'),
(642, 406, 426, '2009-10-06'),
(643, 407, 427, '2009-10-06'),
(644, 408, 428, '2009-10-06'),
(645, 409, 429, '2009-10-06'),
(646, 290, 430, '2009-10-06'),
(647, 360, 431, '2009-10-06'),
(648, 289, 432, '2009-10-06'),
(649, 358, 433, '2009-10-06'),
(650, 320, 434, '2009-10-06'),
(651, 292, 435, '2009-10-06'),
(652, 293, 436, '2009-10-06'),
(653, 294, 437, '2009-10-06'),
(654, 295, 438, '2009-10-06'),
(655, 296, 439, '2009-10-06'),
(656, 432, 440, '2009-10-06'),
(657, 431, 441, '2009-10-06'),
(658, 523, 442, '2009-10-06'),
(659, 524, 443, '2009-10-06'),
(660, 525, 444, '2009-10-06'),
(661, 526, 445, '2009-10-06'),
(662, 527, 446, '2009-10-06'),
(663, 528, 447, '2009-10-06'),
(664, 529, 448, '2009-10-06'),
(665, 536, 449, '2009-10-06'),
(666, 537, 450, '2009-10-06'),
(667, 538, 451, '2009-10-06'),
(668, 539, 452, '2009-10-06'),
(669, 540, 453, '2009-10-06'),
(670, 541, 454, '2009-10-06'),
(671, 542, 455, '2009-10-06'),
(672, 543, 456, '2009-10-06'),
(673, 544, 457, '2009-10-06'),
(674, 545, 458, '2009-10-06'),
(675, 546, 459, '2009-10-06'),
(676, 547, 460, '2009-10-06'),
(677, 548, 461, '2009-10-06'),
(678, 549, 462, '2009-10-06'),
(679, 550, 463, '2009-10-06'),
(680, 592, 464, '2009-10-06'),
(681, 593, 465, '2009-10-06'),
(682, 594, 466, '2009-10-06'),
(683, 595, 467, '2009-10-06'),
(684, 596, 468, '2009-10-06'),
(685, 597, 469, '2009-10-06'),
(686, 324, 470, '2009-10-06'),
(687, 325, 471, '2009-10-06'),
(688, 326, 472, '2009-10-06'),
(689, 327, 473, '2009-10-06'),
(690, 288, 474, '2009-10-06'),
(691, 410, 475, '2009-10-06'),
(692, 411, 476, '2009-10-06'),
(693, 412, 477, '2009-10-06'),
(694, 413, 478, '2009-10-06'),
(695, 328, 479, '2009-10-06'),
(696, 329, 480, '2009-10-06'),
(697, 330, 481, '2009-10-06'),
(698, 343, 482, '2009-10-06'),
(699, 344, 483, '2009-10-06'),
(700, 345, 484, '2009-10-06'),
(701, 346, 485, '2009-10-06'),
(702, 414, 486, '2009-10-06'),
(703, 347, 487, '2009-10-06'),
(704, 348, 488, '2009-10-06'),
(705, 415, 489, '2009-10-06'),
(706, 416, 490, '2009-10-06'),
(707, 349, 491, '2009-10-06'),
(708, 598, 492, '2009-10-06'),
(709, 599, 493, '2009-10-06'),
(710, 600, 494, '2009-10-06'),
(711, 601, 495, '2009-10-06'),
(712, 303, 496, '2009-10-06'),
(713, 298, 497, '2009-10-06'),
(714, 299, 498, '2009-10-06'),
(715, 447, 499, '2009-10-06'),
(716, 446, 500, '2009-10-06'),
(717, 448, 501, '2009-10-06'),
(718, 551, 502, '2009-10-06'),
(719, 552, 503, '2009-10-06'),
(720, 553, 504, '2009-10-06'),
(721, 554, 505, '2009-10-06'),
(722, 555, 506, '2009-10-06'),
(723, 556, 507, '2009-10-06'),
(724, 557, 508, '2009-10-06'),
(725, 558, 509, '2009-10-06'),
(726, 559, 510, '2009-10-06'),
(727, 560, 511, '2009-10-06'),
(728, 561, 512, '2009-10-06'),
(729, 562, 513, '2009-10-06'),
(730, 563, 514, '2009-10-06'),
(731, 564, 515, '2009-10-06'),
(732, 565, 516, '2009-10-06'),
(733, 566, 517, '2009-10-06'),
(734, 567, 518, '2009-10-06'),
(735, 568, 519, '2009-10-06'),
(736, 569, 520, '2009-10-06'),
(737, 570, 521, '2009-10-06'),
(738, 571, 522, '2009-10-06'),
(739, 572, 523, '2009-10-06'),
(740, 573, 524, '2009-10-06'),
(741, 574, 525, '2009-10-06'),
(742, 575, 526, '2009-10-06'),
(743, 576, 527, '2009-10-06'),
(744, 577, 528, '2009-10-06'),
(745, 578, 529, '2009-10-06'),
(746, 579, 530, '2009-10-06'),
(747, 580, 531, '2009-10-06'),
(748, 581, 532, '2009-10-06'),
(749, 582, 533, '2009-10-06'),
(750, 602, 534, '2009-10-06'),
(751, 603, 535, '2009-10-06'),
(752, 604, 536, '2009-10-06'),
(753, 605, 537, '2009-10-06'),
(754, 606, 538, '2009-10-06'),
(755, 607, 539, '2009-10-06'),
(756, 608, 540, '2009-10-06'),
(757, 609, 541, '2009-10-06'),
(758, 610, 542, '2009-10-06'),
(759, 611, 543, '2009-10-06'),
(760, 612, 544, '2009-10-06'),
(761, 613, 545, '2009-10-06'),
(762, 614, 546, '2009-10-06'),
(763, 615, 547, '2009-10-06'),
(764, 616, 548, '2009-10-06'),
(765, 617, 549, '2009-10-06'),
(766, 456, 550, '2009-10-06'),
(767, 449, 551, '2009-10-06'),
(768, 452, 552, '2009-10-06'),
(769, 454, 553, '2009-10-06'),
(770, 455, 554, '2009-10-06'),
(771, 417, 555, '2009-10-06'),
(772, 350, 556, '2009-10-06'),
(773, 418, 557, '2009-10-06'),
(774, 419, 558, '2009-10-06'),
(775, 351, 559, '2009-10-06'),
(776, 352, 560, '2009-10-06'),
(777, 335, 561, '2009-10-06'),
(778, 420, 562, '2009-10-06'),
(779, 353, 563, '2009-10-06'),
(780, 421, 564, '2009-10-06'),
(781, 422, 565, '2009-10-06'),
(782, 337, 566, '2009-10-06'),
(783, 354, 567, '2009-10-06'),
(784, 301, 568, '2009-10-06'),
(785, 423, 569, '2009-10-06'),
(786, 338, 570, '2009-10-06'),
(787, 310, 571, '2009-10-06'),
(788, 424, 572, '2009-10-06'),
(789, 425, 573, '2009-10-06'),
(790, 311, 574, '2009-10-06'),
(791, 316, 575, '2009-10-06'),
(792, 339, 576, '2009-10-06'),
(793, 359, 577, '2009-10-06'),
(794, 361, 578, '2009-10-06'),
(795, 426, 579, '2009-10-06'),
(796, 427, 580, '2009-10-06'),
(797, 340, 581, '2009-10-06'),
(798, 355, 582, '2009-10-06'),
(799, 356, 583, '2009-10-06'),
(800, 428, 584, '2009-10-06'),
(801, 429, 585, '2009-10-06'),
(802, 357, 586, '2009-10-06'),
(803, 583, 587, '2009-10-06'),
(804, 584, 588, '2009-10-06'),
(805, 585, 589, '2009-10-06'),
(806, 586, 590, '2009-10-06'),
(807, 587, 591, '2009-10-06'),
(808, 588, 592, '2009-10-06'),
(809, 589, 593, '2009-10-06'),
(810, 590, 594, '2009-10-06'),
(811, 591, 595, '2009-10-06'),
(812, 618, 596, '2009-10-06'),
(813, 619, 597, '2009-10-06'),
(814, 620, 598, '2009-10-06'),
(815, 621, 599, '2009-10-06'),
(816, 622, 600, '2009-10-06'),
(817, 623, 601, '2009-10-06'),
(818, 624, 602, '2009-10-06'),
(819, 625, 603, '2009-10-06'),
(820, 626, 604, '2009-10-06'),
(821, 530, 605, '2009-10-06'),
(822, 531, 606, '2009-10-06'),
(823, 532, 607, '2009-10-06'),
(824, 533, 608, '2009-10-06'),
(825, 534, 609, '2009-10-06'),
(826, 535, 610, '2009-10-06'),
(827, 451, 611, '2009-10-06'),
(828, 450, 612, '2009-10-06'),
(829, 453, 613, '2009-10-06'),
(830, 282, 614, '2009-10-06'),
(831, 207, 615, '2009-10-06'),
(832, 466, 616, '2009-10-06'),
(833, 467, 617, '2009-10-06'),
(834, 468, 618, '2009-10-06'),
(835, 472, 619, '2009-10-06'),
(836, 473, 620, '2009-10-06'),
(837, 474, 621, '2009-10-06'),
(838, 475, 622, '2009-10-06'),
(839, 469, 623, '2009-10-06'),
(840, 470, 624, '2009-10-06'),
(841, 471, 625, '2009-10-06'),
(842, 433, 626, '2009-10-06'),
(843, 362, 627, '2009-10-06'),
(844, 363, 628, '2009-10-06'),
(845, 364, 629, '2009-10-06'),
(846, 365, 630, '2009-10-06'),
(847, 366, 631, '2009-10-06'),
(848, 367, 632, '2009-10-06'),
(849, 368, 633, '2009-10-06'),
(850, 369, 634, '2009-10-06'),
(851, 370, 635, '2009-10-06'),
(852, 371, 636, '2009-10-06'),
(853, 372, 637, '2009-10-06'),
(854, 374, 638, '2009-10-06'),
(855, 379, 639, '2009-10-06'),
(856, 381, 640, '2009-10-06'),
(857, 384, 641, '2009-10-06'),
(858, 375, 642, '2009-10-06'),
(859, 376, 643, '2009-10-06'),
(860, 377, 644, '2009-10-06'),
(861, 373, 645, '2009-10-06'),
(862, 385, 646, '2009-10-06'),
(863, 386, 647, '2009-10-06'),
(864, 382, 648, '2009-10-06'),
(865, 389, 649, '2009-10-06'),
(866, 390, 650, '2009-10-06'),
(867, 391, 651, '2009-10-06'),
(869, 393, 653, '2009-10-06'),
(870, 627, 654, '2009-10-06'),
(871, 628, 655, '2009-10-06'),
(872, 629, 656, '2009-10-06'),
(873, 630, 657, '2009-10-06'),
(874, 631, 658, '2009-10-06'),
(875, 632, 659, '2009-10-06'),
(876, 462, 660, '2009-10-06'),
(877, 461, 661, '2009-10-06'),
(878, 383, 662, '2009-10-06'),
(879, 380, 663, '2009-10-06'),
(880, 387, 664, '2009-10-06'),
(881, 378, 665, '2009-10-06'),
(882, 463, 666, '2009-10-06'),
(883, 457, 667, '2009-10-06'),
(884, 458, 668, '2009-10-06'),
(885, 459, 669, '2009-10-06'),
(886, 460, 670, '2009-10-06'),
(887, 464, 671, '2009-10-06'),
(888, 465, 672, '2009-10-06'),
(889, 388, 673, '2009-10-06'),
(890, 281, 674, '2009-10-06'),
(891, 283, 675, '2009-10-06'),
(892, 440, 676, '2009-10-06'),
(894, 442, 678, '2009-10-06'),
(896, 444, 680, '2009-10-06'),
(898, 683, 682, '2009-10-07'),
(899, 684, 683, '2009-10-07'),
(900, 685, 684, '2009-10-07'),
(901, 686, 685, '2009-10-07'),
(902, 687, 686, '2009-10-07'),
(903, 688, 687, '2009-10-07'),
(904, 689, 688, '2009-10-07'),
(905, 278, 277, '2009-10-07'),
(906, 279, 278, '2009-10-07'),
(907, 280, 279, '2009-10-07'),
(908, 690, 689, '2009-10-07'),
(909, 691, 690, '2009-10-07'),
(910, 692, 691, '2009-10-07'),
(911, 693, 692, '2009-10-07'),
(912, 694, 693, '2009-10-07'),
(913, 695, 694, '2009-10-07'),
(914, 696, 695, '2009-10-07'),
(915, 697, 696, '2009-10-07'),
(916, 698, 697, '2009-10-10'),
(917, 699, 698, '2009-10-10'),
(918, 700, 699, '2009-10-10'),
(919, 701, 700, '2009-10-10'),
(920, 702, 701, '2009-10-10'),
(921, 703, 702, '2009-10-12'),
(922, 704, 703, '2009-10-12'),
(923, 705, 704, '2009-10-12'),
(924, 706, 705, '2009-10-12'),
(925, 707, 706, '2009-10-12'),
(926, 708, 707, '2009-10-12'),
(927, 709, 708, '2009-10-12'),
(928, 710, 709, '2009-10-12'),
(929, 711, 710, '2009-10-12'),
(930, 712, 711, '2009-10-12'),
(931, 713, 712, '2009-10-12'),
(932, 714, 713, '2009-10-12'),
(933, 715, 714, '2009-10-12'),
(934, 716, 715, '2009-10-12'),
(935, 717, 716, '2009-10-12'),
(936, 718, 717, '2009-10-12'),
(937, 719, 718, '2009-10-12'),
(938, 720, 719, '2009-10-12'),
(939, 721, 720, '2009-10-12'),
(940, 722, 721, '2009-10-12'),
(941, 723, 722, '2009-10-12'),
(942, 724, 723, '2009-10-12'),
(943, 725, 724, '2009-10-14'),
(944, 726, 725, '2009-10-14'),
(945, 727, 726, '2009-10-14'),
(946, 728, 727, '2009-10-14'),
(947, 729, 728, '2009-10-14'),
(948, 730, 729, '2009-10-14'),
(949, 731, 730, '2009-10-14'),
(950, 732, 731, '2009-10-14'),
(951, 733, 732, '2009-10-14'),
(952, 734, 733, '2009-10-14'),
(953, 735, 734, '2009-10-14'),
(954, 736, 735, '2009-10-14'),
(955, 737, 736, '2009-10-14'),
(956, 738, 737, '2009-10-14'),
(957, 739, 738, '2009-10-15'),
(958, 740, 739, '2009-10-15'),
(959, 741, 740, '2009-10-15'),
(960, 742, 741, '2009-10-15'),
(961, 743, 742, '2009-10-15'),
(962, 744, 743, '2009-10-15'),
(963, 745, 744, '2009-10-15'),
(964, 746, 745, '2009-10-15'),
(965, 747, 746, '2009-10-15'),
(966, 748, 747, '2009-10-15'),
(967, 749, 748, '2009-10-15'),
(968, 750, 749, '2009-10-15'),
(969, 751, 750, '2009-10-15'),
(970, 752, 751, '2009-10-15'),
(971, 753, 752, '2009-10-15'),
(972, 754, 753, '2009-10-15'),
(973, 755, 754, '2009-10-15'),
(974, 756, 755, '2009-10-15'),
(975, 757, 756, '2009-10-15'),
(976, 758, 757, '2009-10-15'),
(977, 759, 758, '2009-10-15'),
(978, 760, 759, '2009-10-15'),
(979, 761, 760, '2009-10-15'),
(980, 762, 761, '2009-10-15'),
(981, 763, 762, '2009-10-15'),
(982, 764, 763, '2009-10-15'),
(983, 765, 764, '2009-10-15'),
(984, 766, 765, '2009-10-15'),
(985, 767, 766, '2009-10-15'),
(986, 768, 767, '2009-10-15'),
(987, 769, 768, '2009-10-15'),
(988, 770, 769, '2009-10-15'),
(989, 771, 770, '2009-10-15'),
(990, 772, 771, '2009-10-15'),
(991, 773, 772, '2009-10-15'),
(992, 774, 773, '2009-10-15'),
(993, 775, 774, '2009-10-15'),
(994, 776, 775, '2009-10-15'),
(995, 777, 776, '2009-10-15'),
(996, 778, 777, '2009-10-15'),
(997, 779, 778, '2009-10-15'),
(998, 780, 779, '2009-10-15'),
(999, 781, 780, '2009-10-15'),
(1000, 782, 781, '2009-10-15'),
(1001, 783, 782, '2009-10-15'),
(1002, 784, 783, '2009-10-15'),
(1003, 785, 784, '2009-10-15'),
(1004, 786, 785, '2009-10-15'),
(1005, 787, 786, '2009-10-15'),
(1006, 788, 787, '2009-10-15'),
(1007, 789, 788, '2009-10-15'),
(1008, 790, 789, '2009-10-15'),
(1009, 791, 790, '2009-10-15'),
(1010, 792, 791, '2009-10-15'),
(1011, 793, 792, '2009-10-15'),
(1012, 794, 793, '2009-10-15'),
(1013, 795, 794, '2009-10-15'),
(1014, 796, 795, '2009-10-15'),
(1015, 797, 796, '2009-10-15'),
(1016, 798, 797, '2009-10-15'),
(1017, 799, 798, '2009-10-15'),
(1018, 800, 799, '2009-10-15'),
(1019, 801, 800, '2009-10-15'),
(1020, 802, 801, '2009-10-15'),
(1021, 803, 802, '2009-10-15'),
(1022, 804, 803, '2009-10-15'),
(1023, 805, 804, '2009-10-15'),
(1024, 806, 805, '2009-10-15'),
(1025, 807, 806, '2009-10-15'),
(1026, 808, 807, '2009-10-15'),
(1027, 809, 808, '2009-10-15'),
(1028, 810, 809, '2009-10-15'),
(1029, 811, 810, '2009-10-15'),
(1030, 812, 811, '2009-10-15'),
(1031, 813, 812, '2009-10-15'),
(1032, 814, 813, '2009-10-15'),
(1033, 815, 814, '2009-10-15'),
(1034, 816, 815, '2009-10-15'),
(1035, 817, 816, '2009-10-15'),
(1036, 818, 817, '2009-10-15'),
(1037, 819, 818, '2009-10-15'),
(1038, 820, 819, '2009-10-15'),
(1039, 821, 820, '2009-10-15'),
(1040, 822, 821, '2009-10-15'),
(1041, 823, 822, '2009-10-15'),
(1042, 824, 823, '2009-10-15'),
(1043, 825, 824, '2009-10-15'),
(1044, 826, 825, '2009-10-15'),
(1045, 827, 826, '2009-10-15'),
(1046, 828, 827, '2009-10-15'),
(1047, 829, 828, '2009-10-15'),
(1048, 830, 829, '2009-10-15'),
(1049, 831, 830, '2009-10-15'),
(1050, 832, 831, '2009-10-15'),
(1051, 833, 832, '2009-10-15'),
(1052, 834, 833, '2009-10-15'),
(1053, 835, 834, '2009-10-15'),
(1054, 836, 835, '2009-10-15'),
(1055, 837, 836, '2009-10-15'),
(1056, 838, 837, '2009-10-15'),
(1057, 839, 838, '2009-10-15'),
(1058, 840, 839, '2009-10-15'),
(1059, 841, 840, '0000-00-00'),
(1060, 842, 841, '0000-00-00'),
(1061, 843, 842, '0000-00-00'),
(1062, 844, 843, '0000-00-00'),
(1063, 845, 844, '0000-00-00'),
(1064, 846, 845, '2009-10-16'),
(1065, 847, 846, '2009-10-16'),
(1066, 848, 847, '2009-10-16'),
(1067, 849, 848, '2009-10-16'),
(1068, 850, 849, '2009-10-16'),
(1069, 851, 850, '2009-10-16'),
(1070, 852, 851, '2009-10-16'),
(1071, 853, 852, '2009-10-16'),
(1072, 854, 853, '2009-10-16'),
(1073, 855, 854, '2009-10-16'),
(1074, 856, 855, '2009-10-16'),
(1075, 857, 856, '2009-10-16'),
(1076, 858, 857, '2009-10-16'),
(1077, 859, 858, '2009-10-16'),
(1078, 860, 859, '2009-10-16'),
(1079, 861, 860, '2009-10-16'),
(1080, 862, 861, '2009-10-16'),
(1081, 863, 862, '2009-10-16'),
(1082, 864, 863, '2009-10-16'),
(1083, 865, 864, '2009-10-16'),
(1084, 866, 865, '2009-10-16'),
(1085, 867, 866, '2009-10-16'),
(1086, 868, 867, '2009-10-16'),
(1087, 869, 868, '2009-10-16'),
(1088, 870, 869, '2009-10-16'),
(1089, 871, 870, '2009-10-16'),
(1090, 872, 871, '2009-10-16'),
(1091, 873, 872, '2009-10-16'),
(1092, 874, 873, '2009-10-16'),
(1093, 875, 874, '2009-10-16'),
(1094, 876, 875, '2009-10-16'),
(1095, 877, 876, '2009-10-16'),
(1096, 878, 877, '2009-10-16'),
(1097, 879, 878, '2009-10-16'),
(1098, 880, 879, '2009-10-16'),
(1099, 881, 880, '2009-10-16'),
(1100, 882, 881, '2009-10-16'),
(1101, 883, 882, '2009-10-16'),
(1102, 884, 883, '2009-10-16'),
(1103, 885, 884, '2009-10-16'),
(1104, 886, 885, '2009-10-16'),
(1105, 887, 886, '2009-10-16'),
(1106, 888, 887, '2009-10-16'),
(1107, 889, 888, '2009-10-16'),
(1108, 890, 889, '2009-10-16'),
(1109, 891, 890, '2009-10-16'),
(1110, 892, 891, '2009-10-19'),
(1111, 893, 892, '2009-10-19'),
(1112, 894, 893, '2009-10-19'),
(1113, 895, 894, '2009-10-19'),
(1114, 896, 895, '2009-10-19'),
(1115, 897, 896, '2009-10-19'),
(1116, 898, 897, '2009-10-19'),
(1117, 899, 898, '2009-10-19'),
(1118, 900, 899, '2009-10-19'),
(1119, 901, 900, '2009-10-19'),
(1120, 902, 901, '2009-10-19'),
(1121, 903, 902, '2009-10-19'),
(1122, 904, 903, '2009-10-19'),
(1123, 905, 904, '2009-10-19'),
(1124, 906, 905, '2009-10-19'),
(1125, 907, 906, '2009-10-19'),
(1126, 908, 907, '2009-10-19'),
(1127, 909, 908, '2009-10-19'),
(1128, 910, 909, '2009-10-19'),
(1129, 911, 910, '2009-10-19'),
(1130, 912, 911, '2009-10-19'),
(1131, 913, 912, '2009-10-19'),
(1132, 914, 913, '2009-10-19'),
(1133, 915, 914, '2009-10-19'),
(1134, 916, 915, '2009-10-19'),
(1135, 917, 916, '2009-10-19'),
(1136, 918, 917, '2009-10-19'),
(1137, 919, 918, '2009-10-19'),
(1138, 920, 919, '2009-10-19'),
(1139, 921, 920, '2009-10-19'),
(1140, 922, 921, '2009-10-19'),
(1141, 923, 922, '2009-10-19'),
(1142, 924, 923, '2009-10-19'),
(1143, 925, 924, '2009-10-19'),
(1144, 926, 925, '2009-10-19'),
(1145, 927, 926, '2009-10-19'),
(1146, 928, 927, '2009-10-19'),
(1147, 929, 928, '2009-10-19'),
(1148, 930, 929, '2009-10-19'),
(1149, 931, 930, '2009-10-19'),
(1150, 932, 931, '2009-10-19'),
(1151, 933, 932, '2009-10-19'),
(1152, 934, 933, '2009-10-19'),
(1153, 935, 934, '2009-10-19'),
(1154, 936, 935, '2009-10-19'),
(1155, 937, 936, '2009-11-03'),
(1156, 938, 937, '2009-11-03'),
(1157, 939, 938, '2009-11-03'),
(1158, 940, 939, '2009-11-03'),
(1159, 941, 940, '2009-11-03'),
(1160, 942, 941, '2009-11-03'),
(1161, 943, 942, '2009-11-03'),
(1162, 944, 943, '2009-11-03'),
(1163, 945, 944, '2009-11-03'),
(1164, 946, 945, '2009-11-03'),
(1165, 947, 946, '2009-11-03'),
(1166, 948, 947, '2009-11-03'),
(1167, 949, 948, '2009-11-03'),
(1168, 950, 949, '2009-11-03'),
(1169, 951, 950, '2009-11-03'),
(1170, 952, 951, '2009-11-03'),
(1171, 953, 952, '2009-11-03'),
(1172, 954, 953, '2009-11-03'),
(1173, 955, 954, '2009-11-03'),
(1174, 956, 955, '2009-11-03'),
(1175, 957, 956, '2009-11-03');

--
-- Table structure for table `csm_protection_element`
--

CREATE TABLE IF NOT EXISTS `csm_protection_element1` (
  `protection_element_id` bigint(20) NOT NULL auto_increment,
  `protection_element_name` varchar(100) NOT NULL,
  `protection_element_description` varchar(200) default NULL,
  `object_id` varchar(100) NOT NULL,
  `attribute` varchar(100) default NULL,
  `application_id` bigint(20) NOT NULL,
  `update_date` date NOT NULL,
  `protection_element_type` varchar(100) default NULL,
  `attribute_value` varchar(100) default NULL,
  PRIMARY KEY  (`protection_element_id`),
  UNIQUE KEY `uq_pe_pe_name_attribute_app_id` (`object_id`,`attribute`,`application_id`),
  UNIQUE KEY `uq_pe_pe_name_attribute_value_app_id` (`object_id`,`attribute`,`attribute_value`,`application_id`),
  KEY `idx_application_id` (`application_id`)
) ENGINE=InnoDB DEFAULT CHARSET=latin1 AUTO_INCREMENT=957 ;

--
-- Dumping data for table `csm_protection_element`
--

INSERT INTO `csm_protection_element1` (`protection_element_id`, `protection_element_name`, `protection_element_description`, `object_id`, `attribute`, `application_id`, `update_date`, `protection_element_type`, `attribute_value`) VALUES
(1, 'csmupt', 'cancer Nanotechnology Laboratory Analysis Bench UPT', 'csmupt', NULL, 1, '2006-05-19', NULL, NULL),
(2, 'caNanoLab', 'cancer Nanotechnology Laboratory Analysis Bench', 'caNanoLab', NULL, 1, '2006-05-19', NULL, NULL),
(51, '1081344', NULL, '1081344', NULL, 2, '2006-12-08', NULL, NULL),
(52, 'NCL-20-1', NULL, 'NCL-20-1', NULL, 2, '2006-12-11', NULL, NULL),
(53, '1540096', NULL, '1540096', NULL, 2, '2006-12-11', NULL, NULL),
(54, '1540097', NULL, '1540097', NULL, 2, '2006-12-11', NULL, NULL),
(55, '1540099', NULL, '1540099', NULL, 2, '2006-12-11', NULL, NULL),
(56, '1540100', NULL, '1540100', NULL, 2, '2006-12-11', NULL, NULL),
(57, '1474564', NULL, '1474564', NULL, 2, '2006-12-11', NULL, NULL),
(58, 'NCL-21-1', NULL, 'NCL-21-1', NULL, 2, '2006-12-11', NULL, NULL),
(59, '1540105', NULL, '1540105', NULL, 2, '2006-12-11', NULL, NULL),
(60, 'NCL-22-1', NULL, 'NCL-22-1', NULL, 2, '2006-12-11', NULL, NULL),
(61, '1540111', NULL, '1540111', NULL, 2, '2006-12-11', NULL, NULL),
(62, '1540115', NULL, '1540115', NULL, 2, '2006-12-11', NULL, NULL),
(63, '1540117', NULL, '1540117', NULL, 2, '2006-12-11', NULL, NULL),
(64, '1474569', NULL, '1474569', NULL, 2, '2006-12-11', NULL, NULL),
(65, 'NCL-26-1', NULL, 'NCL-26-1', NULL, 2, '2006-12-11', NULL, NULL),
(66, 'NCL-25-1', NULL, 'NCL-25-1', NULL, 2, '2006-12-11', NULL, NULL),
(67, 'NCL-23-1', NULL, 'NCL-23-1', NULL, 2, '2006-12-11', NULL, NULL),
(68, '1540118', NULL, '1540118', NULL, 2, '2006-12-11', NULL, NULL),
(69, '1540119', NULL, '1540119', NULL, 2, '2006-12-11', NULL, NULL),
(70, '1540120', NULL, '1540120', NULL, 2, '2006-12-11', NULL, NULL),
(71, '1540121', NULL, '1540121', NULL, 2, '2006-12-11', NULL, NULL),
(72, '1474574', NULL, '1474574', NULL, 2, '2006-12-11', NULL, NULL),
(73, '1802240', NULL, '1802240', NULL, 2, '2006-12-11', NULL, NULL),
(74, '1802241', NULL, '1802241', NULL, 2, '2006-12-11', NULL, NULL),
(75, '1900544', NULL, '1900544', NULL, 2, '2006-12-11', NULL, NULL),
(76, '1802243', NULL, '1802243', NULL, 2, '2006-12-11', NULL, NULL),
(77, '1802244', NULL, '1802244', NULL, 2, '2006-12-11', NULL, NULL),
(78, '1802245', NULL, '1802245', NULL, 2, '2006-12-11', NULL, NULL),
(79, '1802246', NULL, '1802246', NULL, 2, '2006-12-11', NULL, NULL),
(80, '1900545', NULL, '1900545', NULL, 2, '2006-12-11', NULL, NULL),
(81, '1900546', NULL, '1900546', NULL, 2, '2006-12-11', NULL, NULL),
(82, '1900547', NULL, '1900547', NULL, 2, '2006-12-11', NULL, NULL),
(83, '1900548', NULL, '1900548', NULL, 2, '2006-12-11', NULL, NULL),
(84, '1900549', NULL, '1900549', NULL, 2, '2006-12-11', NULL, NULL),
(85, 'NCL-24-1', NULL, 'NCL-24-1', NULL, 2, '2006-12-11', NULL, NULL),
(86, '1900550', NULL, '1900550', NULL, 2, '2006-12-11', NULL, NULL),
(87, '1900551', NULL, '1900551', NULL, 2, '2006-12-11', NULL, NULL),
(88, '1900552', NULL, '1900552', NULL, 2, '2006-12-11', NULL, NULL),
(89, '1900554', NULL, '1900554', NULL, 2, '2006-12-11', NULL, NULL),
(90, '1900555', NULL, '1900555', NULL, 2, '2006-12-11', NULL, NULL),
(91, '1900556', NULL, '1900556', NULL, 2, '2006-12-11', NULL, NULL),
(92, '1802258', NULL, '1802258', NULL, 2, '2006-12-11', NULL, NULL),
(93, '1900557', NULL, '1900557', NULL, 2, '2006-12-11', NULL, NULL),
(94, '1802260', NULL, '1802260', NULL, 2, '2006-12-11', NULL, NULL),
(95, '1802261', NULL, '1802261', NULL, 2, '2006-12-11', NULL, NULL),
(96, '1900558', NULL, '1900558', NULL, 2, '2006-12-11', NULL, NULL),
(97, '1802263', NULL, '1802263', NULL, 2, '2006-12-11', NULL, NULL),
(98, '1900559', NULL, '1900559', NULL, 2, '2006-12-11', NULL, NULL),
(99, '1802265', NULL, '1802265', NULL, 2, '2006-12-11', NULL, NULL),
(100, '1900561', NULL, '1900561', NULL, 2, '2006-12-11', NULL, NULL),
(101, '1900562', NULL, '1900562', NULL, 2, '2006-12-11', NULL, NULL),
(102, '1900563', NULL, '1900563', NULL, 2, '2006-12-11', NULL, NULL),
(103, '1900564', NULL, '1900564', NULL, 2, '2006-12-11', NULL, NULL),
(104, '1900565', NULL, '1900565', NULL, 2, '2006-12-11', NULL, NULL),
(105, '1900566', NULL, '1900566', NULL, 2, '2006-12-11', NULL, NULL),
(106, '1900567', NULL, '1900567', NULL, 2, '2006-12-11', NULL, NULL),
(107, '1900568', NULL, '1900568', NULL, 2, '2006-12-11', NULL, NULL),
(108, '1900569', NULL, '1900569', NULL, 2, '2006-12-11', NULL, NULL),
(109, '2457600', NULL, '2457600', NULL, 2, '2006-12-13', NULL, NULL),
(110, '2457601', NULL, '2457601', NULL, 2, '2006-12-13', NULL, NULL),
(111, '2457602', NULL, '2457602', NULL, 2, '2006-12-13', NULL, NULL),
(112, '2457603', NULL, '2457603', NULL, 2, '2006-12-13', NULL, NULL),
(113, '2457604', NULL, '2457604', NULL, 2, '2006-12-13', NULL, NULL),
(114, '2293765', NULL, '2293765', NULL, 2, '2006-12-13', NULL, NULL),
(115, '2457605', NULL, '2457605', NULL, 2, '2006-12-13', NULL, NULL),
(116, '2457606', NULL, '2457606', NULL, 2, '2006-12-13', NULL, NULL),
(117, '2457607', NULL, '2457607', NULL, 2, '2006-12-13', NULL, NULL),
(118, '2457608', NULL, '2457608', NULL, 2, '2006-12-13', NULL, NULL),
(119, '2457609', NULL, '2457609', NULL, 2, '2006-12-13', NULL, NULL),
(120, '2457610', NULL, '2457610', NULL, 2, '2006-12-13', NULL, NULL),
(121, '2457611', NULL, '2457611', NULL, 2, '2006-12-13', NULL, NULL),
(122, '2457612', NULL, '2457612', NULL, 2, '2006-12-13', NULL, NULL),
(123, '2457613', NULL, '2457613', NULL, 2, '2006-12-13', NULL, NULL),
(124, '2457614', NULL, '2457614', NULL, 2, '2006-12-13', NULL, NULL),
(126, '2981888', NULL, '2981888', NULL, 2, '2006-12-15', NULL, NULL),
(127, '3178496', NULL, '3178496', NULL, 2, '2006-12-20', NULL, NULL),
(133, 'NCL-61', NULL, 'NCL-61', NULL, 2, '2006-12-21', NULL, NULL),
(134, '3538944', NULL, '3538944', NULL, 2, '2006-12-21', NULL, NULL),
(135, '1540107', NULL, '1540107', NULL, 2, '2007-04-11', NULL, NULL),
(136, '3801088', NULL, '3801088', NULL, 2, '2007-04-11', NULL, NULL),
(137, '3801089', NULL, '3801089', NULL, 2, '2007-04-11', NULL, NULL),
(138, '3801090', NULL, '3801090', NULL, 2, '2007-04-11', NULL, NULL),
(139, '3801091', NULL, '3801091', NULL, 2, '2007-04-11', NULL, NULL),
(140, '3801092', NULL, '3801092', NULL, 2, '2007-04-11', NULL, NULL),
(141, '3801093', NULL, '3801093', NULL, 2, '2007-04-11', NULL, NULL),
(142, '3801094', NULL, '3801094', NULL, 2, '2007-04-11', NULL, NULL),
(143, '3801095', NULL, '3801095', NULL, 2, '2007-04-11', NULL, NULL),
(144, '3801096', NULL, '3801096', NULL, 2, '2007-04-11', NULL, NULL),
(145, '3801097', NULL, '3801097', NULL, 2, '2007-04-11', NULL, NULL),
(146, '3801098', NULL, '3801098', NULL, 2, '2007-04-11', NULL, NULL),
(147, '3801099', NULL, '3801099', NULL, 2, '2007-04-11', NULL, NULL),
(148, '3702797', NULL, '3702797', NULL, 2, '2007-04-11', NULL, NULL),
(149, '3801100', NULL, '3801100', NULL, 2, '2007-04-12', NULL, NULL),
(150, '3801101', NULL, '3801101', NULL, 2, '2007-04-12', NULL, NULL),
(151, '3801102', NULL, '3801102', NULL, 2, '2007-04-12', NULL, NULL),
(152, '1540116', NULL, '1540116', NULL, 2, '2007-04-12', NULL, NULL),
(153, '3801103', NULL, '3801103', NULL, 2, '2007-04-12', NULL, NULL),
(154, '3801104', NULL, '3801104', NULL, 2, '2007-04-12', NULL, NULL),
(155, '3801105', NULL, '3801105', NULL, 2, '2007-04-12', NULL, NULL),
(156, '1540113', NULL, '1540113', NULL, 2, '2007-04-12', NULL, NULL),
(157, '1540114', NULL, '1540114', NULL, 2, '2007-04-12', NULL, NULL),
(158, '1540103', NULL, '1540103', NULL, 2, '2007-04-12', NULL, NULL),
(159, '1540104', NULL, '1540104', NULL, 2, '2007-04-12', NULL, NULL),
(160, '3801106', NULL, '3801106', NULL, 2, '2007-04-12', NULL, NULL),
(161, '1900553', NULL, '1900553', NULL, 2, '2007-04-12', NULL, NULL),
(162, '3801107', NULL, '3801107', NULL, 2, '2007-04-12', NULL, NULL),
(163, '3801108', NULL, '3801108', NULL, 2, '2007-04-13', NULL, NULL),
(164, '3801109', NULL, '3801109', NULL, 2, '2007-04-13', NULL, NULL),
(165, '3801110', NULL, '3801110', NULL, 2, '2007-04-13', NULL, NULL),
(166, '3801111', NULL, '3801111', NULL, 2, '2007-04-13', NULL, NULL),
(167, '3801112', NULL, '3801112', NULL, 2, '2007-04-13', NULL, NULL),
(168, '3801113', NULL, '3801113', NULL, 2, '2007-04-13', NULL, NULL),
(169, '3801114', NULL, '3801114', NULL, 2, '2007-04-13', NULL, NULL),
(170, '3801115', NULL, '3801115', NULL, 2, '2007-04-13', NULL, NULL),
(171, '3801116', NULL, '3801116', NULL, 2, '2007-04-13', NULL, NULL),
(172, '3801117', NULL, '3801117', NULL, 2, '2007-04-13', NULL, NULL),
(173, '3801118', NULL, '3801118', NULL, 2, '2007-04-13', NULL, NULL),
(174, '3801119', NULL, '3801119', NULL, 2, '2007-04-13', NULL, NULL),
(175, '3702824', NULL, '3702824', NULL, 2, '2007-04-13', NULL, NULL),
(176, '3702825', NULL, '3702825', NULL, 2, '2007-04-13', NULL, NULL),
(177, '3801120', NULL, '3801120', NULL, 2, '2007-04-13', NULL, NULL),
(178, '3801121', NULL, '3801121', NULL, 2, '2007-04-13', NULL, NULL),
(179, '3801122', NULL, '3801122', NULL, 2, '2007-04-13', NULL, NULL),
(180, '3801123', NULL, '3801123', NULL, 2, '2007-04-13', NULL, NULL),
(181, '3801124', NULL, '3801124', NULL, 2, '2007-04-13', NULL, NULL),
(182, '3801126', NULL, '3801126', NULL, 2, '2007-04-13', NULL, NULL),
(183, '3801125', NULL, '3801125', NULL, 2, '2007-04-13', NULL, NULL),
(184, '3801127', NULL, '3801127', NULL, 2, '2007-04-13', NULL, NULL),
(185, '3801128', NULL, '3801128', NULL, 2, '2007-04-13', NULL, NULL),
(186, '3801129', NULL, '3801129', NULL, 2, '2007-04-13', NULL, NULL),
(187, '3801130', NULL, '3801130', NULL, 2, '2007-04-13', NULL, NULL),
(188, '3801131', NULL, '3801131', NULL, 2, '2007-04-13', NULL, NULL),
(189, '3801132', NULL, '3801132', NULL, 2, '2007-04-13', NULL, NULL),
(190, '3801133', NULL, '3801133', NULL, 2, '2007-04-13', NULL, NULL),
(192, 'NCL-42', NULL, 'NCL-42', NULL, 2, '2007-05-17', NULL, NULL),
(193, '4259840', NULL, '4259840', NULL, 2, '2007-05-17', NULL, NULL),
(194, '4259841', NULL, '4259841', NULL, 2, '2007-05-17', NULL, NULL),
(195, '4259842', NULL, '4259842', NULL, 2, '2007-05-17', NULL, NULL),
(196, '4259843', NULL, '4259843', NULL, 2, '2007-05-17', NULL, NULL),
(197, '4128772', NULL, '4128772', NULL, 2, '2007-05-31', NULL, NULL),
(198, '4128773', NULL, '4128773', NULL, 2, '2007-05-31', NULL, NULL),
(199, '4259844', NULL, '4259844', NULL, 2, '2007-05-31', NULL, NULL),
(200, '4259845', NULL, '4259845', NULL, 2, '2007-05-31', NULL, NULL),
(201, '4259846', NULL, '4259846', NULL, 2, '2007-05-31', NULL, NULL),
(202, '4259847', NULL, '4259847', NULL, 2, '2007-05-31', NULL, NULL),
(203, '4259848', NULL, '4259848', NULL, 2, '2007-05-31', NULL, NULL),
(204, '4259849', NULL, '4259849', NULL, 2, '2007-05-31', NULL, NULL),
(205, '4259850', NULL, '4259850', NULL, 2, '2007-05-31', NULL, NULL),
(206, '4259851', NULL, '4259851', NULL, 2, '2007-05-31', NULL, NULL),
(207, '4259852', NULL, '4259852', NULL, 2, '2007-05-31', NULL, NULL),
(208, '4128783', NULL, '4128783', NULL, 2, '2007-05-31', NULL, NULL),
(209, '4128784', NULL, '4128784', NULL, 2, '2007-05-31', NULL, NULL),
(210, '4128785', NULL, '4128785', NULL, 2, '2007-05-31', NULL, NULL),
(211, '4259853', NULL, '4259853', NULL, 2, '2007-05-31', NULL, NULL),
(212, 'NCL-45', NULL, 'NCL-45', NULL, 2, '2007-05-31', NULL, NULL),
(213, '4259854', NULL, '4259854', NULL, 2, '2007-05-31', NULL, NULL),
(214, 'NCL-17', NULL, 'NCL-17', NULL, 2, '2007-05-31', NULL, NULL),
(215, '4259855', NULL, '4259855', NULL, 2, '2007-05-31', NULL, NULL),
(216, 'NCL-16', NULL, 'NCL-16', NULL, 2, '2007-06-08', NULL, NULL),
(217, '4259856', NULL, '4259856', NULL, 2, '2007-06-08', NULL, NULL),
(218, 'NCL-19', NULL, 'NCL-19', NULL, 2, '2007-06-08', NULL, NULL),
(219, '4259857', NULL, '4259857', NULL, 2, '2007-06-08', NULL, NULL),
(220, 'NCL-48', NULL, 'NCL-48', NULL, 2, '2007-06-08', NULL, NULL),
(221, 'NCL-48-4', NULL, 'NCL-48-4', NULL, 2, '2007-06-08', NULL, NULL),
(222, 'NCL-49', NULL, 'NCL-49', NULL, 2, '2007-06-08', NULL, NULL),
(223, '4259858', NULL, '4259858', NULL, 2, '2007-06-14', NULL, NULL),
(224, '4259859', NULL, '4259859', NULL, 2, '2007-06-14', NULL, NULL),
(225, '4259860', NULL, '4259860', NULL, 2, '2007-06-14', NULL, NULL),
(226, '4259861', NULL, '4259861', NULL, 2, '2007-06-14', NULL, NULL),
(227, '4259862', NULL, '4259862', NULL, 2, '2007-06-14', NULL, NULL),
(228, '4259863', NULL, '4259863', NULL, 2, '2007-06-14', NULL, NULL),
(229, '4259864', NULL, '4259864', NULL, 2, '2007-06-14', NULL, NULL),
(230, '4259865', NULL, '4259865', NULL, 2, '2007-07-13', NULL, NULL),
(231, '4259866', NULL, '4259866', NULL, 2, '2007-07-13', NULL, NULL),
(232, '4259867', NULL, '4259867', NULL, 2, '2007-07-13', NULL, NULL),
(233, '4259868', NULL, '4259868', NULL, 2, '2007-07-20', NULL, NULL),
(234, '4259869', NULL, '4259869', NULL, 2, '2007-07-20', NULL, NULL),
(235, '4259870', NULL, '4259870', NULL, 2, '2007-07-20', NULL, NULL),
(236, '4259871', NULL, '4259871', NULL, 2, '2007-07-20', NULL, NULL),
(238, '101', NULL, '101', NULL, 2, '2007-08-31', NULL, NULL),
(239, '102', NULL, '102', NULL, 2, '2007-08-31', NULL, NULL),
(240, '103', NULL, '103', NULL, 2, '2007-08-31', NULL, NULL),
(241, '104', NULL, '104', NULL, 2, '2007-08-31', NULL, NULL),
(242, '105', NULL, '105', NULL, 2, '2007-08-31', NULL, NULL),
(243, '106', NULL, '106', NULL, 2, '2007-08-31', NULL, NULL),
(244, '107', NULL, '107', NULL, 2, '2007-08-31', NULL, NULL),
(245, '108', NULL, '108', NULL, 2, '2007-08-31', NULL, NULL),
(246, '109', NULL, '109', NULL, 2, '2007-08-31', NULL, NULL),
(247, '110', NULL, '110', NULL, 2, '2007-08-31', NULL, NULL),
(248, '111', NULL, '111', NULL, 2, '2007-08-31', NULL, NULL),
(249, '112', NULL, '112', NULL, 2, '2007-08-31', NULL, NULL),
(250, '113', NULL, '113', NULL, 2, '2007-08-31', NULL, NULL),
(251, '114', NULL, '114', NULL, 2, '2007-08-31', NULL, NULL),
(252, '115', NULL, '115', NULL, 2, '2007-08-31', NULL, NULL),
(253, '116', NULL, '116', NULL, 2, '2007-08-31', NULL, NULL),
(254, '117', NULL, '117', NULL, 2, '2007-08-31', NULL, NULL),
(255, '118', NULL, '118', NULL, 2, '2007-08-31', NULL, NULL),
(256, '119', NULL, '119', NULL, 2, '2007-08-31', NULL, NULL),
(257, '4456448', NULL, '4456448', NULL, 2, '2007-09-13', NULL, NULL),
(258, '4456449', NULL, '4456449', NULL, 2, '2007-09-13', NULL, NULL),
(259, '4456450', NULL, '4456450', NULL, 2, '2007-09-13', NULL, NULL),
(260, '4456451', NULL, '4456451', NULL, 2, '2007-09-13', NULL, NULL),
(261, '4521984', NULL, '4521984', NULL, 2, '2007-11-16', NULL, NULL),
(262, '4521985', NULL, '4521985', NULL, 2, '2007-11-16', NULL, NULL),
(263, '4521986', NULL, '4521986', NULL, 2, '2007-11-16', NULL, NULL),
(264, '4521987', NULL, '4521987', NULL, 2, '2007-11-16', NULL, NULL),
(265, '4521988', NULL, '4521988', NULL, 2, '2007-11-16', NULL, NULL),
(266, '4521989', NULL, '4521989', NULL, 2, '2007-11-16', NULL, NULL),
(267, '4521990', NULL, '4521990', NULL, 2, '2007-11-16', NULL, NULL),
(269, 'protocol', '', 'protocol', '', 2, '2008-01-16', NULL, NULL),
(270, 'sample', '', 'sample', '', 2, '2009-10-12', '', ''),
(271, 'publication', '', 'publication', '', 2, '2008-01-16', NULL, NULL),
(272, '4620288', NULL, '4620288', NULL, 2, '2008-01-24', NULL, NULL),
(273, '4620291', NULL, '4620291', NULL, 2, '2008-01-24', NULL, NULL),
(274, '4620292', NULL, '4620292', NULL, 2, '2008-01-24', NULL, NULL),
(275, '4620293', NULL, '4620293', NULL, 2, '2008-01-24', NULL, NULL),
(276, '4620294', NULL, '4620294', NULL, 2, '2008-01-24', NULL, NULL),
(277, 'NCL-49-2', NULL, 'NCL-49-2', NULL, 2, '2008-01-24', NULL, NULL),
(278, 'NCL-50-1', NULL, 'NCL-50-1', NULL, 2, '2008-01-24', NULL, NULL),
(279, 'NCL-51-3', NULL, 'NCL-51-3', NULL, 2, '2008-01-24', NULL, NULL),
(280, '4718592', NULL, '4718592', NULL, 2, '2008-06-20', NULL, NULL),
(281, '1409029', NULL, '1409029', NULL, 2, '2008-06-20', NULL, NULL),
(282, '2719745', NULL, '2719745', NULL, 2, '2008-06-20', NULL, NULL),
(283, '1376286', NULL, '1376286', NULL, 2, '2008-06-20', NULL, NULL),
(284, '4784128', NULL, '4784128', NULL, 2, '2008-06-20', NULL, NULL),
(285, '4784129', NULL, '4784129', NULL, 2, '2008-06-20', NULL, NULL),
(286, '4784130', NULL, '4784130', NULL, 2, '2008-06-20', NULL, NULL),
(287, '1507328', NULL, '1507328', NULL, 2, '2008-06-20', NULL, NULL),
(288, '6', NULL, '6', NULL, 2, '2008-06-20', NULL, NULL),
(289, '1376287', NULL, '1376287', NULL, 2, '2008-06-20', NULL, NULL),
(290, '4784131', NULL, '4784131', NULL, 2, '2008-06-20', NULL, NULL),
(291, '4784132', NULL, '4784132', NULL, 2, '2008-06-20', NULL, NULL),
(292, '4784133', NULL, '4784133', NULL, 2, '2008-06-20', NULL, NULL),
(293, '1376288', NULL, '1376288', NULL, 2, '2008-06-20', NULL, NULL),
(294, '4784134', NULL, '4784134', NULL, 2, '2008-06-20', NULL, NULL),
(295, '4784135', NULL, '4784135', NULL, 2, '2008-06-20', NULL, NULL),
(296, '4784136', NULL, '4784136', NULL, 2, '2008-06-20', NULL, NULL),
(297, '1867796', NULL, '1867796', NULL, 2, '2008-06-20', NULL, NULL),
(298, '4784137', NULL, '4784137', NULL, 2, '2008-06-20', NULL, NULL),
(299, '1867777', NULL, '1867777', NULL, 2, '2008-06-20', NULL, NULL),
(300, '4784138', NULL, '4784138', NULL, 2, '2008-06-20', NULL, NULL),
(301, '4784139', NULL, '4784139', NULL, 2, '2008-06-20', NULL, NULL),
(302, '1867778', NULL, '1867778', NULL, 2, '2008-06-20', NULL, NULL),
(303, '4784140', NULL, '4784140', NULL, 2, '2008-06-20', NULL, NULL),
(304, '4784141', NULL, '4784141', NULL, 2, '2008-06-20', NULL, NULL),
(305, '4784142', NULL, '4784142', NULL, 2, '2008-06-20', NULL, NULL),
(306, '4784143', NULL, '4784143', NULL, 2, '2008-06-20', NULL, NULL),
(307, '4849664', NULL, '4849664', NULL, 2, '2008-06-20', NULL, NULL),
(308, '4882432', NULL, '4882432', NULL, 2, '2008-06-20', NULL, NULL),
(309, '4849665', NULL, '4849665', NULL, 2, '2008-06-20', NULL, NULL),
(310, '4882433', NULL, '4882433', NULL, 2, '2008-06-20', NULL, NULL),
(311, '4849666', NULL, '4849666', NULL, 2, '2008-06-20', NULL, NULL),
(312, '4882434', NULL, '4882434', NULL, 2, '2008-06-20', NULL, NULL),
(313, '4849667', NULL, '4849667', NULL, 2, '2008-06-20', NULL, NULL),
(314, '4882435', NULL, '4882435', NULL, 2, '2008-06-20', NULL, NULL),
(315, '4849668', NULL, '4849668', NULL, 2, '2008-06-20', NULL, NULL),
(316, '4882436', NULL, '4882436', NULL, 2, '2008-06-20', NULL, NULL),
(317, '4849669', NULL, '4849669', NULL, 2, '2008-06-20', NULL, NULL),
(318, '4882437', NULL, '4882437', NULL, 2, '2008-06-20', NULL, NULL),
(319, '4849670', NULL, '4849670', NULL, 2, '2008-06-20', NULL, NULL),
(320, '4882438', NULL, '4882438', NULL, 2, '2008-06-20', NULL, NULL),
(321, '4849671', NULL, '4849671', NULL, 2, '2008-06-20', NULL, NULL),
(322, '4882439', NULL, '4882439', NULL, 2, '2008-06-20', NULL, NULL),
(323, '4849672', NULL, '4849672', NULL, 2, '2008-06-20', NULL, NULL),
(324, '4882440', NULL, '4882440', NULL, 2, '2008-06-20', NULL, NULL),
(325, '4849673', NULL, '4849673', NULL, 2, '2008-06-20', NULL, NULL),
(326, '4882441', NULL, '4882441', NULL, 2, '2008-06-20', NULL, NULL),
(327, '4849674', NULL, '4849674', NULL, 2, '2008-06-20', NULL, NULL),
(328, '4882442', NULL, '4882442', NULL, 2, '2008-06-20', NULL, NULL),
(329, '1867776', NULL, '1867776', NULL, 2, '2008-06-20', NULL, NULL),
(330, '4784144', NULL, '4784144', NULL, 2, '2008-06-20', NULL, NULL),
(331, '4915200', NULL, '4915200', NULL, 2, '2008-06-20', NULL, NULL),
(332, '17', NULL, '17', NULL, 2, '2008-06-20', NULL, NULL),
(333, '4915201', NULL, '4915201', NULL, 2, '2008-06-20', NULL, NULL),
(334, '1', NULL, '1', NULL, 2, '2008-06-20', NULL, NULL),
(335, '1376285', NULL, '1376285', NULL, 2, '2008-06-20', NULL, NULL),
(336, '4947968', NULL, '4947968', NULL, 2, '2008-06-20', NULL, NULL),
(337, '1703937', NULL, '1703937', NULL, 2, '2008-06-20', NULL, NULL),
(338, '4947969', NULL, '4947969', NULL, 2, '2008-06-20', NULL, NULL),
(339, '4947970', NULL, '4947970', NULL, 2, '2008-06-20', NULL, NULL),
(340, '1867800', NULL, '1867800', NULL, 2, '2008-06-23', NULL, NULL),
(341, '5046272', NULL, '5046272', NULL, 2, '2008-06-23', NULL, NULL),
(342, '5046273', NULL, '5046273', NULL, 2, '2008-06-23', NULL, NULL),
(343, '5111808', NULL, '5111808', NULL, 2, '2008-09-06', NULL, NULL),
(344, '5144576', NULL, '5144576', NULL, 2, '2008-09-06', NULL, NULL),
(345, '5144577', NULL, '5144577', NULL, 2, '2008-09-06', NULL, NULL),
(346, '5144578', NULL, '5144578', NULL, 2, '2008-09-06', NULL, NULL),
(347, '5144579', NULL, '5144579', NULL, 2, '2008-09-06', NULL, NULL),
(348, '5144580', NULL, '5144580', NULL, 2, '2008-09-06', NULL, NULL),
(349, '5144581', NULL, '5144581', NULL, 2, '2008-09-06', NULL, NULL),
(350, '5144582', NULL, '5144582', NULL, 2, '2008-09-06', NULL, NULL),
(351, '4030465', NULL, '4030465', NULL, 2, '2008-09-06', NULL, NULL),
(352, '4587521', NULL, '4587521', NULL, 2, '2008-09-06', NULL, NULL),
(353, '4653056', NULL, '4653056', NULL, 2, '2008-09-06', NULL, NULL),
(354, '4227100', NULL, '4227100', NULL, 2, '2008-09-06', NULL, NULL),
(355, '4587522', NULL, '4587522', NULL, 2, '2008-09-06', NULL, NULL),
(356, '4653057', NULL, '4653057', NULL, 2, '2008-09-06', NULL, NULL),
(357, '4227099', NULL, '4227099', NULL, 2, '2008-09-06', NULL, NULL),
(358, '5111809', NULL, '5111809', NULL, 2, '2008-09-06', NULL, NULL),
(359, '5144583', NULL, '5144583', NULL, 2, '2008-09-06', NULL, NULL),
(360, '5144584', NULL, '5144584', NULL, 2, '2008-09-06', NULL, NULL),
(361, '5144585', NULL, '5144585', NULL, 2, '2008-09-06', NULL, NULL),
(362, '5144586', NULL, '5144586', NULL, 2, '2008-09-06', NULL, NULL),
(363, '5144587', NULL, '5144587', NULL, 2, '2008-09-06', NULL, NULL),
(364, '5111810', NULL, '5111810', NULL, 2, '2008-09-06', NULL, NULL),
(365, '5144588', NULL, '5144588', NULL, 2, '2008-09-06', NULL, NULL),
(366, '5144589', NULL, '5144589', NULL, 2, '2008-09-06', NULL, NULL),
(367, '5144590', NULL, '5144590', NULL, 2, '2008-09-06', NULL, NULL),
(368, '5144591', NULL, '5144591', NULL, 2, '2008-09-06', NULL, NULL),
(369, '5111811', NULL, '5111811', NULL, 2, '2008-09-06', NULL, NULL),
(370, '5144592', NULL, '5144592', NULL, 2, '2008-09-06', NULL, NULL),
(371, '5144593', NULL, '5144593', NULL, 2, '2008-09-06', NULL, NULL),
(372, '5177344', NULL, '5177344', NULL, 2, '2009-01-13', NULL, NULL),
(373, '5210112', NULL, '5210112', NULL, 2, '2009-01-13', NULL, NULL),
(374, '2424833', NULL, '2424833', NULL, 2, '2009-01-13', NULL, NULL),
(375, '5275648', NULL, '5275648', NULL, 2, '2009-01-13', NULL, NULL),
(376, '5275649', NULL, '5275649', NULL, 2, '2009-01-13', NULL, NULL),
(377, '5275650', NULL, '5275650', NULL, 2, '2009-01-13', NULL, NULL),
(378, '5275651', NULL, '5275651', NULL, 2, '2009-01-13', NULL, NULL),
(379, '1867802', NULL, '1867802', NULL, 2, '2009-01-13', NULL, NULL),
(380, '5275652', NULL, '5275652', NULL, 2, '2009-01-13', NULL, NULL),
(381, '5275653', NULL, '5275653', NULL, 2, '2009-01-13', NULL, NULL),
(382, '5275654', NULL, '5275654', NULL, 2, '2009-01-13', NULL, NULL),
(383, '5275655', NULL, '5275655', NULL, 2, '2009-01-13', NULL, NULL),
(384, '5275656', NULL, '5275656', NULL, 2, '2009-01-13', NULL, NULL),
(385, '5275657', NULL, '5275657', NULL, 2, '2009-01-13', NULL, NULL),
(386, '5275658', NULL, '5275658', NULL, 2, '2009-01-13', NULL, NULL),
(387, '3768338', NULL, '3768338', NULL, 2, '2009-01-13', NULL, NULL),
(388, '5275659', NULL, '5275659', NULL, 2, '2009-01-13', NULL, NULL),
(389, '5275660', NULL, '5275660', NULL, 2, '2009-01-13', NULL, NULL),
(390, '3768335', NULL, '3768335', NULL, 2, '2009-01-13', NULL, NULL),
(391, '5275661', NULL, '5275661', NULL, 2, '2009-01-13', NULL, NULL),
(392, '5275662', NULL, '5275662', NULL, 2, '2009-01-13', NULL, NULL),
(393, '2424841', NULL, '2424841', NULL, 2, '2009-01-13', NULL, NULL),
(394, '5275663', NULL, '5275663', NULL, 2, '2009-01-13', NULL, NULL),
(395, '5275664', NULL, '5275664', NULL, 2, '2009-01-13', NULL, NULL),
(396, '5275665', NULL, '5275665', NULL, 2, '2009-01-13', NULL, NULL),
(397, '5275666', NULL, '5275666', NULL, 2, '2009-01-13', NULL, NULL),
(398, '5275667', NULL, '5275667', NULL, 2, '2009-01-13', NULL, NULL),
(399, '5275668', NULL, '5275668', NULL, 2, '2009-01-13', NULL, NULL),
(400, '5275669', NULL, '5275669', NULL, 2, '2009-01-13', NULL, NULL),
(401, '5275670', NULL, '5275670', NULL, 2, '2009-01-13', NULL, NULL),
(402, '5275671', NULL, '5275671', NULL, 2, '2009-01-13', NULL, NULL),
(403, '5275672', NULL, '5275672', NULL, 2, '2009-01-13', NULL, NULL),
(404, '11', NULL, '11', NULL, 2, '2009-10-06', NULL, NULL),
(405, '1376256', NULL, '1376256', NULL, 2, '2009-10-06', NULL, NULL),
(406, '1376257', NULL, '1376257', NULL, 2, '2009-10-06', NULL, NULL),
(407, '1376258', NULL, '1376258', NULL, 2, '2009-10-06', NULL, NULL),
(408, '1376259', NULL, '1376259', NULL, 2, '2009-10-06', NULL, NULL),
(409, '1376260', NULL, '1376260', NULL, 2, '2009-10-06', NULL, NULL),
(410, '1376261', NULL, '1376261', NULL, 2, '2009-10-06', NULL, NULL),
(411, '1376262', NULL, '1376262', NULL, 2, '2009-10-06', NULL, NULL),
(412, '1376263', NULL, '1376263', NULL, 2, '2009-10-06', NULL, NULL),
(413, '1376264', NULL, '1376264', NULL, 2, '2009-10-06', NULL, NULL),
(414, '1376265', NULL, '1376265', NULL, 2, '2009-10-06', NULL, NULL),
(415, '1376266', NULL, '1376266', NULL, 2, '2009-10-06', NULL, NULL),
(416, '1376267', NULL, '1376267', NULL, 2, '2009-10-06', NULL, NULL),
(417, '1376268', NULL, '1376268', NULL, 2, '2009-10-06', NULL, NULL),
(418, '1376269', NULL, '1376269', NULL, 2, '2009-10-06', NULL, NULL),
(419, '1376270', NULL, '1376270', NULL, 2, '2009-10-06', NULL, NULL),
(420, '1376271', NULL, '1376271', NULL, 2, '2009-10-06', NULL, NULL),
(421, '1376272', NULL, '1376272', NULL, 2, '2009-10-06', NULL, NULL),
(422, '1376273', NULL, '1376273', NULL, 2, '2009-10-06', NULL, NULL),
(423, '1376274', NULL, '1376274', NULL, 2, '2009-10-06', NULL, NULL),
(424, '1376275', NULL, '1376275', NULL, 2, '2009-10-06', NULL, NULL),
(425, '1376276', NULL, '1376276', NULL, 2, '2009-10-06', NULL, NULL),
(426, '1376277', NULL, '1376277', NULL, 2, '2009-10-06', NULL, NULL),
(427, '1376278', NULL, '1376278', NULL, 2, '2009-10-06', NULL, NULL),
(428, '1376279', NULL, '1376279', NULL, 2, '2009-10-06', NULL, NULL),
(429, '1376280', NULL, '1376280', NULL, 2, '2009-10-06', NULL, NULL),
(430, '1376281', NULL, '1376281', NULL, 2, '2009-10-06', NULL, NULL),
(431, '1376282', NULL, '1376282', NULL, 2, '2009-10-06', NULL, NULL),
(432, '1376283', NULL, '1376283', NULL, 2, '2009-10-06', NULL, NULL),
(433, '1376284', NULL, '1376284', NULL, 2, '2009-10-06', NULL, NULL),
(434, '1376289', NULL, '1376289', NULL, 2, '2009-10-06', NULL, NULL),
(435, '1409024', NULL, '1409024', NULL, 2, '2009-10-06', NULL, NULL),
(436, '1409025', NULL, '1409025', NULL, 2, '2009-10-06', NULL, NULL),
(437, '1409026', NULL, '1409026', NULL, 2, '2009-10-06', NULL, NULL),
(438, '1409027', NULL, '1409027', NULL, 2, '2009-10-06', NULL, NULL),
(439, '1409028', NULL, '1409028', NULL, 2, '2009-10-06', NULL, NULL),
(440, '1507332', NULL, '1507332', NULL, 2, '2009-10-06', NULL, NULL),
(441, '1507344', NULL, '1507344', NULL, 2, '2009-10-06', NULL, NULL),
(442, '1572865', NULL, '1572865', NULL, 2, '2009-10-06', NULL, NULL),
(443, '1572866', NULL, '1572866', NULL, 2, '2009-10-06', NULL, NULL),
(444, '1572868', NULL, '1572868', NULL, 2, '2009-10-06', NULL, NULL),
(445, '1572869', NULL, '1572869', NULL, 2, '2009-10-06', NULL, NULL),
(446, '1572870', NULL, '1572870', NULL, 2, '2009-10-06', NULL, NULL),
(447, '1572871', NULL, '1572871', NULL, 2, '2009-10-06', NULL, NULL),
(448, '1572872', NULL, '1572872', NULL, 2, '2009-10-06', NULL, NULL),
(449, '1572873', NULL, '1572873', NULL, 2, '2009-10-06', NULL, NULL),
(450, '1572874', NULL, '1572874', NULL, 2, '2009-10-06', NULL, NULL),
(451, '1572875', NULL, '1572875', NULL, 2, '2009-10-06', NULL, NULL),
(452, '1572877', NULL, '1572877', NULL, 2, '2009-10-06', NULL, NULL),
(453, '1572878', NULL, '1572878', NULL, 2, '2009-10-06', NULL, NULL),
(454, '1572879', NULL, '1572879', NULL, 2, '2009-10-06', NULL, NULL),
(455, '1572880', NULL, '1572880', NULL, 2, '2009-10-06', NULL, NULL),
(456, '1572881', NULL, '1572881', NULL, 2, '2009-10-06', NULL, NULL),
(457, '1572883', NULL, '1572883', NULL, 2, '2009-10-06', NULL, NULL),
(458, '1572884', NULL, '1572884', NULL, 2, '2009-10-06', NULL, NULL),
(459, '1572891', NULL, '1572891', NULL, 2, '2009-10-06', NULL, NULL),
(460, '1572892', NULL, '1572892', NULL, 2, '2009-10-06', NULL, NULL),
(461, '1572893', NULL, '1572893', NULL, 2, '2009-10-06', NULL, NULL),
(462, '1572894', NULL, '1572894', NULL, 2, '2009-10-06', NULL, NULL),
(463, '1572895', NULL, '1572895', NULL, 2, '2009-10-06', NULL, NULL),
(464, '1572897', NULL, '1572897', NULL, 2, '2009-10-06', NULL, NULL),
(465, '1572898', NULL, '1572898', NULL, 2, '2009-10-06', NULL, NULL),
(466, '1572900', NULL, '1572900', NULL, 2, '2009-10-06', NULL, NULL),
(467, '1572901', NULL, '1572901', NULL, 2, '2009-10-06', NULL, NULL),
(468, '1572903', NULL, '1572903', NULL, 2, '2009-10-06', NULL, NULL),
(469, '1572904', NULL, '1572904', NULL, 2, '2009-10-06', NULL, NULL),
(470, '1867779', NULL, '1867779', NULL, 2, '2009-10-06', NULL, NULL),
(471, '1867780', NULL, '1867780', NULL, 2, '2009-10-06', NULL, NULL),
(472, '1867781', NULL, '1867781', NULL, 2, '2009-10-06', NULL, NULL),
(473, '1867782', NULL, '1867782', NULL, 2, '2009-10-06', NULL, NULL),
(474, '1867783', NULL, '1867783', NULL, 2, '2009-10-06', NULL, NULL),
(475, '1867784', NULL, '1867784', NULL, 2, '2009-10-06', NULL, NULL),
(476, '1867785', NULL, '1867785', NULL, 2, '2009-10-06', NULL, NULL),
(477, '1867786', NULL, '1867786', NULL, 2, '2009-10-06', NULL, NULL),
(478, '1867787', NULL, '1867787', NULL, 2, '2009-10-06', NULL, NULL),
(479, '1867788', NULL, '1867788', NULL, 2, '2009-10-06', NULL, NULL),
(480, '1867789', NULL, '1867789', NULL, 2, '2009-10-06', NULL, NULL),
(481, '1867790', NULL, '1867790', NULL, 2, '2009-10-06', NULL, NULL),
(482, '1867791', NULL, '1867791', NULL, 2, '2009-10-06', NULL, NULL),
(483, '1867792', NULL, '1867792', NULL, 2, '2009-10-06', NULL, NULL),
(484, '1867793', NULL, '1867793', NULL, 2, '2009-10-06', NULL, NULL),
(485, '1867794', NULL, '1867794', NULL, 2, '2009-10-06', NULL, NULL),
(486, '1867795', NULL, '1867795', NULL, 2, '2009-10-06', NULL, NULL),
(487, '1867797', NULL, '1867797', NULL, 2, '2009-10-06', NULL, NULL),
(488, '1867798', NULL, '1867798', NULL, 2, '2009-10-06', NULL, NULL),
(489, '1867799', NULL, '1867799', NULL, 2, '2009-10-06', NULL, NULL),
(490, '1867801', NULL, '1867801', NULL, 2, '2009-10-06', NULL, NULL),
(491, '1867803', NULL, '1867803', NULL, 2, '2009-10-06', NULL, NULL),
(492, '1933312', NULL, '1933312', NULL, 2, '2009-10-06', NULL, NULL),
(493, '1933313', NULL, '1933313', NULL, 2, '2009-10-06', NULL, NULL),
(494, '1933314', NULL, '1933314', NULL, 2, '2009-10-06', NULL, NULL),
(495, '1933315', NULL, '1933315', NULL, 2, '2009-10-06', NULL, NULL),
(496, '2031616', NULL, '2031616', NULL, 2, '2009-10-06', NULL, NULL),
(497, '2064384', NULL, '2064384', NULL, 2, '2009-10-06', NULL, NULL),
(498, '2064385', NULL, '2064385', NULL, 2, '2009-10-06', NULL, NULL),
(499, '2129931', NULL, '2129931', NULL, 2, '2009-10-06', NULL, NULL),
(500, '2129934', NULL, '2129934', NULL, 2, '2009-10-06', NULL, NULL),
(501, '2129937', NULL, '2129937', NULL, 2, '2009-10-06', NULL, NULL),
(502, '2228224', NULL, '2228224', NULL, 2, '2009-10-06', NULL, NULL),
(503, '2228225', NULL, '2228225', NULL, 2, '2009-10-06', NULL, NULL),
(504, '2228226', NULL, '2228226', NULL, 2, '2009-10-06', NULL, NULL),
(505, '2228227', NULL, '2228227', NULL, 2, '2009-10-06', NULL, NULL),
(506, '2228228', NULL, '2228228', NULL, 2, '2009-10-06', NULL, NULL),
(507, '2228229', NULL, '2228229', NULL, 2, '2009-10-06', NULL, NULL),
(508, '2228230', NULL, '2228230', NULL, 2, '2009-10-06', NULL, NULL),
(509, '2228231', NULL, '2228231', NULL, 2, '2009-10-06', NULL, NULL),
(510, '2228232', NULL, '2228232', NULL, 2, '2009-10-06', NULL, NULL),
(511, '2228233', NULL, '2228233', NULL, 2, '2009-10-06', NULL, NULL),
(512, '2228234', NULL, '2228234', NULL, 2, '2009-10-06', NULL, NULL),
(513, '2228235', NULL, '2228235', NULL, 2, '2009-10-06', NULL, NULL),
(514, '2228236', NULL, '2228236', NULL, 2, '2009-10-06', NULL, NULL),
(515, '2228237', NULL, '2228237', NULL, 2, '2009-10-06', NULL, NULL),
(516, '2228238', NULL, '2228238', NULL, 2, '2009-10-06', NULL, NULL),
(517, '2228239', NULL, '2228239', NULL, 2, '2009-10-06', NULL, NULL),
(518, '2228240', NULL, '2228240', NULL, 2, '2009-10-06', NULL, NULL),
(519, '2228241', NULL, '2228241', NULL, 2, '2009-10-06', NULL, NULL),
(520, '2228242', NULL, '2228242', NULL, 2, '2009-10-06', NULL, NULL),
(521, '2228243', NULL, '2228243', NULL, 2, '2009-10-06', NULL, NULL),
(522, '2228244', NULL, '2228244', NULL, 2, '2009-10-06', NULL, NULL),
(523, '2228245', NULL, '2228245', NULL, 2, '2009-10-06', NULL, NULL),
(524, '2228246', NULL, '2228246', NULL, 2, '2009-10-06', NULL, NULL),
(525, '2228247', NULL, '2228247', NULL, 2, '2009-10-06', NULL, NULL),
(526, '2228248', NULL, '2228248', NULL, 2, '2009-10-06', NULL, NULL),
(527, '2228249', NULL, '2228249', NULL, 2, '2009-10-06', NULL, NULL),
(528, '2228250', NULL, '2228250', NULL, 2, '2009-10-06', NULL, NULL),
(529, '2228251', NULL, '2228251', NULL, 2, '2009-10-06', NULL, NULL),
(530, '2228252', NULL, '2228252', NULL, 2, '2009-10-06', NULL, NULL),
(531, '2228253', NULL, '2228253', NULL, 2, '2009-10-06', NULL, NULL),
(532, '2228254', NULL, '2228254', NULL, 2, '2009-10-06', NULL, NULL),
(533, '2228255', NULL, '2228255', NULL, 2, '2009-10-06', NULL, NULL),
(534, '2228257', NULL, '2228257', NULL, 2, '2009-10-06', NULL, NULL),
(535, '2228258', NULL, '2228258', NULL, 2, '2009-10-06', NULL, NULL),
(536, '2228259', NULL, '2228259', NULL, 2, '2009-10-06', NULL, NULL),
(537, '2228260', NULL, '2228260', NULL, 2, '2009-10-06', NULL, NULL),
(538, '2228261', NULL, '2228261', NULL, 2, '2009-10-06', NULL, NULL),
(539, '2228262', NULL, '2228262', NULL, 2, '2009-10-06', NULL, NULL),
(540, '2228263', NULL, '2228263', NULL, 2, '2009-10-06', NULL, NULL),
(541, '2228264', NULL, '2228264', NULL, 2, '2009-10-06', NULL, NULL),
(542, '2228265', NULL, '2228265', NULL, 2, '2009-10-06', NULL, NULL),
(543, '2228266', NULL, '2228266', NULL, 2, '2009-10-06', NULL, NULL),
(544, '2228267', NULL, '2228267', NULL, 2, '2009-10-06', NULL, NULL),
(545, '2228268', NULL, '2228268', NULL, 2, '2009-10-06', NULL, NULL),
(546, '2228269', NULL, '2228269', NULL, 2, '2009-10-06', NULL, NULL),
(547, '2228270', NULL, '2228270', NULL, 2, '2009-10-06', NULL, NULL),
(548, '2228271', NULL, '2228271', NULL, 2, '2009-10-06', NULL, NULL),
(549, '2228272', NULL, '2228272', NULL, 2, '2009-10-06', NULL, NULL),
(550, '2392066', NULL, '2392066', NULL, 2, '2009-10-06', NULL, NULL),
(551, '2392067', NULL, '2392067', NULL, 2, '2009-10-06', NULL, NULL),
(552, '2392068', NULL, '2392068', NULL, 2, '2009-10-06', NULL, NULL),
(553, '2392070', NULL, '2392070', NULL, 2, '2009-10-06', NULL, NULL),
(554, '2392074', NULL, '2392074', NULL, 2, '2009-10-06', NULL, NULL),
(555, '2424832', NULL, '2424832', NULL, 2, '2009-10-06', NULL, NULL),
(556, '2424834', NULL, '2424834', NULL, 2, '2009-10-06', NULL, NULL),
(557, '2424835', NULL, '2424835', NULL, 2, '2009-10-06', NULL, NULL),
(558, '2424836', NULL, '2424836', NULL, 2, '2009-10-06', NULL, NULL),
(559, '2424837', NULL, '2424837', NULL, 2, '2009-10-06', NULL, NULL),
(560, '2424838', NULL, '2424838', NULL, 2, '2009-10-06', NULL, NULL),
(561, '2424839', NULL, '2424839', NULL, 2, '2009-10-06', NULL, NULL),
(562, '2424840', NULL, '2424840', NULL, 2, '2009-10-06', NULL, NULL),
(563, '2424842', NULL, '2424842', NULL, 2, '2009-10-06', NULL, NULL),
(564, '2424843', NULL, '2424843', NULL, 2, '2009-10-06', NULL, NULL),
(565, '2424844', NULL, '2424844', NULL, 2, '2009-10-06', NULL, NULL),
(566, '2424845', NULL, '2424845', NULL, 2, '2009-10-06', NULL, NULL),
(567, '2424846', NULL, '2424846', NULL, 2, '2009-10-06', NULL, NULL),
(568, '2719746', NULL, '2719746', NULL, 2, '2009-10-06', NULL, NULL),
(569, '3768320', NULL, '3768320', NULL, 2, '2009-10-06', NULL, NULL),
(570, '3768321', NULL, '3768321', NULL, 2, '2009-10-06', NULL, NULL),
(571, '3768322', NULL, '3768322', NULL, 2, '2009-10-06', NULL, NULL),
(572, '3768323', NULL, '3768323', NULL, 2, '2009-10-06', NULL, NULL),
(573, '3768324', NULL, '3768324', NULL, 2, '2009-10-06', NULL, NULL),
(574, '3768325', NULL, '3768325', NULL, 2, '2009-10-06', NULL, NULL),
(575, '3768326', NULL, '3768326', NULL, 2, '2009-10-06', NULL, NULL),
(576, '3768327', NULL, '3768327', NULL, 2, '2009-10-06', NULL, NULL),
(577, '3768328', NULL, '3768328', NULL, 2, '2009-10-06', NULL, NULL),
(578, '3768329', NULL, '3768329', NULL, 2, '2009-10-06', NULL, NULL),
(579, '3768330', NULL, '3768330', NULL, 2, '2009-10-06', NULL, NULL),
(580, '3768331', NULL, '3768331', NULL, 2, '2009-10-06', NULL, NULL),
(581, '3768332', NULL, '3768332', NULL, 2, '2009-10-06', NULL, NULL),
(582, '3768333', NULL, '3768333', NULL, 2, '2009-10-06', NULL, NULL),
(583, '3768334', NULL, '3768334', NULL, 2, '2009-10-06', NULL, NULL),
(584, '3768336', NULL, '3768336', NULL, 2, '2009-10-06', NULL, NULL),
(585, '3768337', NULL, '3768337', NULL, 2, '2009-10-06', NULL, NULL),
(586, '3768339', NULL, '3768339', NULL, 2, '2009-10-06', NULL, NULL),
(587, '3833856', NULL, '3833856', NULL, 2, '2009-10-06', NULL, NULL),
(588, '3833857', NULL, '3833857', NULL, 2, '2009-10-06', NULL, NULL),
(589, '3833858', NULL, '3833858', NULL, 2, '2009-10-06', NULL, NULL),
(590, '3833859', NULL, '3833859', NULL, 2, '2009-10-06', NULL, NULL),
(591, '3833860', NULL, '3833860', NULL, 2, '2009-10-06', NULL, NULL),
(592, '3833861', NULL, '3833861', NULL, 2, '2009-10-06', NULL, NULL),
(593, '3833862', NULL, '3833862', NULL, 2, '2009-10-06', NULL, NULL),
(594, '3833863', NULL, '3833863', NULL, 2, '2009-10-06', NULL, NULL),
(595, '3833864', NULL, '3833864', NULL, 2, '2009-10-06', NULL, NULL),
(596, '3833865', NULL, '3833865', NULL, 2, '2009-10-06', NULL, NULL),
(597, '3833866', NULL, '3833866', NULL, 2, '2009-10-06', NULL, NULL),
(598, '3833867', NULL, '3833867', NULL, 2, '2009-10-06', NULL, NULL),
(599, '3833868', NULL, '3833868', NULL, 2, '2009-10-06', NULL, NULL),
(600, '3833869', NULL, '3833869', NULL, 2, '2009-10-06', NULL, NULL),
(601, '3833870', NULL, '3833870', NULL, 2, '2009-10-06', NULL, NULL),
(602, '3833871', NULL, '3833871', NULL, 2, '2009-10-06', NULL, NULL),
(603, '3833872', NULL, '3833872', NULL, 2, '2009-10-06', NULL, NULL),
(604, '3833873', NULL, '3833873', NULL, 2, '2009-10-06', NULL, NULL),
(605, '3833874', NULL, '3833874', NULL, 2, '2009-10-06', NULL, NULL),
(606, '3833875', NULL, '3833875', NULL, 2, '2009-10-06', NULL, NULL),
(607, '3833876', NULL, '3833876', NULL, 2, '2009-10-06', NULL, NULL),
(608, '3833877', NULL, '3833877', NULL, 2, '2009-10-06', NULL, NULL),
(609, '3833878', NULL, '3833878', NULL, 2, '2009-10-06', NULL, NULL),
(610, '3833879', NULL, '3833879', NULL, 2, '2009-10-06', NULL, NULL),
(611, '3964929', NULL, '3964929', NULL, 2, '2009-10-06', NULL, NULL),
(612, '3964932', NULL, '3964932', NULL, 2, '2009-10-06', NULL, NULL),
(613, '3964935', NULL, '3964935', NULL, 2, '2009-10-06', NULL, NULL),
(614, '4030464', NULL, '4030464', NULL, 2, '2009-10-06', NULL, NULL),
(615, '4128782', NULL, '4128782', NULL, 2, '2009-10-06', NULL, NULL),
(616, '4161536', NULL, '4161536', NULL, 2, '2009-10-06', NULL, NULL),
(617, '4161537', NULL, '4161537', NULL, 2, '2009-10-06', NULL, NULL),
(618, '4161538', NULL, '4161538', NULL, 2, '2009-10-06', NULL, NULL),
(619, '4161542', NULL, '4161542', NULL, 2, '2009-10-06', NULL, NULL),
(620, '4161543', NULL, '4161543', NULL, 2, '2009-10-06', NULL, NULL),
(621, '4161544', NULL, '4161544', NULL, 2, '2009-10-06', NULL, NULL),
(622, '4161545', NULL, '4161545', NULL, 2, '2009-10-06', NULL, NULL),
(623, '4161546', NULL, '4161546', NULL, 2, '2009-10-06', NULL, NULL),
(624, '4161559', NULL, '4161559', NULL, 2, '2009-10-06', NULL, NULL),
(625, '4161560', NULL, '4161560', NULL, 2, '2009-10-06', NULL, NULL),
(626, '4194307', NULL, '4194307', NULL, 2, '2009-10-06', NULL, NULL),
(627, '4227072', NULL, '4227072', NULL, 2, '2009-10-06', NULL, NULL),
(628, '4227073', NULL, '4227073', NULL, 2, '2009-10-06', NULL, NULL),
(629, '4227074', NULL, '4227074', NULL, 2, '2009-10-06', NULL, NULL),
(630, '4227075', NULL, '4227075', NULL, 2, '2009-10-06', NULL, NULL),
(631, '4227076', NULL, '4227076', NULL, 2, '2009-10-06', NULL, NULL),
(632, '4227077', NULL, '4227077', NULL, 2, '2009-10-06', NULL, NULL),
(633, '4227078', NULL, '4227078', NULL, 2, '2009-10-06', NULL, NULL),
(634, '4227079', NULL, '4227079', NULL, 2, '2009-10-06', NULL, NULL),
(635, '4227080', NULL, '4227080', NULL, 2, '2009-10-06', NULL, NULL),
(636, '4227081', NULL, '4227081', NULL, 2, '2009-10-06', NULL, NULL),
(637, '4227082', NULL, '4227082', NULL, 2, '2009-10-06', NULL, NULL),
(638, '4227083', NULL, '4227083', NULL, 2, '2009-10-06', NULL, NULL),
(639, '4227084', NULL, '4227084', NULL, 2, '2009-10-06', NULL, NULL),
(640, '4227085', NULL, '4227085', NULL, 2, '2009-10-06', NULL, NULL),
(641, '4227086', NULL, '4227086', NULL, 2, '2009-10-06', NULL, NULL),
(642, '4227087', NULL, '4227087', NULL, 2, '2009-10-06', NULL, NULL),
(643, '4227088', NULL, '4227088', NULL, 2, '2009-10-06', NULL, NULL),
(644, '4227089', NULL, '4227089', NULL, 2, '2009-10-06', NULL, NULL),
(645, '4227090', NULL, '4227090', NULL, 2, '2009-10-06', NULL, NULL),
(646, '4227091', NULL, '4227091', NULL, 2, '2009-10-06', NULL, NULL),
(647, '4227092', NULL, '4227092', NULL, 2, '2009-10-06', NULL, NULL),
(648, '4227093', NULL, '4227093', NULL, 2, '2009-10-06', NULL, NULL),
(649, '4227094', NULL, '4227094', NULL, 2, '2009-10-06', NULL, NULL),
(650, '4227095', NULL, '4227095', NULL, 2, '2009-10-06', NULL, NULL),
(651, '4227096', NULL, '4227096', NULL, 2, '2009-10-06', NULL, NULL),
(653, '4227098', NULL, '4227098', NULL, 2, '2009-10-06', NULL, NULL),
(654, '4292608', NULL, '4292608', NULL, 2, '2009-10-06', NULL, NULL),
(655, '4292609', NULL, '4292609', NULL, 2, '2009-10-06', NULL, NULL),
(656, '4292610', NULL, '4292610', NULL, 2, '2009-10-06', NULL, NULL),
(657, '4292612', NULL, '4292612', NULL, 2, '2009-10-06', NULL, NULL),
(658, '4292613', NULL, '4292613', NULL, 2, '2009-10-06', NULL, NULL),
(659, '4292614', NULL, '4292614', NULL, 2, '2009-10-06', NULL, NULL),
(660, '4390913', NULL, '4390913', NULL, 2, '2009-10-06', NULL, NULL),
(661, '4390915', NULL, '4390915', NULL, 2, '2009-10-06', NULL, NULL),
(662, '4423680', NULL, '4423680', NULL, 2, '2009-10-06', NULL, NULL),
(663, '4423681', NULL, '4423681', NULL, 2, '2009-10-06', NULL, NULL),
(664, '4423682', NULL, '4423682', NULL, 2, '2009-10-06', NULL, NULL),
(665, '4423683', NULL, '4423683', NULL, 2, '2009-10-06', NULL, NULL),
(666, '4489216', NULL, '4489216', NULL, 2, '2009-10-06', NULL, NULL),
(667, '4489217', NULL, '4489217', NULL, 2, '2009-10-06', NULL, NULL),
(668, '4489218', NULL, '4489218', NULL, 2, '2009-10-06', NULL, NULL),
(669, '4489219', NULL, '4489219', NULL, 2, '2009-10-06', NULL, NULL),
(670, '4489220', NULL, '4489220', NULL, 2, '2009-10-06', NULL, NULL),
(671, '4489221', NULL, '4489221', NULL, 2, '2009-10-06', NULL, NULL),
(672, '4489222', NULL, '4489222', NULL, 2, '2009-10-06', NULL, NULL),
(673, '4587520', NULL, '4587520', NULL, 2, '2009-10-06', NULL, NULL),
(674, '884736', NULL, '884736', NULL, 2, '2009-10-06', NULL, NULL),
(675, '884737', NULL, '884737', NULL, 2, '2009-10-06', NULL, NULL),
(676, '901', NULL, '901', NULL, 2, '2009-10-06', NULL, NULL),
(678, '903', NULL, '903', NULL, 2, '2009-10-06', NULL, NULL),
(680, '905', NULL, '905', NULL, 2, '2009-10-06', NULL, NULL),
(682, '1540098', '', '1540098', '', 2, '2009-10-07', '', ''),
(683, '1540102', '', '1540102', '', 2, '2009-10-07', '', ''),
(684, '1540108', '', '1540108', '', 2, '2009-10-07', '', ''),
(685, '1540106', '', '1540106', '', 2, '2009-10-07', '', ''),
(686, '1540110', '', '1540110', '', 2, '2009-10-07', '', ''),
(687, '1540109', '', '1540109', '', 2, '2009-10-07', '', ''),
(688, '1540112', '', '1540112', '', 2, '2009-10-07', '', ''),
(689, 'NCL-52-A009', '', 'NCL-52-A009', '', 2, '2009-10-07', '', ''),
(690, 'NCL-55-1', '', 'NCL-55-1', '', 2, '2009-10-07', '', ''),
(691, 'NCL-56-2', '', 'NCL-56-2', '', 2, '2009-10-07', '', ''),
(692, 'NCL-57-2', '', 'NCL-57-2', '', 2, '2009-10-07', '', ''),
(693, 'NCL-58-2', '', 'NCL-58-2', '', 2, '2009-10-07', '', ''),
(694, 'NCL-59-2', '', 'NCL-59-2', '', 2, '2009-10-07', '', ''),
(695, '491520', '', '491520', '', 2, '2009-10-07', '', ''),
(696, '884738', '', '884738', '', 2, '2009-10-07', '', ''),
(697, '5308416', '', '5308416', '', 2, '2009-10-10', '', ''),
(698, '5308417', '', '5308417', '', 2, '2009-10-10', '', ''),
(699, '5308418', '', '5308418', '', 2, '2009-10-10', '', ''),
(700, '5308419', '', '5308419', '', 2, '2009-10-10', '', ''),
(701, '5308420', '', '5308420', '', 2, '2009-10-10', '', ''),
(702, '5406720', '', '5406720', '', 2, '2009-10-12', '', ''),
(703, '5406721', '', '5406721', '', 2, '2009-10-12', '', ''),
(704, '5406722', '', '5406722', '', 2, '2009-10-12', '', ''),
(705, '5406723', '', '5406723', '', 2, '2009-10-12', '', ''),
(706, '5406724', '', '5406724', '', 2, '2009-10-12', '', ''),
(707, '5406725', '', '5406725', '', 2, '2009-10-12', '', ''),
(708, '5406726', '', '5406726', '', 2, '2009-10-12', '', ''),
(709, '5406727', '', '5406727', '', 2, '2009-10-12', '', ''),
(710, '5406728', '', '5406728', '', 2, '2009-10-12', '', ''),
(711, '5406729', '', '5406729', '', 2, '2009-10-12', '', ''),
(712, '5406730', '', '5406730', '', 2, '2009-10-12', '', ''),
(713, '5406731', '', '5406731', '', 2, '2009-10-12', '', ''),
(714, '5406732', '', '5406732', '', 2, '2009-10-12', '', ''),
(715, '5406733', '', '5406733', '', 2, '2009-10-12', '', ''),
(716, '5406734', '', '5406734', '', 2, '2009-10-12', '', ''),
(717, '5406735', '', '5406735', '', 2, '2009-10-12', '', ''),
(718, '5406736', '', '5406736', '', 2, '2009-10-12', '', ''),
(719, '5406737', '', '5406737', '', 2, '2009-10-12', '', ''),
(720, '5406738', '', '5406738', '', 2, '2009-10-12', '', ''),
(721, '5406739', '', '5406739', '', 2, '2009-10-12', '', ''),
(722, '5406740', '', '5406740', '', 2, '2009-10-12', '', ''),
(723, '5406741', '', '5406741', '', 2, '2009-10-12', '', ''),
(724, '5537792', '', '5537792', '', 2, '2009-10-14', '', ''),
(725, '5537793', '', '5537793', '', 2, '2009-10-14', '', ''),
(726, '5537794', '', '5537794', '', 2, '2009-10-14', '', ''),
(727, '5537795', '', '5537795', '', 2, '2009-10-14', '', ''),
(728, '5537796', '', '5537796', '', 2, '2009-10-14', '', ''),
(729, '5537797', '', '5537797', '', 2, '2009-10-14', '', ''),
(730, '5570560', '', '5570560', '', 2, '2009-10-14', '', ''),
(731, '5570561', '', '5570561', '', 2, '2009-10-14', '', ''),
(732, '5537798', '', '5537798', '', 2, '2009-10-14', '', ''),
(733, '5537799', '', '5537799', '', 2, '2009-10-14', '', ''),
(734, '5570562', '', '5570562', '', 2, '2009-10-14', '', ''),
(735, '5570563', '', '5570563', '', 2, '2009-10-14', '', ''),
(736, '5570564', '', '5570564', '', 2, '2009-10-14', '', ''),
(737, '5570565', '', '5570565', '', 2, '2009-10-14', '', ''),
(738, '5701632', '', '5701632', '', 2, '2009-10-15', '', ''),
(739, '5701633', '', '5701633', '', 2, '2009-10-15', '', ''),
(740, '5701634', '', '5701634', '', 2, '2009-10-15', '', ''),
(741, '5701635', '', '5701635', '', 2, '2009-10-15', '', ''),
(742, '5701636', '', '5701636', '', 2, '2009-10-15', '', ''),
(743, '5701637', '', '5701637', '', 2, '2009-10-15', '', ''),
(744, '5701638', '', '5701638', '', 2, '2009-10-15', '', ''),
(745, '5701639', '', '5701639', '', 2, '2009-10-15', '', ''),
(746, '5701640', '', '5701640', '', 2, '2009-10-15', '', ''),
(747, '5701641', '', '5701641', '', 2, '2009-10-15', '', ''),
(748, '5701642', '', '5701642', '', 2, '2009-10-15', '', ''),
(749, '5701643', '', '5701643', '', 2, '2009-10-15', '', ''),
(750, '5701644', '', '5701644', '', 2, '2009-10-15', '', ''),
(751, '5701645', '', '5701645', '', 2, '2009-10-15', '', ''),
(752, '5701646', '', '5701646', '', 2, '2009-10-15', '', ''),
(753, '5701647', '', '5701647', '', 2, '2009-10-15', '', ''),
(754, '5701648', '', '5701648', '', 2, '2009-10-15', '', ''),
(755, '5701649', '', '5701649', '', 2, '2009-10-15', '', ''),
(756, '5701650', '', '5701650', '', 2, '2009-10-15', '', ''),
(757, '5701651', '', '5701651', '', 2, '2009-10-15', '', ''),
(758, '5701652', '', '5701652', '', 2, '2009-10-15', '', ''),
(759, '5701653', '', '5701653', '', 2, '2009-10-15', '', ''),
(760, '5701654', '', '5701654', '', 2, '2009-10-15', '', ''),
(761, '5701655', '', '5701655', '', 2, '2009-10-15', '', ''),
(762, '5701656', '', '5701656', '', 2, '2009-10-15', '', ''),
(763, '5701657', '', '5701657', '', 2, '2009-10-15', '', ''),
(764, '5701658', '', '5701658', '', 2, '2009-10-15', '', ''),
(765, '5701659', '', '5701659', '', 2, '2009-10-15', '', ''),
(766, '5701660', '', '5701660', '', 2, '2009-10-15', '', ''),
(767, '5701661', '', '5701661', '', 2, '2009-10-15', '', ''),
(768, '5701662', '', '5701662', '', 2, '2009-10-15', '', ''),
(769, '5701663', '', '5701663', '', 2, '2009-10-15', '', ''),
(770, '5701664', '', '5701664', '', 2, '2009-10-15', '', ''),
(771, '5701665', '', '5701665', '', 2, '2009-10-15', '', ''),
(772, '5701666', '', '5701666', '', 2, '2009-10-15', '', ''),
(773, '5701667', '', '5701667', '', 2, '2009-10-15', '', ''),
(774, '5701668', '', '5701668', '', 2, '2009-10-15', '', ''),
(775, '5701669', '', '5701669', '', 2, '2009-10-15', '', ''),
(776, '5701670', '', '5701670', '', 2, '2009-10-15', '', ''),
(777, '5701671', '', '5701671', '', 2, '2009-10-15', '', ''),
(778, '5701672', '', '5701672', '', 2, '2009-10-15', '', ''),
(779, '5701673', '', '5701673', '', 2, '2009-10-15', '', ''),
(780, '5701674', '', '5701674', '', 2, '2009-10-15', '', ''),
(781, '5701675', '', '5701675', '', 2, '2009-10-15', '', ''),
(782, '5701676', '', '5701676', '', 2, '2009-10-15', '', ''),
(783, '5701677', '', '5701677', '', 2, '2009-10-15', '', ''),
(784, '5701678', '', '5701678', '', 2, '2009-10-15', '', ''),
(785, '5701679', '', '5701679', '', 2, '2009-10-15', '', ''),
(786, '5701680', '', '5701680', '', 2, '2009-10-15', '', ''),
(787, '5701681', '', '5701681', '', 2, '2009-10-15', '', ''),
(788, '5701682', '', '5701682', '', 2, '2009-10-15', '', ''),
(789, '5701683', '', '5701683', '', 2, '2009-10-15', '', ''),
(790, '5701684', '', '5701684', '', 2, '2009-10-15', '', ''),
(791, '5701685', '', '5701685', '', 2, '2009-10-15', '', ''),
(792, '5701686', '', '5701686', '', 2, '2009-10-15', '', ''),
(793, '5701687', '', '5701687', '', 2, '2009-10-15', '', ''),
(794, '5701688', '', '5701688', '', 2, '2009-10-15', '', ''),
(795, '5701689', '', '5701689', '', 2, '2009-10-15', '', ''),
(796, '5701690', '', '5701690', '', 2, '2009-10-15', '', ''),
(797, '5701691', '', '5701691', '', 2, '2009-10-15', '', ''),
(798, '5701692', '', '5701692', '', 2, '2009-10-15', '', ''),
(799, '5701693', '', '5701693', '', 2, '2009-10-15', '', ''),
(800, '5701694', '', '5701694', '', 2, '2009-10-15', '', ''),
(801, '5701695', '', '5701695', '', 2, '2009-10-15', '', ''),
(802, '5701696', '', '5701696', '', 2, '2009-10-15', '', ''),
(803, '5701697', '', '5701697', '', 2, '2009-10-15', '', ''),
(804, '5701698', '', '5701698', '', 2, '2009-10-15', '', ''),
(805, '5701699', '', '5701699', '', 2, '2009-10-15', '', ''),
(806, '5701700', '', '5701700', '', 2, '2009-10-15', '', ''),
(807, '5701701', '', '5701701', '', 2, '2009-10-15', '', ''),
(808, '5701702', '', '5701702', '', 2, '2009-10-15', '', ''),
(809, '5701703', '', '5701703', '', 2, '2009-10-15', '', ''),
(810, '5701704', '', '5701704', '', 2, '2009-10-15', '', '');
INSERT INTO `csm_protection_element` (`protection_element_id`, `protection_element_name`, `protection_element_description`, `object_id`, `attribute`, `application_id`, `update_date`, `protection_element_type`, `attribute_value`) VALUES
(811, '5701705', '', '5701705', '', 2, '2009-10-15', '', ''),
(812, '5701706', '', '5701706', '', 2, '2009-10-15', '', ''),
(813, '5701707', '', '5701707', '', 2, '2009-10-15', '', ''),
(814, '5701708', '', '5701708', '', 2, '2009-10-15', '', ''),
(815, '5701709', '', '5701709', '', 2, '2009-10-15', '', ''),
(816, '5701710', '', '5701710', '', 2, '2009-10-15', '', ''),
(817, '5701711', '', '5701711', '', 2, '2009-10-15', '', ''),
(818, '5701712', '', '5701712', '', 2, '2009-10-15', '', ''),
(819, '5701713', '', '5701713', '', 2, '2009-10-15', '', ''),
(820, '5701714', '', '5701714', '', 2, '2009-10-15', '', ''),
(821, '5701715', '', '5701715', '', 2, '2009-10-15', '', ''),
(822, '5701716', '', '5701716', '', 2, '2009-10-15', '', ''),
(823, '5701717', '', '5701717', '', 2, '2009-10-15', '', ''),
(824, '5701718', '', '5701718', '', 2, '2009-10-15', '', ''),
(825, '5701719', '', '5701719', '', 2, '2009-10-15', '', ''),
(826, '5701720', '', '5701720', '', 2, '2009-10-15', '', ''),
(827, '5701721', '', '5701721', '', 2, '2009-10-15', '', ''),
(828, '5701722', '', '5701722', '', 2, '2009-10-15', '', ''),
(829, '5701723', '', '5701723', '', 2, '2009-10-15', '', ''),
(830, '5701724', '', '5701724', '', 2, '2009-10-15', '', ''),
(831, '5701725', '', '5701725', '', 2, '2009-10-15', '', ''),
(832, '5701726', '', '5701726', '', 2, '2009-10-15', '', ''),
(833, '5701727', '', '5701727', '', 2, '2009-10-15', '', ''),
(834, '5701728', '', '5701728', '', 2, '2009-10-15', '', ''),
(835, '5701729', '', '5701729', '', 2, '2009-10-15', '', ''),
(836, '5701730', '', '5701730', '', 2, '2009-10-15', '', ''),
(837, '5701731', '', '5701731', '', 2, '2009-10-15', '', ''),
(838, '5701732', '', '5701732', '', 2, '2009-10-15', '', ''),
(839, '5701733', '', '5701733', '', 2, '2009-10-15', '', ''),
(840, '2129920', '', '2129920', '', 2, '2009-10-16', '', ''),
(841, '2129923', '', '2129923', '', 2, '2009-10-16', '', ''),
(842, '2129928', '', '2129928', '', 2, '2009-10-16', '', ''),
(843, '2129929', '', '2129929', '', 2, '2009-10-16', '', ''),
(844, '2392076', '', '2392076', '', 2, '2009-10-16', '', ''),
(845, '5734400', '', '5734400', '', 2, '2009-10-16', '', ''),
(846, '5767168', '', '5767168', '', 2, '2009-10-16', '', ''),
(847, 'Demonstration-Sample', '', 'Demonstration-Sample', '', 2, '2009-10-16', '', ''),
(848, '5865472', '', '5865472', '', 2, '2009-10-16', '', ''),
(849, '5832704', '', '5832704', '', 2, '2009-10-16', '', ''),
(850, '5898240', '', '5898240', '', 2, '2009-10-16', '', ''),
(851, '5931008', '', '5931008', '', 2, '2009-10-16', '', ''),
(852, '5996544', '', '5996544', '', 2, '2009-10-16', '', ''),
(853, '5963776', '', '5963776', '', 2, '2009-10-16', '', ''),
(854, '5996545', '', '5996545', '', 2, '2009-10-16', '', ''),
(855, '5963777', '', '5963777', '', 2, '2009-10-16', '', ''),
(856, '6029312', '', '6029312', '', 2, '2009-10-16', '', ''),
(857, '6062080', '', '6062080', '', 2, '2009-10-16', '', ''),
(858, '6094848', '', '6094848', '', 2, '2009-10-16', '', ''),
(859, '6062081', '', '6062081', '', 2, '2009-10-16', '', ''),
(860, '6062082', '', '6062082', '', 2, '2009-10-16', '', ''),
(861, '6062083', '', '6062083', '', 2, '2009-10-16', '', ''),
(862, '6094849', '', '6094849', '', 2, '2009-10-16', '', ''),
(863, '5963778', '', '5963778', '', 2, '2009-10-16', '', ''),
(864, '5963779', '', '5963779', '', 2, '2009-10-16', '', ''),
(865, '6094850', '', '6094850', '', 2, '2009-10-16', '', ''),
(866, '6094851', '', '6094851', '', 2, '2009-10-16', '', ''),
(867, '6094852', '', '6094852', '', 2, '2009-10-16', '', ''),
(868, '6094853', '', '6094853', '', 2, '2009-10-16', '', ''),
(869, 'demo-sample', '', 'demo-sample', '', 2, '2009-10-16', '', ''),
(870, '5865473', '', '5865473', '', 2, '2009-10-16', '', ''),
(871, '5832705', '', '5832705', '', 2, '2009-10-16', '', ''),
(872, '5898241', '', '5898241', '', 2, '2009-10-16', '', ''),
(873, '5996546', '', '5996546', '', 2, '2009-10-16', '', ''),
(874, '5963780', '', '5963780', '', 2, '2009-10-16', '', ''),
(875, '6029313', '', '6029313', '', 2, '2009-10-16', '', ''),
(876, '6062084', '', '6062084', '', 2, '2009-10-16', '', ''),
(877, '6094854', '', '6094854', '', 2, '2009-10-16', '', ''),
(878, '6094855', '', '6094855', '', 2, '2009-10-16', '', ''),
(879, '6094856', '', '6094856', '', 2, '2009-10-16', '', ''),
(880, '6094857', '', '6094857', '', 2, '2009-10-16', '', ''),
(881, '6094858', '', '6094858', '', 2, '2009-10-16', '', ''),
(882, '6094859', '', '6094859', '', 2, '2009-10-16', '', ''),
(883, '6062085', '', '6062085', '', 2, '2009-10-16', '', ''),
(884, '6062086', '', '6062086', '', 2, '2009-10-16', '', ''),
(885, '5963781', '', '5963781', '', 2, '2009-10-16', '', ''),
(886, '5963782', '', '5963782', '', 2, '2009-10-16', '', ''),
(887, '6062087', '', '6062087', '', 2, '2009-10-16', '', ''),
(888, '6062088', '', '6062088', '', 2, '2009-10-16', '', ''),
(889, '6062089', '', '6062089', '', 2, '2009-10-16', '', ''),
(890, '5963783', '', '5963783', '', 2, '2009-10-16', '', ''),
(891, '5341186', '', '5341186', '', 2, '2009-10-19', '', ''),
(892, '5603329', '', '5603329', '', 2, '2009-10-19', '', ''),
(893, '5636096', '', '5636096', '', 2, '2009-10-19', '', ''),
(894, '5472257', '', '5472257', '', 2, '2009-10-19', '', ''),
(895, '5341184', '', '5341184', '', 2, '2009-10-19', '', ''),
(896, '5373952', '', '5373952', '', 2, '2009-10-19', '', ''),
(897, '5341185', '', '5341185', '', 2, '2009-10-19', '', ''),
(898, '3997698', '', '3997698', '', 2, '2009-10-19', '', ''),
(899, '3997700', '', '3997700', '', 2, '2009-10-19', '', ''),
(900, '3997696', '', '3997696', '', 2, '2009-10-19', '', ''),
(901, '3997697', '', '3997697', '', 2, '2009-10-19', '', ''),
(902, '3997699', '', '3997699', '', 2, '2009-10-19', '', ''),
(903, '3997702', '', '3997702', '', 2, '2009-10-19', '', ''),
(904, '3997703', '', '3997703', '', 2, '2009-10-19', '', ''),
(905, '5439488', '', '5439488', '', 2, '2009-10-19', '', ''),
(906, '5439489', '', '5439489', '', 2, '2009-10-19', '', ''),
(907, '5472256', '', '5472256', '', 2, '2009-10-19', '', ''),
(908, '4685826', '', '4685826', '', 2, '2009-10-19', '', ''),
(909, '4685825', '', '4685825', '', 2, '2009-10-19', '', ''),
(910, '5439490', '', '5439490', '', 2, '2009-10-19', '', ''),
(911, '5603328', '', '5603328', '', 2, '2009-10-19', '', ''),
(912, '3997709', '', '3997709', '', 2, '2009-10-19', '', ''),
(913, '3997707', '', '3997707', '', 2, '2009-10-19', '', ''),
(914, '3997711', '', '3997711', '', 2, '2009-10-19', '', ''),
(915, '3997716', '', '3997716', '', 2, '2009-10-19', '', ''),
(916, '3997719', '', '3997719', '', 2, '2009-10-19', '', ''),
(917, '4161553', '', '4161553', '', 2, '2009-10-19', '', ''),
(918, '4161552', '', '4161552', '', 2, '2009-10-19', '', ''),
(919, '4161554', '', '4161554', '', 2, '2009-10-19', '', ''),
(920, '4161561', '', '4161561', '', 2, '2009-10-19', '', ''),
(921, '1048576', '', '1048576', '', 2, '2009-10-19', '', ''),
(922, '1048577', '', '1048577', '', 2, '2009-10-19', '', ''),
(923, '1114112', '', '1114112', '', 2, '2009-10-19', '', ''),
(924, '3309568', '', '3309568', '', 2, '2009-10-19', '', ''),
(925, '4161551', '', '4161551', '', 2, '2009-10-19', '', ''),
(926, '4751360', '', '4751360', '', 2, '2009-10-19', '', ''),
(927, '5079040', '', '5079040', '', 2, '2009-10-19', '', ''),
(928, '5079041', '', '5079041', '', 2, '2009-10-19', '', ''),
(929, '5079042', '', '5079042', '', 2, '2009-10-19', '', ''),
(930, '5079043', '', '5079043', '', 2, '2009-10-19', '', ''),
(931, '5079044', '', '5079044', '', 2, '2009-10-19', '', ''),
(932, '5079045', '', '5079045', '', 2, '2009-10-19', '', ''),
(933, '5079046', '', '5079046', '', 2, '2009-10-19', '', ''),
(934, '5079047', '', '5079047', '', 2, '2009-10-19', '', ''),
(935, '5079048', '', '5079048', '', 2, '2009-10-19', '', ''),
(936, '6127616', '', '6127616', '', 2, '2009-11-03', '', ''),
(937, '6127617', '', '6127617', '', 2, '2009-11-03', '', ''),
(938, '6160384', '', '6160384', '', 2, '2009-11-03', '', ''),
(939, '6160385', '', '6160385', '', 2, '2009-11-03', '', ''),
(940, '6127618', '', '6127618', '', 2, '2009-11-03', '', ''),
(941, '6127619', '', '6127619', '', 2, '2009-11-03', '', ''),
(942, '6127620', '', '6127620', '', 2, '2009-11-03', '', ''),
(943, '6127621', '', '6127621', '', 2, '2009-11-03', '', ''),
(944, '6160386', '', '6160386', '', 2, '2009-11-03', '', ''),
(945, '6127622', '', '6127622', '', 2, '2009-11-03', '', ''),
(946, '6127623', '', '6127623', '', 2, '2009-11-03', '', ''),
(947, '6160387', '', '6160387', '', 2, '2009-11-03', '', ''),
(948, '6127624', '', '6127624', '', 2, '2009-11-03', '', ''),
(949, '6160388', '', '6160388', '', 2, '2009-11-03', '', ''),
(950, '6127625', '', '6127625', '', 2, '2009-11-03', '', ''),
(951, '4227097', '', '4227097', '', 2, '2009-11-03', '', ''),
(952, '6160389', '', '6160389', '', 2, '2009-11-03', '', ''),
(953, '6127626', '', '6127626', '', 2, '2009-11-03', '', ''),
(954, '6127627', '', '6127627', '', 2, '2009-11-03', '', ''),
(955, '6127628', '', '6127628', '', 2, '2009-11-03', '', ''),
(956, '6127629', '', '6127629', '', 2, '2009-11-03', '', '');

-- --------------------------------------------------------

--
-- Table structure for table `csm_protection_group`
--

CREATE TABLE IF NOT EXISTS `csm_protection_group1` (
  `protection_group_id` bigint(20) NOT NULL auto_increment,
  `protection_group_name` varchar(100) NOT NULL,
  `protection_group_description` varchar(200) default NULL,
  `application_id` bigint(20) NOT NULL,
  `large_element_count_flag` tinyint(1) NOT NULL,
  `update_date` date NOT NULL,
  `parent_protection_group_id` bigint(20) default NULL,
  PRIMARY KEY  (`protection_group_id`),
  UNIQUE KEY `uq_protection_group_protection_group_name` (`application_id`,`protection_group_name`),
  KEY `idx_application_id` (`application_id`),
  KEY `idx_parent_protection_group_id` (`parent_protection_group_id`)
) ENGINE=InnoDB DEFAULT CHARSET=latin1 AUTO_INCREMENT=958 ;

--
-- Dumping data for table `csm_protection_group`
--

INSERT INTO `csm_protection_group1` (`protection_group_id`, `protection_group_name`, `protection_group_description`, `application_id`, `large_element_count_flag`, `update_date`, `parent_protection_group_id`) VALUES
(51, '1081344', NULL, 2, 0, '2006-12-08', NULL),
(52, 'NCL-20-1', NULL, 2, 0, '2006-12-11', NULL),
(53, '1540096', NULL, 2, 0, '2006-12-11', NULL),
(54, '1540097', NULL, 2, 0, '2006-12-11', NULL),
(55, '1540099', NULL, 2, 0, '2006-12-11', NULL),
(56, '1540100', NULL, 2, 0, '2006-12-11', NULL),
(57, '1474564', NULL, 2, 0, '2006-12-11', NULL),
(58, 'NCL-21-1', NULL, 2, 0, '2006-12-11', NULL),
(59, '1540105', NULL, 2, 0, '2006-12-11', NULL),
(60, 'NCL-22-1', NULL, 2, 0, '2006-12-11', NULL),
(61, '1540111', NULL, 2, 0, '2006-12-11', NULL),
(62, '1540115', NULL, 2, 0, '2006-12-11', NULL),
(63, '1540117', NULL, 2, 0, '2006-12-11', NULL),
(64, '1474569', NULL, 2, 0, '2006-12-11', NULL),
(65, 'NCL-26-1', NULL, 2, 0, '2006-12-11', NULL),
(66, 'NCL-25-1', NULL, 2, 0, '2006-12-11', NULL),
(67, 'NCL-23-1', NULL, 2, 0, '2006-12-11', NULL),
(68, '1540118', NULL, 2, 0, '2006-12-11', NULL),
(69, '1540119', NULL, 2, 0, '2006-12-11', NULL),
(70, '1540120', NULL, 2, 0, '2006-12-11', NULL),
(71, '1540121', NULL, 2, 0, '2006-12-11', NULL),
(72, '1474574', NULL, 2, 0, '2006-12-11', NULL),
(73, '1802240', NULL, 2, 0, '2006-12-11', NULL),
(74, '1802241', NULL, 2, 0, '2006-12-11', NULL),
(75, '1900544', NULL, 2, 0, '2006-12-11', NULL),
(76, '1802243', NULL, 2, 0, '2006-12-11', NULL),
(77, '1802244', NULL, 2, 0, '2006-12-11', NULL),
(78, '1802245', NULL, 2, 0, '2006-12-11', NULL),
(79, '1802246', NULL, 2, 0, '2006-12-11', NULL),
(80, '1900545', NULL, 2, 0, '2006-12-11', NULL),
(81, '1900546', NULL, 2, 0, '2006-12-11', NULL),
(82, '1900547', NULL, 2, 0, '2006-12-11', NULL),
(83, '1900548', NULL, 2, 0, '2006-12-11', NULL),
(84, '1900549', NULL, 2, 0, '2006-12-11', NULL),
(85, 'NCL-24-1', NULL, 2, 0, '2006-12-11', NULL),
(86, '1900550', NULL, 2, 0, '2006-12-11', NULL),
(87, '1900551', NULL, 2, 0, '2006-12-11', NULL),
(88, '1900552', NULL, 2, 0, '2006-12-11', NULL),
(89, '1900554', NULL, 2, 0, '2006-12-11', NULL),
(90, '1900555', NULL, 2, 0, '2006-12-11', NULL),
(91, '1900556', NULL, 2, 0, '2006-12-11', NULL),
(92, '1802258', NULL, 2, 0, '2006-12-11', NULL),
(93, '1900557', NULL, 2, 0, '2006-12-11', NULL),
(94, '1802260', NULL, 2, 0, '2006-12-11', NULL),
(95, '1802261', NULL, 2, 0, '2006-12-11', NULL),
(96, '1900558', NULL, 2, 0, '2006-12-11', NULL),
(97, '1802263', NULL, 2, 0, '2006-12-11', NULL),
(98, '1900559', NULL, 2, 0, '2006-12-11', NULL),
(99, '1802265', NULL, 2, 0, '2006-12-11', NULL),
(100, '1900561', NULL, 2, 0, '2006-12-11', NULL),
(101, '1900562', NULL, 2, 0, '2006-12-11', NULL),
(102, '1900563', NULL, 2, 0, '2006-12-11', NULL),
(103, '1900564', NULL, 2, 0, '2006-12-11', NULL),
(104, '1900565', NULL, 2, 0, '2006-12-11', NULL),
(105, '1900566', NULL, 2, 0, '2006-12-11', NULL),
(106, '1900567', NULL, 2, 0, '2006-12-11', NULL),
(107, '1900568', NULL, 2, 0, '2006-12-11', NULL),
(108, '1900569', NULL, 2, 0, '2006-12-11', NULL),
(109, '2457600', NULL, 2, 0, '2006-12-13', NULL),
(110, '2457601', NULL, 2, 0, '2006-12-13', NULL),
(111, '2457602', NULL, 2, 0, '2006-12-13', NULL),
(112, '2457603', NULL, 2, 0, '2006-12-13', NULL),
(113, '2457604', NULL, 2, 0, '2006-12-13', NULL),
(114, '2293765', NULL, 2, 0, '2006-12-13', NULL),
(115, '2457605', NULL, 2, 0, '2006-12-13', NULL),
(116, '2457606', NULL, 2, 0, '2006-12-13', NULL),
(117, '2457607', NULL, 2, 0, '2006-12-13', NULL),
(118, '2457608', NULL, 2, 0, '2006-12-13', NULL),
(119, '2457609', NULL, 2, 0, '2006-12-13', NULL),
(120, '2457610', NULL, 2, 0, '2006-12-13', NULL),
(121, '2457611', NULL, 2, 0, '2006-12-13', NULL),
(122, '2457612', NULL, 2, 0, '2006-12-13', NULL),
(123, '2457613', NULL, 2, 0, '2006-12-13', NULL),
(124, '2457614', NULL, 2, 0, '2006-12-13', NULL),
(126, '2981888', NULL, 2, 0, '2006-12-15', NULL),
(127, '3178496', NULL, 2, 0, '2006-12-20', NULL),
(133, 'NCL-61', NULL, 2, 0, '2006-12-21', NULL),
(134, '3538944', NULL, 2, 0, '2006-12-21', NULL),
(135, '1540107', NULL, 2, 0, '2007-04-11', NULL),
(136, '3801088', NULL, 2, 0, '2007-04-11', NULL),
(137, '3801089', NULL, 2, 0, '2007-04-11', NULL),
(138, '3801090', NULL, 2, 0, '2007-04-11', NULL),
(139, '3801091', NULL, 2, 0, '2007-04-11', NULL),
(140, '3801092', NULL, 2, 0, '2007-04-11', NULL),
(141, '3801093', NULL, 2, 0, '2007-04-11', NULL),
(142, '3801094', NULL, 2, 0, '2007-04-11', NULL),
(143, '3801095', NULL, 2, 0, '2007-04-11', NULL),
(144, '3801096', NULL, 2, 0, '2007-04-11', NULL),
(145, '3801097', NULL, 2, 0, '2007-04-11', NULL),
(146, '3801098', NULL, 2, 0, '2007-04-11', NULL),
(147, '3801099', NULL, 2, 0, '2007-04-11', NULL),
(148, '3702797', NULL, 2, 0, '2007-04-11', NULL),
(149, '3801100', NULL, 2, 0, '2007-04-12', NULL),
(150, '3801101', NULL, 2, 0, '2007-04-12', NULL),
(151, '3801102', NULL, 2, 0, '2007-04-12', NULL),
(152, '1540116', NULL, 2, 0, '2007-04-12', NULL),
(153, '3801103', NULL, 2, 0, '2007-04-12', NULL),
(154, '3801104', NULL, 2, 0, '2007-04-12', NULL),
(155, '3801105', NULL, 2, 0, '2007-04-12', NULL),
(156, '1540113', NULL, 2, 0, '2007-04-12', NULL),
(157, '1540114', NULL, 2, 0, '2007-04-12', NULL),
(158, '1540103', NULL, 2, 0, '2007-04-12', NULL),
(159, '1540104', NULL, 2, 0, '2007-04-12', NULL),
(160, '3801106', NULL, 2, 0, '2007-04-12', NULL),
(161, '1900553', NULL, 2, 0, '2007-04-12', NULL),
(162, '3801107', NULL, 2, 0, '2007-04-12', NULL),
(163, '3801108', NULL, 2, 0, '2007-04-13', NULL),
(164, '3801109', NULL, 2, 0, '2007-04-13', NULL),
(165, '3801110', NULL, 2, 0, '2007-04-13', NULL),
(166, '3801111', NULL, 2, 0, '2007-04-13', NULL),
(167, '3801112', NULL, 2, 0, '2007-04-13', NULL),
(168, '3801113', NULL, 2, 0, '2007-04-13', NULL),
(169, '3801114', NULL, 2, 0, '2007-04-13', NULL),
(170, '3801115', NULL, 2, 0, '2007-04-13', NULL),
(171, '3801116', NULL, 2, 0, '2007-04-13', NULL),
(172, '3801117', NULL, 2, 0, '2007-04-13', NULL),
(173, '3801118', NULL, 2, 0, '2007-04-13', NULL),
(174, '3801119', NULL, 2, 0, '2007-04-13', NULL),
(175, '3702824', NULL, 2, 0, '2007-04-13', NULL),
(176, '3702825', NULL, 2, 0, '2007-04-13', NULL),
(177, '3801120', NULL, 2, 0, '2007-04-13', NULL),
(178, '3801121', NULL, 2, 0, '2007-04-13', NULL),
(179, '3801122', NULL, 2, 0, '2007-04-13', NULL),
(180, '3801123', NULL, 2, 0, '2007-04-13', NULL),
(181, '3801124', NULL, 2, 0, '2007-04-13', NULL),
(182, '3801126', NULL, 2, 0, '2007-04-13', NULL),
(183, '3801125', NULL, 2, 0, '2007-04-13', NULL),
(184, '3801127', NULL, 2, 0, '2007-04-13', NULL),
(185, '3801128', NULL, 2, 0, '2007-04-13', NULL),
(186, '3801129', NULL, 2, 0, '2007-04-13', NULL),
(187, '3801130', NULL, 2, 0, '2007-04-13', NULL),
(188, '3801131', NULL, 2, 0, '2007-04-13', NULL),
(189, '3801132', NULL, 2, 0, '2007-04-13', NULL),
(190, '3801133', NULL, 2, 0, '2007-04-13', NULL),
(192, 'NCL-42', NULL, 2, 0, '2007-05-17', NULL),
(193, '4259840', NULL, 2, 0, '2007-05-17', NULL),
(194, '4259841', NULL, 2, 0, '2007-05-17', NULL),
(195, '4259842', NULL, 2, 0, '2007-05-17', NULL),
(196, '4259843', NULL, 2, 0, '2007-05-17', NULL),
(197, '4128772', NULL, 2, 0, '2007-05-31', NULL),
(198, '4128773', NULL, 2, 0, '2007-05-31', NULL),
(199, '4259844', NULL, 2, 0, '2007-05-31', NULL),
(200, '4259845', NULL, 2, 0, '2007-05-31', NULL),
(201, '4259846', NULL, 2, 0, '2007-05-31', NULL),
(202, '4259847', NULL, 2, 0, '2007-05-31', NULL),
(203, '4259848', NULL, 2, 0, '2007-05-31', NULL),
(204, '4259849', NULL, 2, 0, '2007-05-31', NULL),
(205, '4259850', NULL, 2, 0, '2007-05-31', NULL),
(206, '4259851', NULL, 2, 0, '2007-05-31', NULL),
(207, '4128782', NULL, 2, 0, '2007-05-31', NULL),
(208, '4128783', NULL, 2, 0, '2007-05-31', NULL),
(209, '4128784', NULL, 2, 0, '2007-05-31', NULL),
(210, '4128785', NULL, 2, 0, '2007-05-31', NULL),
(211, '4259853', NULL, 2, 0, '2007-05-31', NULL),
(212, 'NCL-45', NULL, 2, 0, '2007-05-31', NULL),
(213, '4259854', NULL, 2, 0, '2007-05-31', NULL),
(214, 'NCL-17', NULL, 2, 0, '2007-05-31', NULL),
(215, '4259855', NULL, 2, 0, '2007-05-31', NULL),
(216, 'NCL-16', NULL, 2, 0, '2007-06-08', NULL),
(217, '4259856', NULL, 2, 0, '2007-06-08', NULL),
(218, 'NCL-19', NULL, 2, 0, '2007-06-08', NULL),
(219, '4259857', NULL, 2, 0, '2007-06-08', NULL),
(220, 'NCL-48', NULL, 2, 0, '2007-06-08', NULL),
(221, 'NCL-48-4', NULL, 2, 0, '2007-06-08', NULL),
(222, 'NCL-49', NULL, 2, 0, '2007-06-08', NULL),
(223, '4259858', NULL, 2, 0, '2007-06-14', NULL),
(224, '4259859', NULL, 2, 0, '2007-06-14', NULL),
(225, '4259860', NULL, 2, 0, '2007-06-14', NULL),
(226, '4259861', NULL, 2, 0, '2007-06-14', NULL),
(227, '4259862', NULL, 2, 0, '2007-06-14', NULL),
(228, '4259863', NULL, 2, 0, '2007-06-14', NULL),
(229, '4259864', NULL, 2, 0, '2007-06-14', NULL),
(230, '4259865', NULL, 2, 0, '2007-07-13', NULL),
(231, '4259866', NULL, 2, 0, '2007-07-13', NULL),
(232, '4259867', NULL, 2, 0, '2007-07-13', NULL),
(233, '4259868', NULL, 2, 0, '2007-07-20', NULL),
(234, '4259869', NULL, 2, 0, '2007-07-20', NULL),
(235, '4259870', NULL, 2, 0, '2007-07-20', NULL),
(236, '4259871', NULL, 2, 0, '2007-07-20', NULL),
(238, '101', NULL, 2, 0, '2007-08-31', NULL),
(239, '102', NULL, 2, 0, '2007-08-31', NULL),
(240, '103', NULL, 2, 0, '2007-08-31', NULL),
(241, '104', NULL, 2, 0, '2007-08-31', NULL),
(242, '105', NULL, 2, 0, '2007-08-31', NULL),
(243, '106', NULL, 2, 0, '2007-08-31', NULL),
(244, '107', NULL, 2, 0, '2007-08-31', NULL),
(245, '108', NULL, 2, 0, '2007-08-31', NULL),
(246, '109', NULL, 2, 0, '2007-08-31', NULL),
(247, '110', NULL, 2, 0, '2007-08-31', NULL),
(248, '111', NULL, 2, 0, '2007-08-31', NULL),
(249, '112', NULL, 2, 0, '2007-08-31', NULL),
(250, '113', NULL, 2, 0, '2007-08-31', NULL),
(251, '114', NULL, 2, 0, '2007-08-31', NULL),
(252, '115', NULL, 2, 0, '2007-08-31', NULL),
(253, '116', NULL, 2, 0, '2007-08-31', NULL),
(254, '117', NULL, 2, 0, '2007-08-31', NULL),
(255, '118', NULL, 2, 0, '2007-08-31', NULL),
(256, '119', NULL, 2, 0, '2007-08-31', NULL),
(257, '4259852', NULL, 2, 0, '2007-09-13', NULL),
(258, '4456448', NULL, 2, 0, '2007-09-13', NULL),
(259, '4456449', NULL, 2, 0, '2007-09-13', NULL),
(260, '4456450', NULL, 2, 0, '2007-09-13', NULL),
(261, '4456451', NULL, 2, 0, '2007-09-13', NULL),
(262, '4521984', NULL, 2, 0, '2007-11-16', NULL),
(263, '4521985', NULL, 2, 0, '2007-11-16', NULL),
(264, '4521986', NULL, 2, 0, '2007-11-16', NULL),
(265, '4521987', NULL, 2, 0, '2007-11-16', NULL),
(266, '4521988', NULL, 2, 0, '2007-11-16', NULL),
(267, '4521989', NULL, 2, 0, '2007-11-16', NULL),
(268, '4521990', NULL, 2, 0, '2007-11-16', NULL),
(270, 'protocol', '', 2, 0, '2008-01-16', NULL),
(271, 'sample', '', 2, 0, '2008-01-16', NULL),
(272, 'publication', '', 2, 0, '2008-01-16', NULL),
(273, '4620288', NULL, 2, 0, '2008-01-24', NULL),
(274, '4620291', NULL, 2, 0, '2008-01-24', NULL),
(275, '4620292', NULL, 2, 0, '2008-01-24', NULL),
(276, '4620293', NULL, 2, 0, '2008-01-24', NULL),
(277, '4620294', NULL, 2, 0, '2008-01-24', NULL),
(278, 'NCL-49-2', NULL, 2, 0, '2008-01-24', NULL),
(279, 'NCL-50-1', NULL, 2, 0, '2008-01-24', NULL),
(280, 'NCL-51-3', NULL, 2, 0, '2008-01-24', NULL),
(281, '884736', NULL, 2, 0, '2008-06-12', NULL),
(282, '4030464', NULL, 2, 0, '2008-06-12', NULL),
(283, '884737', NULL, 2, 0, '2008-06-12', NULL),
(284, '4030465', NULL, 2, 0, '2008-06-12', NULL),
(285, '1376256', NULL, 2, 0, '2008-06-12', NULL),
(286, '1376263', NULL, 2, 0, '2008-06-12', NULL),
(287, '1376285', NULL, 2, 0, '2008-06-12', NULL),
(288, '1867783', NULL, 2, 0, '2008-06-12', NULL),
(289, '1376283', NULL, 2, 0, '2008-06-12', NULL),
(290, '1376281', NULL, 2, 0, '2008-06-12', NULL),
(291, '1376268', NULL, 2, 0, '2008-06-12', NULL),
(292, '1409024', NULL, 2, 0, '2008-06-12', NULL),
(293, '1409025', NULL, 2, 0, '2008-06-12', NULL),
(294, '1409026', NULL, 2, 0, '2008-06-12', NULL),
(295, '1409027', NULL, 2, 0, '2008-06-12', NULL),
(296, '1409028', NULL, 2, 0, '2008-06-12', NULL),
(297, '1409029', NULL, 2, 0, '2008-06-12', NULL),
(298, '2064384', NULL, 2, 0, '2008-06-12', NULL),
(299, '2064385', NULL, 2, 0, '2008-06-12', NULL),
(300, '2719745', NULL, 2, 0, '2008-06-12', NULL),
(301, '2719746', NULL, 2, 0, '2008-06-12', NULL),
(302, '1703937', NULL, 2, 0, '2008-06-12', NULL),
(303, '2031616', NULL, 2, 0, '2008-06-12', NULL),
(304, '1376257', NULL, 2, 0, '2008-06-12', NULL),
(305, '1376258', NULL, 2, 0, '2008-06-12', NULL),
(306, '1376259', NULL, 2, 0, '2008-06-12', NULL),
(307, '1376260', NULL, 2, 0, '2008-06-12', NULL),
(308, '1376261', NULL, 2, 0, '2008-06-12', NULL),
(309, '1376262', NULL, 2, 0, '2008-06-12', NULL),
(310, '3768322', NULL, 2, 0, '2008-06-12', NULL),
(311, '3768325', NULL, 2, 0, '2008-06-12', NULL),
(312, '1376264', NULL, 2, 0, '2008-06-12', NULL),
(313, '1376265', NULL, 2, 0, '2008-06-12', NULL),
(314, '1376266', NULL, 2, 0, '2008-06-12', NULL),
(315, '1376267', NULL, 2, 0, '2008-06-12', NULL),
(316, '3768326', NULL, 2, 0, '2008-06-12', NULL),
(317, '1376286', NULL, 2, 0, '2008-06-12', NULL),
(318, '1376287', NULL, 2, 0, '2008-06-12', NULL),
(319, '1376288', NULL, 2, 0, '2008-06-12', NULL),
(320, '1376289', NULL, 2, 0, '2008-06-12', NULL),
(321, '1867776', NULL, 2, 0, '2008-06-12', NULL),
(322, '1867777', NULL, 2, 0, '2008-06-12', NULL),
(323, '1867778', NULL, 2, 0, '2008-06-12', NULL),
(324, '1867779', NULL, 2, 0, '2008-06-12', NULL),
(325, '1867780', NULL, 2, 0, '2008-06-12', NULL),
(326, '1867781', NULL, 2, 0, '2008-06-12', NULL),
(327, '1867782', NULL, 2, 0, '2008-06-12', NULL),
(328, '1867788', NULL, 2, 0, '2008-06-12', NULL),
(329, '1867789', NULL, 2, 0, '2008-06-12', NULL),
(330, '1867790', NULL, 2, 0, '2008-06-12', NULL),
(331, '1867796', NULL, 2, 0, '2008-06-12', NULL),
(332, '1867800', NULL, 2, 0, '2008-06-12', NULL),
(333, '1867802', NULL, 2, 0, '2008-06-12', NULL),
(334, '2424833', NULL, 2, 0, '2008-06-12', NULL),
(335, '2424839', NULL, 2, 0, '2008-06-12', NULL),
(336, '2424841', NULL, 2, 0, '2008-06-12', NULL),
(337, '2424845', NULL, 2, 0, '2008-06-12', NULL),
(338, '3768321', NULL, 2, 0, '2008-06-12', NULL),
(339, '3768327', NULL, 2, 0, '2008-06-12', NULL),
(340, '3768332', NULL, 2, 0, '2008-06-12', NULL),
(341, '3768335', NULL, 2, 0, '2008-06-12', NULL),
(342, '3768338', NULL, 2, 0, '2008-06-12', NULL),
(343, '1867791', NULL, 2, 0, '2008-06-12', NULL),
(344, '1867792', NULL, 2, 0, '2008-06-12', NULL),
(345, '1867793', NULL, 2, 0, '2008-06-12', NULL),
(346, '1867794', NULL, 2, 0, '2008-06-12', NULL),
(347, '1867797', NULL, 2, 0, '2008-06-12', NULL),
(348, '1867798', NULL, 2, 0, '2008-06-12', NULL),
(349, '1867803', NULL, 2, 0, '2008-06-12', NULL),
(350, '2424834', NULL, 2, 0, '2008-06-12', NULL),
(351, '2424837', NULL, 2, 0, '2008-06-12', NULL),
(352, '2424838', NULL, 2, 0, '2008-06-12', NULL),
(353, '2424842', NULL, 2, 0, '2008-06-12', NULL),
(354, '2424846', NULL, 2, 0, '2008-06-12', NULL),
(355, '3768333', NULL, 2, 0, '2008-06-12', NULL),
(356, '3768334', NULL, 2, 0, '2008-06-12', NULL),
(357, '3768339', NULL, 2, 0, '2008-06-12', NULL),
(358, '1376284', NULL, 2, 0, '2008-06-12', NULL),
(359, '3768328', NULL, 2, 0, '2008-06-12', NULL),
(360, '1376282', NULL, 2, 0, '2008-06-12', NULL),
(361, '3768329', NULL, 2, 0, '2008-06-12', NULL),
(362, '4227072', NULL, 2, 0, '2008-06-12', NULL),
(363, '4227073', NULL, 2, 0, '2008-06-12', NULL),
(364, '4227074', NULL, 2, 0, '2008-06-12', NULL),
(365, '4227075', NULL, 2, 0, '2008-06-12', NULL),
(366, '4227076', NULL, 2, 0, '2008-06-12', NULL),
(367, '4227077', NULL, 2, 0, '2008-06-12', NULL),
(368, '4227078', NULL, 2, 0, '2008-06-12', NULL),
(369, '4227079', NULL, 2, 0, '2008-06-12', NULL),
(370, '4227080', NULL, 2, 0, '2008-06-12', NULL),
(371, '4227081', NULL, 2, 0, '2008-06-12', NULL),
(372, '4227082', NULL, 2, 0, '2008-06-12', NULL),
(373, '4227090', NULL, 2, 0, '2008-06-12', NULL),
(374, '4227083', NULL, 2, 0, '2008-06-12', NULL),
(375, '4227087', NULL, 2, 0, '2008-06-12', NULL),
(376, '4227088', NULL, 2, 0, '2008-06-12', NULL),
(377, '4227089', NULL, 2, 0, '2008-06-12', NULL),
(378, '4423683', NULL, 2, 0, '2008-06-12', NULL),
(379, '4227084', NULL, 2, 0, '2008-06-12', NULL),
(380, '4423681', NULL, 2, 0, '2008-06-12', NULL),
(381, '4227085', NULL, 2, 0, '2008-06-12', NULL),
(382, '4227093', NULL, 2, 0, '2008-06-12', NULL),
(383, '4423680', NULL, 2, 0, '2008-06-12', NULL),
(384, '4227086', NULL, 2, 0, '2008-06-12', NULL),
(385, '4227091', NULL, 2, 0, '2008-06-12', NULL),
(386, '4227092', NULL, 2, 0, '2008-06-12', NULL),
(387, '4423682', NULL, 2, 0, '2008-06-12', NULL),
(388, '4587520', NULL, 2, 0, '2008-06-12', NULL),
(389, '4227094', NULL, 2, 0, '2008-06-12', NULL),
(390, '4227095', NULL, 2, 0, '2008-06-12', NULL),
(391, '4227096', NULL, 2, 0, '2008-06-12', NULL),
(393, '4227098', NULL, 2, 0, '2008-06-12', NULL),
(394, '4227099', NULL, 2, 0, '2008-06-12', NULL),
(395, '4227100', NULL, 2, 0, '2008-06-12', NULL),
(396, '4587521', NULL, 2, 0, '2008-06-12', NULL),
(397, '4587522', NULL, 2, 0, '2008-06-12', NULL),
(398, '1376269', NULL, 2, 0, '2008-06-12', NULL),
(399, '1376270', NULL, 2, 0, '2008-06-12', NULL),
(400, '1376271', NULL, 2, 0, '2008-06-12', NULL),
(401, '1376272', NULL, 2, 0, '2008-06-12', NULL),
(402, '1376273', NULL, 2, 0, '2008-06-12', NULL),
(403, '1376274', NULL, 2, 0, '2008-06-12', NULL),
(404, '1376275', NULL, 2, 0, '2008-06-12', NULL),
(405, '1376276', NULL, 2, 0, '2008-06-12', NULL),
(406, '1376277', NULL, 2, 0, '2008-06-12', NULL),
(407, '1376278', NULL, 2, 0, '2008-06-12', NULL),
(408, '1376279', NULL, 2, 0, '2008-06-12', NULL),
(409, '1376280', NULL, 2, 0, '2008-06-12', NULL),
(410, '1867784', NULL, 2, 0, '2008-06-12', NULL),
(411, '1867785', NULL, 2, 0, '2008-06-12', NULL),
(412, '1867786', NULL, 2, 0, '2008-06-12', NULL),
(413, '1867787', NULL, 2, 0, '2008-06-12', NULL),
(414, '1867795', NULL, 2, 0, '2008-06-12', NULL),
(415, '1867799', NULL, 2, 0, '2008-06-12', NULL),
(416, '1867801', NULL, 2, 0, '2008-06-12', NULL),
(417, '2424832', NULL, 2, 0, '2008-06-12', NULL),
(418, '2424835', NULL, 2, 0, '2008-06-12', NULL),
(419, '2424836', NULL, 2, 0, '2008-06-12', NULL),
(420, '2424840', NULL, 2, 0, '2008-06-12', NULL),
(421, '2424843', NULL, 2, 0, '2008-06-12', NULL),
(422, '2424844', NULL, 2, 0, '2008-06-12', NULL),
(423, '3768320', NULL, 2, 0, '2008-06-12', NULL),
(424, '3768323', NULL, 2, 0, '2008-06-12', NULL),
(425, '3768324', NULL, 2, 0, '2008-06-12', NULL),
(426, '3768330', NULL, 2, 0, '2008-06-12', NULL),
(427, '3768331', NULL, 2, 0, '2008-06-12', NULL),
(428, '3768336', NULL, 2, 0, '2008-06-12', NULL),
(429, '3768337', NULL, 2, 0, '2008-06-12', NULL),
(430, '1507328', NULL, 2, 0, '2008-06-12', NULL),
(431, '1507344', NULL, 2, 0, '2008-06-12', NULL),
(432, '1507332', NULL, 2, 0, '2008-06-12', NULL),
(433, '4194307', NULL, 2, 0, '2008-06-12', NULL),
(434, '4653056', NULL, 2, 0, '2008-06-12', NULL),
(435, '4653057', NULL, 2, 0, '2008-06-12', NULL),
(436, '6', NULL, 2, 0, '2008-06-12', NULL),
(437, '17', NULL, 2, 0, '2008-06-12', NULL),
(438, '1', NULL, 2, 0, '2008-06-12', NULL),
(439, '11', NULL, 2, 0, '2008-06-12', NULL),
(440, '901', NULL, 2, 0, '2008-06-12', NULL),
(442, '903', NULL, 2, 0, '2008-06-12', NULL),
(444, '905', NULL, 2, 0, '2008-06-12', NULL),
(446, '2129934', NULL, 2, 0, '2008-06-12', NULL),
(447, '2129931', NULL, 2, 0, '2008-06-12', NULL),
(448, '2129937', NULL, 2, 0, '2008-06-12', NULL),
(449, '2392067', NULL, 2, 0, '2008-06-12', NULL),
(450, '3964932', NULL, 2, 0, '2008-06-12', NULL),
(451, '3964929', NULL, 2, 0, '2008-06-12', NULL),
(452, '2392068', NULL, 2, 0, '2008-06-12', NULL),
(453, '3964935', NULL, 2, 0, '2008-06-12', NULL),
(454, '2392070', NULL, 2, 0, '2008-06-12', NULL),
(455, '2392074', NULL, 2, 0, '2008-06-12', NULL),
(456, '2392066', NULL, 2, 0, '2008-06-12', NULL),
(457, '4489217', NULL, 2, 0, '2008-06-12', NULL),
(458, '4489218', NULL, 2, 0, '2008-06-12', NULL),
(459, '4489219', NULL, 2, 0, '2008-06-12', NULL),
(460, '4489220', NULL, 2, 0, '2008-06-12', NULL),
(461, '4390915', NULL, 2, 0, '2008-06-12', NULL),
(462, '4390913', NULL, 2, 0, '2008-06-12', NULL),
(463, '4489216', NULL, 2, 0, '2008-06-12', NULL),
(464, '4489221', NULL, 2, 0, '2008-06-12', NULL),
(465, '4489222', NULL, 2, 0, '2008-06-12', NULL),
(466, '4161536', NULL, 2, 0, '2008-06-12', NULL),
(467, '4161537', NULL, 2, 0, '2008-06-12', NULL),
(468, '4161538', NULL, 2, 0, '2008-06-12', NULL),
(469, '4161546', NULL, 2, 0, '2008-06-12', NULL),
(470, '4161559', NULL, 2, 0, '2008-06-12', NULL),
(471, '4161560', NULL, 2, 0, '2008-06-12', NULL),
(472, '4161542', NULL, 2, 0, '2008-06-12', NULL),
(473, '4161543', NULL, 2, 0, '2008-06-12', NULL),
(474, '4161544', NULL, 2, 0, '2008-06-12', NULL),
(475, '4161545', NULL, 2, 0, '2008-06-12', NULL),
(476, '4718592', NULL, 2, 0, '2008-06-20', NULL),
(477, '4784128', NULL, 2, 0, '2008-06-20', NULL),
(478, '4784129', NULL, 2, 0, '2008-06-20', NULL),
(479, '4784130', NULL, 2, 0, '2008-06-20', NULL),
(480, '4784131', NULL, 2, 0, '2008-06-20', NULL),
(481, '4784132', NULL, 2, 0, '2008-06-20', NULL),
(482, '4784133', NULL, 2, 0, '2008-06-20', NULL),
(483, '4784134', NULL, 2, 0, '2008-06-20', NULL),
(484, '4784135', NULL, 2, 0, '2008-06-20', NULL),
(485, '4784136', NULL, 2, 0, '2008-06-20', NULL),
(486, '4784137', NULL, 2, 0, '2008-06-20', NULL),
(487, '4784138', NULL, 2, 0, '2008-06-20', NULL),
(488, '4784139', NULL, 2, 0, '2008-06-20', NULL),
(489, '4784140', NULL, 2, 0, '2008-06-20', NULL),
(490, '4784141', NULL, 2, 0, '2008-06-20', NULL),
(491, '4784142', NULL, 2, 0, '2008-06-20', NULL),
(492, '4784143', NULL, 2, 0, '2008-06-20', NULL),
(493, '4849664', NULL, 2, 0, '2008-06-20', NULL),
(494, '4882432', NULL, 2, 0, '2008-06-20', NULL),
(495, '4849665', NULL, 2, 0, '2008-06-20', NULL),
(496, '4882433', NULL, 2, 0, '2008-06-20', NULL),
(497, '4849666', NULL, 2, 0, '2008-06-20', NULL),
(498, '4882434', NULL, 2, 0, '2008-06-20', NULL),
(499, '4849667', NULL, 2, 0, '2008-06-20', NULL),
(500, '4882435', NULL, 2, 0, '2008-06-20', NULL),
(501, '4849668', NULL, 2, 0, '2008-06-20', NULL),
(502, '4882436', NULL, 2, 0, '2008-06-20', NULL),
(503, '4849669', NULL, 2, 0, '2008-06-20', NULL),
(504, '4882437', NULL, 2, 0, '2008-06-20', NULL),
(505, '4849670', NULL, 2, 0, '2008-06-20', NULL),
(506, '4882438', NULL, 2, 0, '2008-06-20', NULL),
(507, '4849671', NULL, 2, 0, '2008-06-20', NULL),
(508, '4882439', NULL, 2, 0, '2008-06-20', NULL),
(509, '4849672', NULL, 2, 0, '2008-06-20', NULL),
(510, '4882440', NULL, 2, 0, '2008-06-20', NULL),
(511, '4849673', NULL, 2, 0, '2008-06-20', NULL),
(512, '4882441', NULL, 2, 0, '2008-06-20', NULL),
(513, '4849674', NULL, 2, 0, '2008-06-20', NULL),
(514, '4882442', NULL, 2, 0, '2008-06-20', NULL),
(515, '4784144', NULL, 2, 0, '2008-06-20', NULL),
(516, '4915200', NULL, 2, 0, '2008-06-20', NULL),
(517, '4915201', NULL, 2, 0, '2008-06-20', NULL),
(518, '4947968', NULL, 2, 0, '2008-06-20', NULL),
(519, '4947969', NULL, 2, 0, '2008-06-20', NULL),
(520, '4947970', NULL, 2, 0, '2008-06-20', NULL),
(521, '5046272', NULL, 2, 0, '2008-06-23', NULL),
(522, '5046273', NULL, 2, 0, '2008-06-23', NULL),
(523, '1572865', NULL, 2, 0, '2008-07-02', NULL),
(524, '1572866', NULL, 2, 0, '2008-07-02', NULL),
(525, '1572868', NULL, 2, 0, '2008-07-02', NULL),
(526, '1572869', NULL, 2, 0, '2008-07-02', NULL),
(527, '1572870', NULL, 2, 0, '2008-07-02', NULL),
(528, '1572871', NULL, 2, 0, '2008-07-02', NULL),
(529, '1572872', NULL, 2, 0, '2008-07-02', NULL),
(530, '3833874', NULL, 2, 0, '2008-07-02', NULL),
(531, '3833875', NULL, 2, 0, '2008-07-02', NULL),
(532, '3833876', NULL, 2, 0, '2008-07-02', NULL),
(533, '3833877', NULL, 2, 0, '2008-07-02', NULL),
(534, '3833878', NULL, 2, 0, '2008-07-02', NULL),
(535, '3833879', NULL, 2, 0, '2008-07-02', NULL),
(536, '1572873', NULL, 2, 0, '2008-07-02', NULL),
(537, '1572874', NULL, 2, 0, '2008-07-02', NULL),
(538, '1572875', NULL, 2, 0, '2008-07-02', NULL),
(539, '1572877', NULL, 2, 0, '2008-07-02', NULL),
(540, '1572878', NULL, 2, 0, '2008-07-02', NULL),
(541, '1572879', NULL, 2, 0, '2008-07-02', NULL),
(542, '1572880', NULL, 2, 0, '2008-07-02', NULL),
(543, '1572881', NULL, 2, 0, '2008-07-02', NULL),
(544, '1572883', NULL, 2, 0, '2008-07-02', NULL),
(545, '1572884', NULL, 2, 0, '2008-07-02', NULL),
(546, '1572891', NULL, 2, 0, '2008-07-02', NULL),
(547, '1572892', NULL, 2, 0, '2008-07-02', NULL),
(548, '1572893', NULL, 2, 0, '2008-07-02', NULL),
(549, '1572894', NULL, 2, 0, '2008-07-02', NULL),
(550, '1572895', NULL, 2, 0, '2008-07-02', NULL),
(551, '2228224', NULL, 2, 0, '2008-07-02', NULL),
(552, '2228225', NULL, 2, 0, '2008-07-02', NULL),
(553, '2228226', NULL, 2, 0, '2008-07-02', NULL),
(554, '2228227', NULL, 2, 0, '2008-07-02', NULL),
(555, '2228228', NULL, 2, 0, '2008-07-02', NULL),
(556, '2228229', NULL, 2, 0, '2008-07-02', NULL),
(557, '2228230', NULL, 2, 0, '2008-07-02', NULL),
(558, '2228231', NULL, 2, 0, '2008-07-02', NULL),
(559, '2228232', NULL, 2, 0, '2008-07-02', NULL),
(560, '2228233', NULL, 2, 0, '2008-07-02', NULL),
(561, '2228234', NULL, 2, 0, '2008-07-02', NULL),
(562, '2228235', NULL, 2, 0, '2008-07-02', NULL),
(563, '2228236', NULL, 2, 0, '2008-07-02', NULL),
(564, '2228237', NULL, 2, 0, '2008-07-02', NULL),
(565, '2228238', NULL, 2, 0, '2008-07-02', NULL),
(566, '2228239', NULL, 2, 0, '2008-07-02', NULL),
(567, '2228240', NULL, 2, 0, '2008-07-02', NULL),
(568, '2228241', NULL, 2, 0, '2008-07-02', NULL),
(569, '2228242', NULL, 2, 0, '2008-07-02', NULL),
(570, '2228243', NULL, 2, 0, '2008-07-02', NULL),
(571, '2228244', NULL, 2, 0, '2008-07-02', NULL),
(572, '2228245', NULL, 2, 0, '2008-07-02', NULL),
(573, '2228246', NULL, 2, 0, '2008-07-02', NULL),
(574, '2228247', NULL, 2, 0, '2008-07-02', NULL),
(575, '2228248', NULL, 2, 0, '2008-07-02', NULL),
(576, '2228249', NULL, 2, 0, '2008-07-02', NULL),
(577, '2228250', NULL, 2, 0, '2008-07-02', NULL),
(578, '2228251', NULL, 2, 0, '2008-07-02', NULL),
(579, '2228252', NULL, 2, 0, '2008-07-02', NULL),
(580, '2228253', NULL, 2, 0, '2008-07-02', NULL),
(581, '2228254', NULL, 2, 0, '2008-07-02', NULL),
(582, '2228255', NULL, 2, 0, '2008-07-02', NULL),
(583, '3833856', NULL, 2, 0, '2008-07-02', NULL),
(584, '3833857', NULL, 2, 0, '2008-07-02', NULL),
(585, '3833858', NULL, 2, 0, '2008-07-02', NULL),
(586, '3833859', NULL, 2, 0, '2008-07-02', NULL),
(587, '3833860', NULL, 2, 0, '2008-07-02', NULL),
(588, '3833861', NULL, 2, 0, '2008-07-02', NULL),
(589, '3833862', NULL, 2, 0, '2008-07-02', NULL),
(590, '3833863', NULL, 2, 0, '2008-07-02', NULL),
(591, '3833864', NULL, 2, 0, '2008-07-02', NULL),
(592, '1572897', NULL, 2, 0, '2008-07-02', NULL),
(593, '1572898', NULL, 2, 0, '2008-07-02', NULL),
(594, '1572900', NULL, 2, 0, '2008-07-02', NULL),
(595, '1572901', NULL, 2, 0, '2008-07-02', NULL),
(596, '1572903', NULL, 2, 0, '2008-07-02', NULL),
(597, '1572904', NULL, 2, 0, '2008-07-02', NULL),
(598, '1933312', NULL, 2, 0, '2008-07-02', NULL),
(599, '1933313', NULL, 2, 0, '2008-07-02', NULL),
(600, '1933314', NULL, 2, 0, '2008-07-02', NULL),
(601, '1933315', NULL, 2, 0, '2008-07-02', NULL),
(602, '2228257', NULL, 2, 0, '2008-07-02', NULL),
(603, '2228258', NULL, 2, 0, '2008-07-02', NULL),
(604, '2228259', NULL, 2, 0, '2008-07-02', NULL),
(605, '2228260', NULL, 2, 0, '2008-07-02', NULL),
(606, '2228261', NULL, 2, 0, '2008-07-02', NULL),
(607, '2228262', NULL, 2, 0, '2008-07-02', NULL),
(608, '2228263', NULL, 2, 0, '2008-07-02', NULL),
(609, '2228264', NULL, 2, 0, '2008-07-02', NULL),
(610, '2228265', NULL, 2, 0, '2008-07-02', NULL),
(611, '2228266', NULL, 2, 0, '2008-07-02', NULL),
(612, '2228267', NULL, 2, 0, '2008-07-02', NULL),
(613, '2228268', NULL, 2, 0, '2008-07-02', NULL),
(614, '2228269', NULL, 2, 0, '2008-07-02', NULL),
(615, '2228270', NULL, 2, 0, '2008-07-02', NULL),
(616, '2228271', NULL, 2, 0, '2008-07-02', NULL),
(617, '2228272', NULL, 2, 0, '2008-07-02', NULL),
(618, '3833865', NULL, 2, 0, '2008-07-02', NULL),
(619, '3833866', NULL, 2, 0, '2008-07-02', NULL),
(620, '3833867', NULL, 2, 0, '2008-07-02', NULL),
(621, '3833868', NULL, 2, 0, '2008-07-02', NULL),
(622, '3833869', NULL, 2, 0, '2008-07-02', NULL),
(623, '3833870', NULL, 2, 0, '2008-07-02', NULL),
(624, '3833871', NULL, 2, 0, '2008-07-02', NULL),
(625, '3833872', NULL, 2, 0, '2008-07-02', NULL),
(626, '3833873', NULL, 2, 0, '2008-07-02', NULL),
(627, '4292608', NULL, 2, 0, '2008-07-02', NULL),
(628, '4292609', NULL, 2, 0, '2008-07-02', NULL),
(629, '4292610', NULL, 2, 0, '2008-07-02', NULL),
(630, '4292612', NULL, 2, 0, '2008-07-02', NULL),
(631, '4292613', NULL, 2, 0, '2008-07-02', NULL),
(632, '4292614', NULL, 2, 0, '2008-07-02', NULL),
(634, '5111808', NULL, 2, 0, '2008-09-06', NULL),
(635, '5144576', NULL, 2, 0, '2008-09-06', NULL),
(636, '5144577', NULL, 2, 0, '2008-09-06', NULL),
(637, '5144578', NULL, 2, 0, '2008-09-06', NULL),
(638, '5144579', NULL, 2, 0, '2008-09-06', NULL),
(639, '5144580', NULL, 2, 0, '2008-09-06', NULL),
(640, '5144581', NULL, 2, 0, '2008-09-06', NULL),
(641, '5144582', NULL, 2, 0, '2008-09-06', NULL),
(642, '5111809', NULL, 2, 0, '2008-09-06', NULL),
(643, '5144583', NULL, 2, 0, '2008-09-06', NULL),
(644, '5144584', NULL, 2, 0, '2008-09-06', NULL),
(645, '5144585', NULL, 2, 0, '2008-09-06', NULL),
(646, '5144586', NULL, 2, 0, '2008-09-06', NULL),
(647, '5144587', NULL, 2, 0, '2008-09-06', NULL),
(648, '5111810', NULL, 2, 0, '2008-09-06', NULL),
(649, '5144588', NULL, 2, 0, '2008-09-06', NULL),
(650, '5144589', NULL, 2, 0, '2008-09-06', NULL),
(651, '5144590', NULL, 2, 0, '2008-09-06', NULL),
(652, '5144591', NULL, 2, 0, '2008-09-06', NULL),
(653, '5111811', NULL, 2, 0, '2008-09-06', NULL),
(654, '5144592', NULL, 2, 0, '2008-09-06', NULL),
(655, '5144593', NULL, 2, 0, '2008-09-06', NULL),
(656, '5177344', NULL, 2, 0, '2009-01-13', NULL),
(657, '5210112', NULL, 2, 0, '2009-01-13', NULL),
(658, '5275648', NULL, 2, 0, '2009-01-13', NULL),
(659, '5275649', NULL, 2, 0, '2009-01-13', NULL),
(660, '5275650', NULL, 2, 0, '2009-01-13', NULL),
(661, '5275651', NULL, 2, 0, '2009-01-13', NULL),
(662, '5275652', NULL, 2, 0, '2009-01-13', NULL),
(663, '5275653', NULL, 2, 0, '2009-01-13', NULL),
(664, '5275654', NULL, 2, 0, '2009-01-13', NULL),
(665, '5275655', NULL, 2, 0, '2009-01-13', NULL),
(666, '5275656', NULL, 2, 0, '2009-01-13', NULL),
(667, '5275657', NULL, 2, 0, '2009-01-13', NULL),
(668, '5275658', NULL, 2, 0, '2009-01-13', NULL),
(669, '5275659', NULL, 2, 0, '2009-01-13', NULL),
(670, '5275660', NULL, 2, 0, '2009-01-13', NULL),
(671, '5275661', NULL, 2, 0, '2009-01-13', NULL),
(672, '5275662', NULL, 2, 0, '2009-01-13', NULL),
(673, '5275663', NULL, 2, 0, '2009-01-13', NULL),
(674, '5275664', NULL, 2, 0, '2009-01-13', NULL),
(675, '5275665', NULL, 2, 0, '2009-01-13', NULL),
(676, '5275666', NULL, 2, 0, '2009-01-13', NULL),
(677, '5275667', NULL, 2, 0, '2009-01-13', NULL),
(678, '5275668', NULL, 2, 0, '2009-01-13', NULL),
(679, '5275669', NULL, 2, 0, '2009-01-13', NULL),
(680, '5275670', NULL, 2, 0, '2009-01-13', NULL),
(681, '5275671', NULL, 2, 0, '2009-01-13', NULL),
(682, '5275672', NULL, 2, 0, '2009-01-13', NULL),
(683, '1540098', '', 2, 0, '2009-10-07', NULL),
(684, '1540102', '', 2, 0, '2009-10-07', NULL),
(685, '1540108', '', 2, 0, '2009-10-07', NULL),
(686, '1540106', '', 2, 0, '2009-10-07', NULL),
(687, '1540110', '', 2, 0, '2009-10-07', NULL),
(688, '1540109', '', 2, 0, '2009-10-07', NULL),
(689, '1540112', '', 2, 0, '2009-10-07', NULL),
(690, 'NCL-52-A009', '', 2, 0, '2009-10-07', NULL),
(691, 'NCL-55-1', '', 2, 0, '2009-10-07', NULL),
(692, 'NCL-56-2', '', 2, 0, '2009-10-07', NULL),
(693, 'NCL-57-2', '', 2, 0, '2009-10-07', NULL),
(694, 'NCL-58-2', '', 2, 0, '2009-10-07', NULL),
(695, 'NCL-59-2', '', 2, 0, '2009-10-07', NULL),
(696, '491520', '', 2, 0, '2009-10-07', NULL),
(697, '884738', '', 2, 0, '2009-10-07', NULL),
(698, '5308416', '', 2, 0, '2009-10-10', NULL),
(699, '5308417', '', 2, 0, '2009-10-10', NULL),
(700, '5308418', '', 2, 0, '2009-10-10', NULL),
(701, '5308419', '', 2, 0, '2009-10-10', NULL),
(702, '5308420', '', 2, 0, '2009-10-10', NULL),
(703, '5406720', '', 2, 0, '2009-10-12', NULL),
(704, '5406721', '', 2, 0, '2009-10-12', NULL),
(705, '5406722', '', 2, 0, '2009-10-12', NULL),
(706, '5406723', '', 2, 0, '2009-10-12', NULL),
(707, '5406724', '', 2, 0, '2009-10-12', NULL),
(708, '5406725', '', 2, 0, '2009-10-12', NULL),
(709, '5406726', '', 2, 0, '2009-10-12', NULL),
(710, '5406727', '', 2, 0, '2009-10-12', NULL),
(711, '5406728', '', 2, 0, '2009-10-12', NULL),
(712, '5406729', '', 2, 0, '2009-10-12', NULL),
(713, '5406730', '', 2, 0, '2009-10-12', NULL),
(714, '5406731', '', 2, 0, '2009-10-12', NULL),
(715, '5406732', '', 2, 0, '2009-10-12', NULL),
(716, '5406733', '', 2, 0, '2009-10-12', NULL),
(717, '5406734', '', 2, 0, '2009-10-12', NULL),
(718, '5406735', '', 2, 0, '2009-10-12', NULL),
(719, '5406736', '', 2, 0, '2009-10-12', NULL),
(720, '5406737', '', 2, 0, '2009-10-12', NULL),
(721, '5406738', '', 2, 0, '2009-10-12', NULL),
(722, '5406739', '', 2, 0, '2009-10-12', NULL),
(723, '5406740', '', 2, 0, '2009-10-12', NULL),
(724, '5406741', '', 2, 0, '2009-10-12', NULL),
(725, '5537792', '', 2, 0, '2009-10-14', NULL),
(726, '5537793', '', 2, 0, '2009-10-14', NULL),
(727, '5537794', '', 2, 0, '2009-10-14', NULL),
(728, '5537795', '', 2, 0, '2009-10-14', NULL),
(729, '5537796', '', 2, 0, '2009-10-14', NULL),
(730, '5537797', '', 2, 0, '2009-10-14', NULL),
(731, '5570560', '', 2, 0, '2009-10-14', NULL),
(732, '5570561', '', 2, 0, '2009-10-14', NULL),
(733, '5537798', '', 2, 0, '2009-10-14', NULL),
(734, '5537799', '', 2, 0, '2009-10-14', NULL),
(735, '5570562', '', 2, 0, '2009-10-14', NULL),
(736, '5570563', '', 2, 0, '2009-10-14', NULL),
(737, '5570564', '', 2, 0, '2009-10-14', NULL),
(738, '5570565', '', 2, 0, '2009-10-14', NULL),
(739, '5701632', '', 2, 0, '2009-10-15', NULL),
(740, '5701633', '', 2, 0, '2009-10-15', NULL),
(741, '5701634', '', 2, 0, '2009-10-15', NULL),
(742, '5701635', '', 2, 0, '2009-10-15', NULL),
(743, '5701636', '', 2, 0, '2009-10-15', NULL),
(744, '5701637', '', 2, 0, '2009-10-15', NULL),
(745, '5701638', '', 2, 0, '2009-10-15', NULL),
(746, '5701639', '', 2, 0, '2009-10-15', NULL),
(747, '5701640', '', 2, 0, '2009-10-15', NULL),
(748, '5701641', '', 2, 0, '2009-10-15', NULL),
(749, '5701642', '', 2, 0, '2009-10-15', NULL),
(750, '5701643', '', 2, 0, '2009-10-15', NULL),
(751, '5701644', '', 2, 0, '2009-10-15', NULL),
(752, '5701645', '', 2, 0, '2009-10-15', NULL),
(753, '5701646', '', 2, 0, '2009-10-15', NULL),
(754, '5701647', '', 2, 0, '2009-10-15', NULL),
(755, '5701648', '', 2, 0, '2009-10-15', NULL),
(756, '5701649', '', 2, 0, '2009-10-15', NULL),
(757, '5701650', '', 2, 0, '2009-10-15', NULL),
(758, '5701651', '', 2, 0, '2009-10-15', NULL),
(759, '5701652', '', 2, 0, '2009-10-15', NULL),
(760, '5701653', '', 2, 0, '2009-10-15', NULL),
(761, '5701654', '', 2, 0, '2009-10-15', NULL),
(762, '5701655', '', 2, 0, '2009-10-15', NULL),
(763, '5701656', '', 2, 0, '2009-10-15', NULL),
(764, '5701657', '', 2, 0, '2009-10-15', NULL),
(765, '5701658', '', 2, 0, '2009-10-15', NULL),
(766, '5701659', '', 2, 0, '2009-10-15', NULL),
(767, '5701660', '', 2, 0, '2009-10-15', NULL),
(768, '5701661', '', 2, 0, '2009-10-15', NULL),
(769, '5701662', '', 2, 0, '2009-10-15', NULL),
(770, '5701663', '', 2, 0, '2009-10-15', NULL),
(771, '5701664', '', 2, 0, '2009-10-15', NULL),
(772, '5701665', '', 2, 0, '2009-10-15', NULL),
(773, '5701666', '', 2, 0, '2009-10-15', NULL),
(774, '5701667', '', 2, 0, '2009-10-15', NULL),
(775, '5701668', '', 2, 0, '2009-10-15', NULL),
(776, '5701669', '', 2, 0, '2009-10-15', NULL),
(777, '5701670', '', 2, 0, '2009-10-15', NULL),
(778, '5701671', '', 2, 0, '2009-10-15', NULL),
(779, '5701672', '', 2, 0, '2009-10-15', NULL),
(780, '5701673', '', 2, 0, '2009-10-15', NULL),
(781, '5701674', '', 2, 0, '2009-10-15', NULL),
(782, '5701675', '', 2, 0, '2009-10-15', NULL),
(783, '5701676', '', 2, 0, '2009-10-15', NULL),
(784, '5701677', '', 2, 0, '2009-10-15', NULL),
(785, '5701678', '', 2, 0, '2009-10-15', NULL),
(786, '5701679', '', 2, 0, '2009-10-15', NULL),
(787, '5701680', '', 2, 0, '2009-10-15', NULL),
(788, '5701681', '', 2, 0, '2009-10-15', NULL),
(789, '5701682', '', 2, 0, '2009-10-15', NULL),
(790, '5701683', '', 2, 0, '2009-10-15', NULL),
(791, '5701684', '', 2, 0, '2009-10-15', NULL),
(792, '5701685', '', 2, 0, '2009-10-15', NULL),
(793, '5701686', '', 2, 0, '2009-10-15', NULL),
(794, '5701687', '', 2, 0, '2009-10-15', NULL),
(795, '5701688', '', 2, 0, '2009-10-15', NULL),
(796, '5701689', '', 2, 0, '2009-10-15', NULL),
(797, '5701690', '', 2, 0, '2009-10-15', NULL),
(798, '5701691', '', 2, 0, '2009-10-15', NULL),
(799, '5701692', '', 2, 0, '2009-10-15', NULL),
(800, '5701693', '', 2, 0, '2009-10-15', NULL),
(801, '5701694', '', 2, 0, '2009-10-15', NULL),
(802, '5701695', '', 2, 0, '2009-10-15', NULL),
(803, '5701696', '', 2, 0, '2009-10-15', NULL),
(804, '5701697', '', 2, 0, '2009-10-15', NULL),
(805, '5701698', '', 2, 0, '2009-10-15', NULL),
(806, '5701699', '', 2, 0, '2009-10-15', NULL),
(807, '5701700', '', 2, 0, '2009-10-15', NULL),
(808, '5701701', '', 2, 0, '2009-10-15', NULL),
(809, '5701702', '', 2, 0, '2009-10-15', NULL),
(810, '5701703', '', 2, 0, '2009-10-15', NULL),
(811, '5701704', '', 2, 0, '2009-10-15', NULL),
(812, '5701705', '', 2, 0, '2009-10-15', NULL),
(813, '5701706', '', 2, 0, '2009-10-15', NULL),
(814, '5701707', '', 2, 0, '2009-10-15', NULL),
(815, '5701708', '', 2, 0, '2009-10-15', NULL),
(816, '5701709', '', 2, 0, '2009-10-15', NULL),
(817, '5701710', '', 2, 0, '2009-10-15', NULL),
(818, '5701711', '', 2, 0, '2009-10-15', NULL),
(819, '5701712', '', 2, 0, '2009-10-15', NULL),
(820, '5701713', '', 2, 0, '2009-10-15', NULL),
(821, '5701714', '', 2, 0, '2009-10-15', NULL),
(822, '5701715', '', 2, 0, '2009-10-15', NULL),
(823, '5701716', '', 2, 0, '2009-10-15', NULL),
(824, '5701717', '', 2, 0, '2009-10-15', NULL),
(825, '5701718', '', 2, 0, '2009-10-15', NULL),
(826, '5701719', '', 2, 0, '2009-10-15', NULL),
(827, '5701720', '', 2, 0, '2009-10-15', NULL),
(828, '5701721', '', 2, 0, '2009-10-15', NULL),
(829, '5701722', '', 2, 0, '2009-10-15', NULL),
(830, '5701723', '', 2, 0, '2009-10-15', NULL),
(831, '5701724', '', 2, 0, '2009-10-15', NULL),
(832, '5701725', '', 2, 0, '2009-10-15', NULL),
(833, '5701726', '', 2, 0, '2009-10-15', NULL),
(834, '5701727', '', 2, 0, '2009-10-15', NULL),
(835, '5701728', '', 2, 0, '2009-10-15', NULL),
(836, '5701729', '', 2, 0, '2009-10-15', NULL),
(837, '5701730', '', 2, 0, '2009-10-15', NULL),
(838, '5701731', '', 2, 0, '2009-10-15', NULL),
(839, '5701732', '', 2, 0, '2009-10-15', NULL),
(840, '5701733', '', 2, 0, '2009-10-15', NULL),
(841, '2129920', '', 2, 0, '2009-10-16', NULL),
(842, '2129923', '', 2, 0, '2009-10-16', NULL),
(843, '2129928', '', 2, 0, '2009-10-16', NULL),
(844, '2129929', '', 2, 0, '2009-10-16', NULL),
(845, '2392076', '', 2, 0, '2009-10-16', NULL),
(846, '5734400', '', 2, 0, '2009-10-16', NULL),
(847, '5767168', '', 2, 0, '2009-10-16', NULL),
(848, 'Demonstration-Sample', '', 2, 0, '2009-10-16', NULL),
(849, '5865472', '', 2, 0, '2009-10-16', NULL),
(850, '5832704', '', 2, 0, '2009-10-16', NULL),
(851, '5898240', '', 2, 0, '2009-10-16', NULL),
(852, '5931008', '', 2, 0, '2009-10-16', NULL),
(853, '5996544', '', 2, 0, '2009-10-16', NULL),
(854, '5963776', '', 2, 0, '2009-10-16', NULL),
(855, '5996545', '', 2, 0, '2009-10-16', NULL),
(856, '5963777', '', 2, 0, '2009-10-16', NULL),
(857, '6029312', '', 2, 0, '2009-10-16', NULL),
(858, '6062080', '', 2, 0, '2009-10-16', NULL),
(859, '6094848', '', 2, 0, '2009-10-16', NULL),
(860, '6062081', '', 2, 0, '2009-10-16', NULL),
(861, '6062082', '', 2, 0, '2009-10-16', NULL),
(862, '6062083', '', 2, 0, '2009-10-16', NULL),
(863, '6094849', '', 2, 0, '2009-10-16', NULL),
(864, '5963778', '', 2, 0, '2009-10-16', NULL),
(865, '5963779', '', 2, 0, '2009-10-16', NULL),
(866, '6094850', '', 2, 0, '2009-10-16', NULL),
(867, '6094851', '', 2, 0, '2009-10-16', NULL),
(868, '6094852', '', 2, 0, '2009-10-16', NULL),
(869, '6094853', '', 2, 0, '2009-10-16', NULL),
(870, 'demo-sample', '', 2, 0, '2009-10-16', NULL),
(871, '5865473', '', 2, 0, '2009-10-16', NULL),
(872, '5832705', '', 2, 0, '2009-10-16', NULL),
(873, '5898241', '', 2, 0, '2009-10-16', NULL),
(874, '5996546', '', 2, 0, '2009-10-16', NULL),
(875, '5963780', '', 2, 0, '2009-10-16', NULL),
(876, '6029313', '', 2, 0, '2009-10-16', NULL),
(877, '6062084', '', 2, 0, '2009-10-16', NULL),
(878, '6094854', '', 2, 0, '2009-10-16', NULL),
(879, '6094855', '', 2, 0, '2009-10-16', NULL),
(880, '6094856', '', 2, 0, '2009-10-16', NULL),
(881, '6094857', '', 2, 0, '2009-10-16', NULL),
(882, '6094858', '', 2, 0, '2009-10-16', NULL),
(883, '6094859', '', 2, 0, '2009-10-16', NULL),
(884, '6062085', '', 2, 0, '2009-10-16', NULL),
(885, '6062086', '', 2, 0, '2009-10-16', NULL),
(886, '5963781', '', 2, 0, '2009-10-16', NULL),
(887, '5963782', '', 2, 0, '2009-10-16', NULL),
(888, '6062087', '', 2, 0, '2009-10-16', NULL),
(889, '6062088', '', 2, 0, '2009-10-16', NULL),
(890, '6062089', '', 2, 0, '2009-10-16', NULL),
(891, '5963783', '', 2, 0, '2009-10-16', NULL),
(892, '5341186', '', 2, 0, '2009-10-19', NULL),
(893, '5603329', '', 2, 0, '2009-10-19', NULL),
(894, '5636096', '', 2, 0, '2009-10-19', NULL),
(895, '5472257', '', 2, 0, '2009-10-19', NULL),
(896, '5341184', '', 2, 0, '2009-10-19', NULL),
(897, '5373952', '', 2, 0, '2009-10-19', NULL),
(898, '5341185', '', 2, 0, '2009-10-19', NULL),
(899, '3997698', '', 2, 0, '2009-10-19', NULL),
(900, '3997700', '', 2, 0, '2009-10-19', NULL),
(901, '3997696', '', 2, 0, '2009-10-19', NULL),
(902, '3997697', '', 2, 0, '2009-10-19', NULL),
(903, '3997699', '', 2, 0, '2009-10-19', NULL),
(904, '3997702', '', 2, 0, '2009-10-19', NULL),
(905, '3997703', '', 2, 0, '2009-10-19', NULL),
(906, '5439488', '', 2, 0, '2009-10-19', NULL),
(907, '5439489', '', 2, 0, '2009-10-19', NULL),
(908, '5472256', '', 2, 0, '2009-10-19', NULL),
(909, '4685826', '', 2, 0, '2009-10-19', NULL),
(910, '4685825', '', 2, 0, '2009-10-19', NULL),
(911, '5439490', '', 2, 0, '2009-10-19', NULL),
(912, '5603328', '', 2, 0, '2009-10-19', NULL),
(913, '3997709', '', 2, 0, '2009-10-19', NULL),
(914, '3997707', '', 2, 0, '2009-10-19', NULL),
(915, '3997711', '', 2, 0, '2009-10-19', NULL),
(916, '3997716', '', 2, 0, '2009-10-19', NULL),
(917, '3997719', '', 2, 0, '2009-10-19', NULL),
(918, '4161553', '', 2, 0, '2009-10-19', NULL),
(919, '4161552', '', 2, 0, '2009-10-19', NULL),
(920, '4161554', '', 2, 0, '2009-10-19', NULL),
(921, '4161561', '', 2, 0, '2009-10-19', NULL),
(922, '1048576', '', 2, 0, '2009-10-19', NULL),
(923, '1048577', '', 2, 0, '2009-10-19', NULL),
(924, '1114112', '', 2, 0, '2009-10-19', NULL),
(925, '3309568', '', 2, 0, '2009-10-19', NULL),
(926, '4161551', '', 2, 0, '2009-10-19', NULL),
(927, '4751360', '', 2, 0, '2009-10-19', NULL),
(928, '5079040', '', 2, 0, '2009-10-19', NULL),
(929, '5079041', '', 2, 0, '2009-10-19', NULL),
(930, '5079042', '', 2, 0, '2009-10-19', NULL),
(931, '5079043', '', 2, 0, '2009-10-19', NULL),
(932, '5079044', '', 2, 0, '2009-10-19', NULL),
(933, '5079045', '', 2, 0, '2009-10-19', NULL),
(934, '5079046', '', 2, 0, '2009-10-19', NULL),
(935, '5079047', '', 2, 0, '2009-10-19', NULL),
(936, '5079048', '', 2, 0, '2009-10-19', NULL),
(937, '6127616', '', 2, 0, '2009-11-03', NULL),
(938, '6127617', '', 2, 0, '2009-11-03', NULL),
(939, '6160384', '', 2, 0, '2009-11-03', NULL),
(940, '6160385', '', 2, 0, '2009-11-03', NULL),
(941, '6127618', '', 2, 0, '2009-11-03', NULL),
(942, '6127619', '', 2, 0, '2009-11-03', NULL),
(943, '6127620', '', 2, 0, '2009-11-03', NULL),
(944, '6127621', '', 2, 0, '2009-11-03', NULL),
(945, '6160386', '', 2, 0, '2009-11-03', NULL),
(946, '6127622', '', 2, 0, '2009-11-03', NULL),
(947, '6127623', '', 2, 0, '2009-11-03', NULL),
(948, '6160387', '', 2, 0, '2009-11-03', NULL),
(949, '6127624', '', 2, 0, '2009-11-03', NULL),
(950, '6160388', '', 2, 0, '2009-11-03', NULL),
(951, '6127625', '', 2, 0, '2009-11-03', NULL),
(952, '4227097', '', 2, 0, '2009-11-03', NULL),
(953, '6160389', '', 2, 0, '2009-11-03', NULL),
(954, '6127626', '', 2, 0, '2009-11-03', NULL),
(955, '6127627', '', 2, 0, '2009-11-03', NULL),
(956, '6127628', '', 2, 0, '2009-11-03', NULL),
(957, '6127629', '', 2, 0, '2009-11-03', NULL);


-- --------------------------------------------------------

--
-- Table structure for table `csm_user`
--

CREATE TABLE IF NOT EXISTS `csm_user1` (
  `user_id` bigint(20) NOT NULL auto_increment,
  `login_name` varchar(500) default NULL,
  `first_name` varchar(100) NOT NULL,
  `last_name` varchar(100) NOT NULL,
  `organization` varchar(100) default NULL,
  `department` varchar(100) default NULL,
  `title` varchar(100) default NULL,
  `phone_number` varchar(15) default NULL,
  `password` varchar(100) default NULL,
  `email_id` varchar(100) default NULL,
  `start_date` date default NULL,
  `end_date` date default NULL,
  `update_date` date NOT NULL,
  `migrated_flag` tinyint(1) NOT NULL default '0',
  `premgrt_login_name` varchar(100) default NULL,
  PRIMARY KEY  (`user_id`),
  UNIQUE KEY `uq_login_name` (`login_name`)
) ENGINE=InnoDB DEFAULT CHARSET=latin1 AUTO_INCREMENT=61 ;

--
-- Dumping data for table `csm_user`
--

INSERT INTO `csm_user1` (`user_id`, `login_name`, `first_name`, `last_name`, `organization`, `department`, `title`, `phone_number`, `password`, `email_id`, `start_date`, `end_date`, `update_date`, `migrated_flag`, `premgrt_login_name`) VALUES
(8, 'mcneil', 'Scott', 'McNeil', 'SAIC-Frederick', 'NCL', 'Dr.', '301-846-7579', 'Sxhmce0bXIA=', 'mcneils@ncifcrf.gov', NULL, NULL, '2009-10-07', 0, ''),
(9, 'patri', 'Anil', 'Patri', 'SAIC-Frederick', 'NCL', 'Dr.', '301-846-5237', '5KUeWDZ2tzY=', 'patri@ncifcrf.gov', NULL, NULL, '2009-10-07', 0, ''),
(10, 'marina', 'Marina', 'Dobrovolskaia', 'SAIC-Frederick', 'NCL', 'Dr.', '301-846-6352', 'H+YiyZUg+CU=', 'marina@ncifcrf.gov', NULL, NULL, '2009-10-07', 0, ''),
(11, 'stern', 'Steve', 'Stern', 'SAIC-Frederick', 'NCL', 'Dr.', '301-846-6198', '8lMKjPjoZ0c=', 'stern@ncifcrf.gov', NULL, NULL, '2009-10-07', 0, ''),
(12, 'fritts', 'Marty', 'Fritts', 'SAIC-Frederick', 'NCL', 'Dr.', '301-846-6938', '0uxsn++egWw=', 'frittsm@ncifcrf.gov', NULL, NULL, '2009-10-07', 0, ''),
(13, 'fine', 'Lydia', 'Fine', 'SAIC-Frederick', 'NCL', 'Ms.', '301-846-7378', 'HKuxt/EeKpM=', 'lfine@ncifcrf.gov', NULL, NULL, '2009-10-07', 0, ''),
(14, 'zheng', 'Jiwen', 'Zheng', 'SAIC-Frederick', 'NCL', 'Dr.', '301-846-1418', '5aqcKdXQF6g=', 'zheng@ncifcrf.gov', NULL, NULL, '2009-10-07', 0, ''),
(15, 'clogston', 'Jeff', 'Clogston', 'SAIC-Frederick', 'NCL', 'Dr.', '301-846-1388', 'THLB351ChTW8j2uyHEABIQ==', 'jclogston@ncifcrf.gov', NULL, NULL, '2009-10-07', 0, ''),
(16, 'zolnik', 'Banu', 'Zolnik', 'SAIC-Frederick', 'NCL', 'Dr.', '301-846-7161', 'STsZTeD4NEw=', 'zolnik@ncifcrf.gov', NULL, NULL, '2009-10-07', 0, ''),
(17, 'neun', 'Barry', 'Neun', 'SAIC-Frederick', 'NCL', 'Mr.', '301-846-5393', '6kOmwRXszFM=', 'neunb@ncifcrf.gov', NULL, NULL, '2009-10-07', 0, ''),
(18, 'potter', 'Tim', 'Potter', 'SAIC-Frederick', 'NCL', 'Mr.', '301-846-6649', 'c2ISCNaixAA=', 'potter@ncifcrf.gov', NULL, NULL, '2009-10-07', 0, ''),
(19, 'skoczen', 'Sarah', 'Skoczen', 'SAIC-Frederick', 'NCL', 'Ms.', '301-846-5021', 'HUSGS6FexME=', 'sskoczen@ncifcrf.gov', NULL, NULL, '2009-10-07', 0, ''),
(35, 'admin', 'Admin', 'Doe', '', '', '', '', 'hiVZd0dP0BQePhLKhEespw==', '', NULL, NULL, '2009-10-07', 0, ''),
(38, 'superadmin', 'Super', 'Doe', '', '', '', '', 'hiVZd0dP0BQePhLKhEespw==', '', NULL, NULL, '2010-03-23', 0, ''),
(51, 'jennifer', 'Jennifer', 'Hall', '', 'NCL', '', '', 'xbJsb04ujIy8j2uyHEABIQ==', '', NULL, NULL, '2010-03-26', 0, ''),
(53, 'mcleland', 'Chris', 'McLeland', 'NCI-Frederick', 'NCL', 'Mr.', '301-846-6974', 'h/pYtW2ZFxK8j2uyHEABIQ==', 'mclelandc@ncifcrf.gov', NULL, NULL, '2009-10-07', 0, ''),
(54, 'nclguest', 'guest', 'guest', '', '', '', '', 'of4IOVkI6VW8j2uyHEABIQ==', '', NULL, NULL, '2009-10-07', 0, ''),
(55, 'molnarl', 'Linda', 'Molnar', 'NCI', '', '', '', 'bIcc7Nw+M7g=', '', NULL, NULL, '2009-10-07', 0, ''),
(56, 'sharon', 'Sharon', 'Gaheen', '', '', '', '', 'sd1n95Rs8hS8j2uyHEABIQ==', '', NULL, NULL, '2009-10-14', 0, ''),
(57, 'piotr', 'Piotr', 'Grodzinski', 'nci', '', '', '', 'tufR6qBB98w=', 'grodzinp@mail.nih.gov', NULL, NULL, '2010-03-23', 0, ''),
(58, 'scott', 'Scott', 'McNeil', 'NCL', '', '', '', 'tufR6qBB98w=', 'mcneils@mail.nih.gov', NULL, NULL, '2010-03-23', 0, ''),
(60, 'rachael', 'Rachael', 'Crist', 'NCL', '', '', '', 'cVOTH17Z6928j2uyHEABIQ==', '', NULL, NULL, '2009-10-23', 0, '');

-- --------------------------------------------------------

--
-- Table structure for table `csm_user_group`
--

CREATE TABLE IF NOT EXISTS `csm_user_group1` (
  `user_group_id` bigint(20) NOT NULL auto_increment,
  `user_id` bigint(20) NOT NULL,
  `group_id` bigint(20) NOT NULL,
  PRIMARY KEY  (`user_group_id`),
  KEY `idx_user_id` (`user_id`),
  KEY `idx_group_id` (`group_id`)
) ENGINE=InnoDB DEFAULT CHARSET=latin1 AUTO_INCREMENT=111 ;

--
-- Dumping data for table `csm_user_group`
--

INSERT INTO `csm_user_group1` (`user_group_id`, `user_id`, `group_id`) VALUES
(54, 11, 6),
(55, 10, 6),
(56, 9, 6),
(57, 12, 6),
(59, 13, 7),
(60, 8, 7),
(61, 14, 7),
(62, 15, 7),
(63, 16, 7),
(64, 17, 7),
(65, 18, 7),
(66, 19, 7),
(69, 53, 6),
(85, 54, 11),
(87, 51, 6),
(88, 55, 7),
(94, 57, 7),
(97, 58, 11),
(98, 35, 6),
(99, 35, 7),
(100, 35, 11),
(106, 56, 6),
(110, 60, 6);

-- --------------------------------------------------------

--
-- Table structure for table `csm_user_group_role_pg`
--

CREATE TABLE IF NOT EXISTS `csm_user_group_role_pg1` (
  `user_group_role_pg_id` bigint(20) NOT NULL auto_increment,
  `user_id` bigint(20) default NULL,
  `group_id` bigint(20) default NULL,
  `role_id` bigint(20) NOT NULL,
  `protection_group_id` bigint(20) NOT NULL,
  `update_date` date NOT NULL default '0000-00-00',
  PRIMARY KEY  (`user_group_role_pg_id`),
  KEY `idx_group_id` (`group_id`),
  KEY `idx_role_id` (`role_id`),
  KEY `idx_protection_group_id` (`protection_group_id`),
  KEY `idx_user_id` (`user_id`)
) ENGINE=InnoDB DEFAULT CHARSET=latin1 AUTO_INCREMENT=5673 ;

--
-- Dumping data for table `csm_user_group_role_pg`
--

INSERT INTO `csm_user_group_role_pg1` (`user_group_role_pg_id`, `user_id`, `group_id`, `role_id`, `protection_group_id`, `update_date`) VALUES
(1004, NULL, 6, 10, 51, '2006-12-08'),
(1005, NULL, 7, 10, 51, '2006-12-08'),
(1017, NULL, 6, 10, 57, '2006-12-11'),
(1018, NULL, 7, 10, 57, '2006-12-11'),
(1053, NULL, 6, 10, 72, '2006-12-11'),
(1054, NULL, 7, 10, 72, '2006-12-11'),
(1055, NULL, 6, 10, 73, '2006-12-11'),
(1056, NULL, 7, 10, 73, '2006-12-11'),
(1057, NULL, 6, 10, 74, '2006-12-11'),
(1058, NULL, 7, 10, 74, '2006-12-11'),
(1061, NULL, 6, 10, 76, '2006-12-11'),
(1062, NULL, 7, 10, 76, '2006-12-11'),
(1063, NULL, 6, 10, 77, '2006-12-11'),
(1064, NULL, 7, 10, 77, '2006-12-11'),
(1065, NULL, 6, 10, 78, '2006-12-11'),
(1066, NULL, 7, 10, 78, '2006-12-11'),
(1067, NULL, 6, 10, 79, '2006-12-11'),
(1068, NULL, 7, 10, 79, '2006-12-11'),
(1118, NULL, 6, 10, 92, '2006-12-11'),
(1119, NULL, 7, 10, 92, '2006-12-11'),
(1122, NULL, 6, 10, 94, '2006-12-11'),
(1123, NULL, 7, 10, 94, '2006-12-11'),
(1124, NULL, 6, 10, 95, '2006-12-11'),
(1125, NULL, 7, 10, 95, '2006-12-11'),
(1128, NULL, 6, 10, 97, '2006-12-11'),
(1129, NULL, 7, 10, 97, '2006-12-11'),
(1132, NULL, 6, 10, 99, '2006-12-11'),
(1133, NULL, 7, 10, 99, '2006-12-11'),
(1162, NULL, 6, 10, 114, '2006-12-13'),
(1163, NULL, 7, 10, 114, '2006-12-13'),
(1186, NULL, 8, 10, 126, '2006-12-15'),
(1187, NULL, 13, 10, 126, '2006-12-15'),
(1188, NULL, 11, 10, 127, '2006-12-20'),
(1189, NULL, 6, 10, 127, '2006-12-20'),
(1190, NULL, 7, 10, 127, '2006-12-20'),
(1206, NULL, 6, 10, 133, '2006-12-21'),
(1207, NULL, 7, 10, 133, '2006-12-21'),
(1208, NULL, 6, 10, 134, '2006-12-21'),
(1209, NULL, 7, 10, 134, '2006-12-21'),
(1214, NULL, 6, 10, 64, '2006-12-22'),
(1215, NULL, 7, 10, 64, '2006-12-22'),
(1252, NULL, 6, 10, 148, '2007-04-11'),
(1253, NULL, 7, 10, 148, '2007-04-11'),
(1316, NULL, 6, 10, 175, '2007-04-13'),
(1317, NULL, 7, 10, 175, '2007-04-13'),
(1318, NULL, 6, 10, 176, '2007-04-13'),
(1319, NULL, 7, 10, 176, '2007-04-13'),
(1334, NULL, 6, 10, 181, '2007-04-13'),
(1335, NULL, 7, 10, 181, '2007-04-13'),
(1392, NULL, 11, 10, 51, '2007-05-21'),
(1405, NULL, 11, 10, 72, '2007-05-21'),
(1406, NULL, 11, 10, 73, '2007-05-21'),
(1408, NULL, 11, 10, 76, '2007-05-21'),
(1409, NULL, 11, 10, 77, '2007-05-21'),
(1422, NULL, 11, 10, 94, '2007-05-21'),
(1423, NULL, 11, 10, 95, '2007-05-21'),
(1425, NULL, 11, 10, 97, '2007-05-21'),
(1441, NULL, 11, 10, 114, '2007-05-21'),
(1465, NULL, 11, 10, 148, '2007-05-21'),
(1492, NULL, 11, 10, 175, '2007-05-21'),
(1493, NULL, 11, 10, 176, '2007-05-21'),
(1498, NULL, 11, 10, 181, '2007-05-21'),
(1516, NULL, 6, 10, 197, '2007-05-31'),
(1517, NULL, 7, 10, 197, '2007-05-31'),
(1518, NULL, 6, 10, 198, '2007-05-31'),
(1519, NULL, 7, 10, 198, '2007-05-31'),
(1536, NULL, 6, 10, 207, '2007-05-31'),
(1537, NULL, 7, 10, 207, '2007-05-31'),
(1538, NULL, 6, 10, 208, '2007-05-31'),
(1539, NULL, 7, 10, 208, '2007-05-31'),
(1540, NULL, 6, 10, 209, '2007-05-31'),
(1541, NULL, 7, 10, 209, '2007-05-31'),
(1542, NULL, 6, 10, 210, '2007-05-31'),
(1543, NULL, 7, 10, 210, '2007-05-31'),
(1609, NULL, 6, 10, 239, '2007-08-31'),
(1610, NULL, 6, 10, 240, '2007-08-31'),
(1611, NULL, 6, 10, 241, '2007-08-31'),
(1612, NULL, 6, 10, 242, '2007-08-31'),
(1614, NULL, 6, 10, 244, '2007-08-31'),
(1617, NULL, 6, 10, 247, '2007-08-31'),
(1628, NULL, 7, 10, 239, '2007-08-31'),
(1629, NULL, 7, 10, 240, '2007-08-31'),
(1630, NULL, 7, 10, 241, '2007-08-31'),
(1631, NULL, 7, 10, 242, '2007-08-31'),
(1633, NULL, 7, 10, 244, '2007-08-31'),
(1636, NULL, 7, 10, 247, '2007-08-31'),
(1659, NULL, 11, 10, 249, '2007-11-16'),
(1660, NULL, 6, 10, 249, '2007-11-16'),
(1661, NULL, 7, 10, 249, '2007-11-16'),
(1662, NULL, 11, 10, 245, '2007-11-16'),
(1663, NULL, 6, 10, 245, '2007-11-16'),
(1664, NULL, 7, 10, 245, '2007-11-16'),
(1665, NULL, 11, 10, 250, '2007-11-16'),
(1666, NULL, 6, 10, 250, '2007-11-16'),
(1667, NULL, 7, 10, 250, '2007-11-16'),
(1668, NULL, 11, 10, 251, '2007-11-16'),
(1669, NULL, 6, 10, 251, '2007-11-16'),
(1670, NULL, 7, 10, 251, '2007-11-16'),
(1671, NULL, 11, 10, 252, '2007-11-16'),
(1672, NULL, 6, 10, 252, '2007-11-16'),
(1673, NULL, 7, 10, 252, '2007-11-16'),
(1674, NULL, 11, 10, 253, '2007-11-16'),
(1675, NULL, 6, 10, 253, '2007-11-16'),
(1676, NULL, 7, 10, 253, '2007-11-16'),
(1677, NULL, 11, 10, 254, '2007-11-16'),
(1678, NULL, 6, 10, 254, '2007-11-16'),
(1679, NULL, 7, 10, 254, '2007-11-16'),
(1680, NULL, 11, 10, 255, '2007-11-16'),
(1681, NULL, 6, 10, 255, '2007-11-16'),
(1682, NULL, 7, 10, 255, '2007-11-16'),
(1683, NULL, 11, 10, 256, '2007-11-16'),
(1684, NULL, 6, 10, 256, '2007-11-16'),
(1685, NULL, 7, 10, 256, '2007-11-16'),
(1686, NULL, 11, 10, 246, '2007-11-16'),
(1687, NULL, 6, 10, 246, '2007-11-16'),
(1688, NULL, 7, 10, 246, '2007-11-16'),
(1689, NULL, 11, 10, 248, '2007-11-16'),
(1690, NULL, 6, 10, 248, '2007-11-16'),
(1691, NULL, 7, 10, 248, '2007-11-16'),
(1701, NULL, 11, 10, 263, '2007-11-16'),
(1702, NULL, 6, 10, 263, '2007-11-16'),
(1703, NULL, 7, 10, 263, '2007-11-16'),
(1704, NULL, 11, 10, 264, '2007-11-16'),
(1705, NULL, 6, 10, 264, '2007-11-16'),
(1706, NULL, 7, 10, 264, '2007-11-16'),
(1707, NULL, 11, 10, 265, '2007-11-16'),
(1708, NULL, 6, 10, 265, '2007-11-16'),
(1709, NULL, 7, 10, 265, '2007-11-16'),
(1710, NULL, 11, 10, 266, '2007-11-16'),
(1711, NULL, 6, 10, 266, '2007-11-16'),
(1712, NULL, 7, 10, 266, '2007-11-16'),
(1713, NULL, 11, 10, 243, '2007-11-16'),
(1714, NULL, 6, 10, 243, '2007-11-16'),
(1715, NULL, 7, 10, 243, '2007-11-16'),
(1716, NULL, 11, 10, 238, '2007-11-16'),
(1717, NULL, 6, 10, 238, '2007-11-16'),
(1718, NULL, 7, 10, 238, '2007-11-16'),
(1719, NULL, 11, 10, 262, '2007-11-16'),
(1720, NULL, 6, 10, 262, '2007-11-16'),
(1721, NULL, 7, 10, 262, '2007-11-16'),
(1722, NULL, 11, 10, 267, '2007-11-16'),
(1723, NULL, 6, 10, 267, '2007-11-16'),
(1724, NULL, 7, 10, 267, '2007-11-16'),
(1725, NULL, 11, 10, 268, '2007-11-16'),
(1726, NULL, 6, 10, 268, '2007-11-16'),
(1727, NULL, 7, 10, 268, '2007-11-16'),
(1728, NULL, 6, 12, 269, '2008-01-17'),
(1729, NULL, 6, 12, 270, '2008-01-17'),
(1730, NULL, 6, 12, 272, '2008-01-17'),
(1731, NULL, 6, 12, 271, '2008-01-17'),
(1732, NULL, 7, 12, 269, '2008-01-17'),
(1759, NULL, 11, 10, 277, '2008-01-24'),
(1760, NULL, 6, 10, 277, '2008-01-24'),
(1761, NULL, 7, 10, 277, '2008-01-24'),
(1972, NULL, 11, 10, 431, '2008-06-12'),
(1973, NULL, 11, 10, 432, '2008-06-12'),
(1974, NULL, 11, 10, 433, '2008-06-12'),
(1987, NULL, 11, 10, 446, '2008-06-12'),
(1988, NULL, 11, 10, 447, '2008-06-12'),
(1989, NULL, 11, 10, 448, '2008-06-12'),
(1990, NULL, 11, 10, 449, '2008-06-12'),
(1991, NULL, 11, 10, 450, '2008-06-12'),
(1992, NULL, 11, 10, 451, '2008-06-12'),
(1993, NULL, 11, 10, 452, '2008-06-12'),
(1994, NULL, 11, 10, 453, '2008-06-12'),
(1995, NULL, 11, 10, 454, '2008-06-12'),
(1996, NULL, 11, 10, 455, '2008-06-12'),
(1997, NULL, 11, 10, 456, '2008-06-12'),
(1998, NULL, 11, 10, 457, '2008-06-12'),
(1999, NULL, 11, 10, 458, '2008-06-12'),
(2000, NULL, 11, 10, 459, '2008-06-12'),
(2001, NULL, 11, 10, 460, '2008-06-12'),
(2002, NULL, 11, 10, 461, '2008-06-12'),
(2003, NULL, 11, 10, 462, '2008-06-12'),
(2004, NULL, 11, 10, 463, '2008-06-12'),
(2005, NULL, 11, 10, 464, '2008-06-12'),
(2006, NULL, 11, 10, 465, '2008-06-12'),
(2041, NULL, 11, 10, 430, '2008-06-20'),
(2094, NULL, 11, 10, 276, '2008-06-20'),
(2128, NULL, 11, 10, 516, '2008-06-20'),
(2136, NULL, 11, 10, 517, '2008-06-20'),
(2274, NULL, 11, 10, 519, '2008-09-04'),
(2275, NULL, 11, 10, 520, '2008-09-04'),
(2276, NULL, 11, 10, 634, '2008-09-06'),
(2277, NULL, 11, 10, 635, '2008-09-06'),
(2278, NULL, 11, 10, 636, '2008-09-06'),
(2279, NULL, 11, 10, 637, '2008-09-06'),
(2280, NULL, 11, 10, 638, '2008-09-06'),
(2281, NULL, 11, 10, 639, '2008-09-06'),
(2282, NULL, 11, 10, 640, '2008-09-06'),
(2283, NULL, 11, 10, 641, '2008-09-06'),
(2288, NULL, 11, 10, 434, '2008-09-06'),
(2294, NULL, 11, 10, 435, '2008-09-06'),
(2306, NULL, 11, 10, 642, '2008-09-06'),
(2307, NULL, 11, 10, 646, '2008-09-06'),
(2308, NULL, 11, 10, 644, '2008-09-06'),
(2309, NULL, 11, 10, 647, '2008-09-06'),
(2310, NULL, 11, 10, 645, '2008-09-06'),
(2311, NULL, 11, 10, 643, '2008-09-06'),
(2312, NULL, 11, 10, 648, '2008-09-06'),
(2313, NULL, 11, 10, 649, '2008-09-06'),
(2314, NULL, 11, 10, 650, '2008-09-06'),
(2315, NULL, 11, 10, 651, '2008-09-06'),
(2316, NULL, 11, 10, 652, '2008-09-06'),
(2317, NULL, 11, 10, 653, '2008-09-06'),
(2318, NULL, 11, 10, 654, '2008-09-06'),
(2319, NULL, 11, 10, 655, '2008-09-06'),
(2320, NULL, 11, 10, 656, '2009-01-13'),
(2321, NULL, 11, 10, 657, '2009-01-13'),
(2659, NULL, 11, 10, 601, '2009-10-07'),
(2669, NULL, 11, 10, 599, '2009-10-07'),
(2733, NULL, 11, 10, 598, '2009-10-07'),
(3106, NULL, 11, 10, 593, '2009-10-12'),
(3109, NULL, 11, 10, 592, '2009-10-12'),
(3115, NULL, 11, 10, 595, '2009-10-12'),
(3116, NULL, 11, 10, 594, '2009-10-12'),
(3124, NULL, 11, 10, 596, '2009-10-12'),
(3126, NULL, 11, 10, 597, '2009-10-12'),
(3279, NULL, 11, 10, 600, '2009-10-14'),
(3853, NULL, 11, 10, 518, '2009-10-15'),
(3988, NULL, 11, 10, 841, '2009-10-16'),
(3989, NULL, 11, 10, 842, '2009-10-16'),
(3990, NULL, 11, 10, 843, '2009-10-16'),
(3991, NULL, 11, 10, 844, '2009-10-16'),
(3992, NULL, 11, 10, 845, '2009-10-16'),
(4051, NULL, 6, 10, 852, '2009-10-16'),
(4052, NULL, 7, 10, 852, '2009-10-16'),
(4053, NULL, 55, 10, 852, '2009-10-16'),
(4098, NULL, 6, 10, 858, '2009-10-16'),
(4099, NULL, 7, 10, 858, '2009-10-16'),
(4100, NULL, 55, 10, 858, '2009-10-16'),
(4101, NULL, 61, 10, 858, '2009-10-16'),
(4266, NULL, 50, 10, 846, '2009-10-16'),
(4267, NULL, 6, 10, 846, '2009-10-16'),
(4268, NULL, 7, 10, 846, '2009-10-16'),
(4269, NULL, 61, 10, 846, '2009-10-16'),
(4575, NULL, 6, 10, 870, '2009-10-19'),
(4576, NULL, 7, 10, 870, '2009-10-19'),
(4577, NULL, 50, 10, 870, '2009-10-19'),
(4578, NULL, 61, 10, 870, '2009-10-19'),
(4579, NULL, 6, 10, 874, '2009-10-19'),
(4580, NULL, 7, 10, 874, '2009-10-19'),
(4581, NULL, 50, 10, 874, '2009-10-19'),
(4582, NULL, 61, 10, 874, '2009-10-19'),
(4583, NULL, 6, 10, 876, '2009-10-19'),
(4584, NULL, 7, 10, 876, '2009-10-19'),
(4585, NULL, 50, 10, 876, '2009-10-19'),
(4586, NULL, 61, 10, 876, '2009-10-19'),
(4587, NULL, 6, 10, 877, '2009-10-19'),
(4588, NULL, 7, 10, 877, '2009-10-19'),
(4589, NULL, 50, 10, 877, '2009-10-19'),
(4590, NULL, 61, 10, 877, '2009-10-19'),
(4591, NULL, 6, 10, 879, '2009-10-19'),
(4592, NULL, 7, 10, 879, '2009-10-19'),
(4593, NULL, 50, 10, 879, '2009-10-19'),
(4594, NULL, 61, 10, 879, '2009-10-19'),
(4595, NULL, 6, 10, 878, '2009-10-19'),
(4596, NULL, 7, 10, 878, '2009-10-19'),
(4597, NULL, 50, 10, 878, '2009-10-19'),
(4598, NULL, 61, 10, 878, '2009-10-19'),
(4599, NULL, 6, 10, 875, '2009-10-19'),
(4600, NULL, 7, 10, 875, '2009-10-19'),
(4601, NULL, 50, 10, 875, '2009-10-19'),
(4602, NULL, 61, 10, 875, '2009-10-19'),
(4604, NULL, 6, 10, 871, '2009-10-19'),
(4605, NULL, 7, 10, 871, '2009-10-19'),
(4606, NULL, 50, 10, 871, '2009-10-19'),
(4607, NULL, 61, 10, 871, '2009-10-19'),
(4608, NULL, 6, 10, 872, '2009-10-19'),
(4609, NULL, 7, 10, 872, '2009-10-19'),
(4610, NULL, 50, 10, 872, '2009-10-19'),
(4611, NULL, 61, 10, 872, '2009-10-19'),
(4612, NULL, 6, 10, 873, '2009-10-19'),
(4613, NULL, 7, 10, 873, '2009-10-19'),
(4614, NULL, 50, 10, 873, '2009-10-19'),
(4615, NULL, 61, 10, 873, '2009-10-19'),
(4616, NULL, 6, 10, 848, '2009-10-19'),
(4617, NULL, 7, 10, 848, '2009-10-19'),
(4618, NULL, 55, 10, 848, '2009-10-19'),
(4619, NULL, 61, 10, 848, '2009-10-19'),
(4620, NULL, 6, 10, 849, '2009-10-19'),
(4621, NULL, 7, 10, 849, '2009-10-19'),
(4622, NULL, 55, 10, 849, '2009-10-19'),
(4623, NULL, 61, 10, 849, '2009-10-19'),
(4624, NULL, 11, 10, 216, '2009-10-19'),
(4625, NULL, 11, 10, 381, '2009-10-19'),
(4626, NULL, 11, 10, 217, '2009-10-19'),
(4627, NULL, 11, 10, 382, '2009-10-19'),
(4628, NULL, 11, 10, 229, '2009-10-19'),
(4629, NULL, 11, 10, 383, '2009-10-19'),
(4630, NULL, 11, 10, 258, '2009-10-19'),
(4631, NULL, 11, 10, 494, '2009-10-19'),
(4632, NULL, 11, 10, 493, '2009-10-19'),
(4633, NULL, 11, 10, 214, '2009-10-19'),
(4634, NULL, 11, 10, 380, '2009-10-19'),
(4635, NULL, 11, 10, 259, '2009-10-19'),
(4636, NULL, 11, 10, 379, '2009-10-19'),
(4637, NULL, 11, 10, 215, '2009-10-19'),
(4638, NULL, 11, 10, 496, '2009-10-19'),
(4639, NULL, 11, 10, 495, '2009-10-19'),
(4640, NULL, 11, 10, 218, '2009-10-19'),
(4641, NULL, 11, 10, 388, '2009-10-19'),
(4642, NULL, 11, 10, 273, '2009-10-19'),
(4643, NULL, 11, 10, 386, '2009-10-19'),
(4644, NULL, 11, 10, 228, '2009-10-19'),
(4645, NULL, 11, 10, 387, '2009-10-19'),
(4646, NULL, 11, 10, 260, '2009-10-19'),
(4647, NULL, 11, 10, 384, '2009-10-19'),
(4648, NULL, 11, 10, 219, '2009-10-19'),
(4649, NULL, 11, 10, 385, '2009-10-19'),
(4650, NULL, 11, 10, 227, '2009-10-19'),
(4651, NULL, 11, 10, 498, '2009-10-19'),
(4652, NULL, 11, 10, 497, '2009-10-19'),
(4653, NULL, 11, 10, 52, '2009-10-19'),
(4654, NULL, 11, 10, 311, '2009-10-19'),
(4655, NULL, 11, 10, 146, '2009-10-19'),
(4656, NULL, 11, 10, 864, '2009-10-19'),
(4659, NULL, 11, 10, 309, '2009-10-19'),
(4660, NULL, 11, 10, 153, '2009-10-19'),
(4661, NULL, 11, 10, 865, '2009-10-19'),
(4663, NULL, 11, 10, 307, '2009-10-19'),
(4664, NULL, 11, 10, 55, '2009-10-19'),
(4665, NULL, 11, 10, 861, '2009-10-19'),
(4666, NULL, 11, 10, 528, '2009-10-19'),
(4667, NULL, 11, 10, 698, '2009-10-19'),
(4669, NULL, 11, 10, 305, '2009-10-19'),
(4670, NULL, 11, 10, 54, '2009-10-19'),
(4671, NULL, 11, 10, 526, '2009-10-19'),
(4674, NULL, 11, 10, 525, '2009-10-19'),
(4675, NULL, 11, 10, 869, '2009-10-19'),
(4676, NULL, 11, 10, 868, '2009-10-19'),
(4677, NULL, 11, 10, 701, '2009-10-19'),
(4680, NULL, 11, 10, 308, '2009-10-19'),
(4681, NULL, 11, 10, 56, '2009-10-19'),
(4682, NULL, 11, 10, 529, '2009-10-19'),
(4684, NULL, 11, 10, 862, '2009-10-19'),
(4685, NULL, 11, 10, 863, '2009-10-19'),
(4686, NULL, 11, 10, 699, '2009-10-19'),
(4688, NULL, 11, 10, 310, '2009-10-19'),
(4689, NULL, 11, 10, 143, '2009-10-19'),
(4690, NULL, 11, 10, 534, '2009-10-19'),
(4693, NULL, 11, 10, 533, '2009-10-19'),
(4696, NULL, 11, 10, 535, '2009-10-19'),
(4697, NULL, 11, 10, 882, '2009-10-19'),
(4698, NULL, 11, 10, 883, '2009-10-19'),
(4699, NULL, 11, 10, 142, '2009-10-19'),
(4700, NULL, 11, 10, 532, '2009-10-19'),
(4703, NULL, 11, 10, 530, '2009-10-19'),
(4706, NULL, 11, 10, 531, '2009-10-19'),
(4707, NULL, 11, 10, 880, '2009-10-19'),
(4708, NULL, 11, 10, 881, '2009-10-19'),
(4709, NULL, 11, 10, 702, '2009-10-19'),
(4711, NULL, 11, 10, 304, '2009-10-19'),
(4712, NULL, 11, 10, 53, '2009-10-19'),
(4713, NULL, 11, 10, 524, '2009-10-19'),
(4716, NULL, 11, 10, 523, '2009-10-19'),
(4717, NULL, 11, 10, 866, '2009-10-19'),
(4718, NULL, 11, 10, 867, '2009-10-19'),
(4719, NULL, 11, 10, 700, '2009-10-19'),
(4722, NULL, 11, 10, 306, '2009-10-19'),
(4723, NULL, 11, 10, 683, '2009-10-19'),
(4724, NULL, 11, 10, 527, '2009-10-19'),
(4726, NULL, 11, 10, 285, '2009-10-19'),
(4727, NULL, 11, 10, 299, '2009-10-19'),
(4728, NULL, 11, 10, 292, '2009-10-19'),
(4734, NULL, 11, 10, 58, '2009-10-19'),
(4735, NULL, 11, 10, 312, '2009-10-19'),
(4736, NULL, 11, 10, 684, '2009-10-19'),
(4737, NULL, 11, 10, 536, '2009-10-19'),
(4738, NULL, 11, 10, 315, '2009-10-19'),
(4739, NULL, 11, 10, 59, '2009-10-19'),
(4740, NULL, 11, 10, 886, '2009-10-19'),
(4742, NULL, 11, 10, 313, '2009-10-19'),
(4743, NULL, 11, 10, 158, '2009-10-19'),
(4744, NULL, 11, 10, 884, '2009-10-19'),
(4745, NULL, 11, 10, 537, '2009-10-19'),
(4746, NULL, 11, 10, 703, '2009-10-19'),
(4748, NULL, 11, 10, 314, '2009-10-19'),
(4749, NULL, 11, 10, 159, '2009-10-19'),
(4750, NULL, 11, 10, 538, '2009-10-19'),
(4751, NULL, 11, 10, 885, '2009-10-19'),
(4752, NULL, 11, 10, 704, '2009-10-19'),
(4754, NULL, 11, 10, 316, '2009-10-19'),
(4755, NULL, 11, 10, 147, '2009-10-19'),
(4756, NULL, 11, 10, 887, '2009-10-19'),
(4760, NULL, 11, 10, 286, '2009-10-19'),
(4761, NULL, 11, 10, 293, '2009-10-19'),
(4765, NULL, 11, 10, 60, '2009-10-19'),
(4766, NULL, 11, 10, 421, '2009-10-19'),
(4767, NULL, 11, 10, 183, '2009-10-19'),
(4768, NULL, 11, 10, 182, '2009-10-19'),
(4769, NULL, 11, 10, 121, '2009-10-19'),
(4770, NULL, 11, 10, 404, '2009-10-19'),
(4771, NULL, 11, 10, 157, '2009-10-19'),
(4772, NULL, 11, 10, 890, '2009-10-19'),
(4773, NULL, 11, 10, 549, '2009-10-19'),
(4774, NULL, 11, 10, 156, '2009-10-19'),
(4775, NULL, 11, 10, 548, '2009-10-19'),
(4776, NULL, 11, 10, 889, '2009-10-19'),
(4777, NULL, 11, 10, 706, '2009-10-19'),
(4780, NULL, 11, 10, 414, '2009-10-19'),
(4781, NULL, 11, 10, 100, '2009-10-19'),
(4782, NULL, 11, 10, 420, '2009-10-19'),
(4783, NULL, 11, 10, 118, '2009-10-19'),
(4784, NULL, 11, 10, 400, '2009-10-19'),
(4785, NULL, 11, 10, 685, '2009-10-19'),
(4786, NULL, 11, 10, 545, '2009-10-19'),
(4787, NULL, 11, 10, 544, '2009-10-19'),
(4788, NULL, 11, 10, 710, '2009-10-19'),
(4791, NULL, 11, 10, 418, '2009-10-19'),
(4792, NULL, 11, 10, 112, '2009-10-19'),
(4793, NULL, 11, 10, 407, '2009-10-19'),
(4794, NULL, 11, 10, 411, '2009-10-19'),
(4795, NULL, 11, 10, 87, '2009-10-19'),
(4796, NULL, 11, 10, 406, '2009-10-19'),
(4797, NULL, 11, 10, 416, '2009-10-19'),
(4798, NULL, 11, 10, 106, '2009-10-19'),
(4799, NULL, 11, 10, 398, '2009-10-19'),
(4800, NULL, 11, 10, 686, '2009-10-19'),
(4801, NULL, 11, 10, 540, '2009-10-19'),
(4802, NULL, 11, 10, 539, '2009-10-19'),
(4803, NULL, 11, 10, 708, '2009-10-19'),
(4806, NULL, 11, 10, 412, '2009-10-19'),
(4807, NULL, 11, 10, 88, '2009-10-19'),
(4808, NULL, 11, 10, 428, '2009-10-19'),
(4809, NULL, 11, 10, 174, '2009-10-19'),
(4810, NULL, 11, 10, 405, '2009-10-19'),
(4811, NULL, 11, 10, 62, '2009-10-19'),
(4812, NULL, 11, 10, 888, '2009-10-19'),
(4813, NULL, 11, 10, 550, '2009-10-19'),
(4814, NULL, 11, 10, 705, '2009-10-19'),
(4817, NULL, 11, 10, 408, '2009-10-19'),
(4818, NULL, 11, 10, 152, '2009-10-19'),
(4819, NULL, 11, 10, 399, '2009-10-19'),
(4820, NULL, 11, 10, 135, '2009-10-19'),
(4821, NULL, 11, 10, 543, '2009-10-19'),
(4822, NULL, 11, 10, 542, '2009-10-19'),
(4823, NULL, 11, 10, 541, '2009-10-19'),
(4824, NULL, 11, 10, 711, '2009-10-19'),
(4827, NULL, 11, 10, 413, '2009-10-19'),
(4828, NULL, 11, 10, 161, '2009-10-19'),
(4829, NULL, 11, 10, 410, '2009-10-19'),
(4830, NULL, 11, 10, 86, '2009-10-19'),
(4831, NULL, 11, 10, 577, '2009-10-19'),
(4832, NULL, 11, 10, 771, '2009-10-19'),
(4833, NULL, 11, 10, 772, '2009-10-19'),
(4834, NULL, 11, 10, 582, '2009-10-19'),
(4835, NULL, 11, 10, 773, '2009-10-19'),
(4836, NULL, 11, 10, 774, '2009-10-19'),
(4837, NULL, 11, 10, 560, '2009-10-19'),
(4838, NULL, 11, 10, 775, '2009-10-19'),
(4839, NULL, 11, 10, 776, '2009-10-19'),
(4840, NULL, 11, 10, 565, '2009-10-19'),
(4841, NULL, 11, 10, 777, '2009-10-19'),
(4842, NULL, 11, 10, 778, '2009-10-19'),
(4843, NULL, 11, 10, 554, '2009-10-19'),
(4844, NULL, 11, 10, 779, '2009-10-19'),
(4845, NULL, 11, 10, 780, '2009-10-19'),
(4846, NULL, 11, 10, 551, '2009-10-19'),
(4847, NULL, 11, 10, 781, '2009-10-19'),
(4848, NULL, 11, 10, 782, '2009-10-19'),
(4849, NULL, 11, 10, 571, '2009-10-19'),
(4850, NULL, 11, 10, 784, '2009-10-19'),
(4851, NULL, 11, 10, 783, '2009-10-19'),
(4852, NULL, 11, 10, 574, '2009-10-19'),
(4853, NULL, 11, 10, 786, '2009-10-19'),
(4854, NULL, 11, 10, 785, '2009-10-19'),
(4855, NULL, 11, 10, 557, '2009-10-19'),
(4856, NULL, 11, 10, 788, '2009-10-19'),
(4857, NULL, 11, 10, 787, '2009-10-19'),
(4858, NULL, 11, 10, 562, '2009-10-19'),
(4859, NULL, 11, 10, 790, '2009-10-19'),
(4860, NULL, 11, 10, 789, '2009-10-19'),
(4861, NULL, 11, 10, 579, '2009-10-19'),
(4862, NULL, 11, 10, 792, '2009-10-19'),
(4863, NULL, 11, 10, 791, '2009-10-19'),
(4864, NULL, 11, 10, 573, '2009-10-19'),
(4865, NULL, 11, 10, 794, '2009-10-19'),
(4866, NULL, 11, 10, 793, '2009-10-19'),
(4867, NULL, 11, 10, 556, '2009-10-19'),
(4868, NULL, 11, 10, 796, '2009-10-19'),
(4869, NULL, 11, 10, 795, '2009-10-19'),
(4870, NULL, 11, 10, 581, '2009-10-19'),
(4871, NULL, 11, 10, 798, '2009-10-19'),
(4872, NULL, 11, 10, 797, '2009-10-19'),
(4873, NULL, 11, 10, 563, '2009-10-19'),
(4874, NULL, 11, 10, 801, '2009-10-19'),
(4875, NULL, 11, 10, 802, '2009-10-19'),
(4876, NULL, 11, 10, 564, '2009-10-19'),
(4877, NULL, 11, 10, 800, '2009-10-19'),
(4878, NULL, 11, 10, 799, '2009-10-19'),
(4879, NULL, 11, 10, 580, '2009-10-19'),
(4880, NULL, 11, 10, 804, '2009-10-19'),
(4881, NULL, 11, 10, 803, '2009-10-19'),
(4882, NULL, 11, 10, 555, '2009-10-19'),
(4883, NULL, 11, 10, 807, '2009-10-19'),
(4884, NULL, 11, 10, 808, '2009-10-19'),
(4885, NULL, 11, 10, 572, '2009-10-19'),
(4886, NULL, 11, 10, 805, '2009-10-19'),
(4887, NULL, 11, 10, 806, '2009-10-19'),
(4888, NULL, 11, 10, 558, '2009-10-19'),
(4889, NULL, 11, 10, 809, '2009-10-19'),
(4890, NULL, 11, 10, 810, '2009-10-19'),
(4891, NULL, 11, 10, 575, '2009-10-19'),
(4892, NULL, 11, 10, 811, '2009-10-19'),
(4893, NULL, 11, 10, 812, '2009-10-19'),
(4894, NULL, 11, 10, 561, '2009-10-19'),
(4895, NULL, 11, 10, 815, '2009-10-19'),
(4896, NULL, 11, 10, 816, '2009-10-19'),
(4897, NULL, 11, 10, 566, '2009-10-19'),
(4898, NULL, 11, 10, 813, '2009-10-19'),
(4899, NULL, 11, 10, 814, '2009-10-19'),
(4900, NULL, 11, 10, 578, '2009-10-19'),
(4901, NULL, 11, 10, 817, '2009-10-19'),
(4902, NULL, 11, 10, 818, '2009-10-19'),
(4903, NULL, 11, 10, 553, '2009-10-19'),
(4904, NULL, 11, 10, 820, '2009-10-19'),
(4905, NULL, 11, 10, 819, '2009-10-19'),
(4906, NULL, 11, 10, 570, '2009-10-19'),
(4907, NULL, 11, 10, 822, '2009-10-19'),
(4908, NULL, 11, 10, 821, '2009-10-19'),
(4909, NULL, 11, 10, 567, '2009-10-19'),
(4910, NULL, 11, 10, 824, '2009-10-19'),
(4911, NULL, 11, 10, 823, '2009-10-19'),
(4912, NULL, 11, 10, 569, '2009-10-19'),
(4913, NULL, 11, 10, 826, '2009-10-19'),
(4914, NULL, 11, 10, 825, '2009-10-19'),
(4915, NULL, 11, 10, 552, '2009-10-19'),
(4916, NULL, 11, 10, 828, '2009-10-19'),
(4917, NULL, 11, 10, 827, '2009-10-19'),
(4918, NULL, 11, 10, 576, '2009-10-19'),
(4919, NULL, 11, 10, 830, '2009-10-19'),
(4920, NULL, 11, 10, 829, '2009-10-19'),
(4921, NULL, 11, 10, 559, '2009-10-19'),
(4922, NULL, 11, 10, 832, '2009-10-19'),
(4923, NULL, 11, 10, 831, '2009-10-19'),
(4924, NULL, 11, 10, 568, '2009-10-19'),
(4925, NULL, 11, 10, 834, '2009-10-19'),
(4926, NULL, 11, 10, 833, '2009-10-19'),
(4927, NULL, 11, 10, 415, '2009-10-19'),
(4928, NULL, 11, 10, 104, '2009-10-19'),
(4929, NULL, 11, 10, 419, '2009-10-19'),
(4930, NULL, 11, 10, 113, '2009-10-19'),
(4931, NULL, 11, 10, 424, '2009-10-19'),
(4932, NULL, 11, 10, 144, '2009-10-19'),
(4933, NULL, 11, 10, 422, '2009-10-19'),
(4934, NULL, 11, 10, 122, '2009-10-19'),
(4935, NULL, 11, 10, 188, '2009-10-19'),
(4936, NULL, 11, 10, 187, '2009-10-19'),
(4937, NULL, 11, 10, 426, '2009-10-19'),
(4938, NULL, 11, 10, 162, '2009-10-19'),
(4939, NULL, 11, 10, 401, '2009-10-19'),
(4940, NULL, 11, 10, 687, '2009-10-19'),
(4941, NULL, 11, 10, 688, '2009-10-19'),
(4942, NULL, 11, 10, 709, '2009-10-19'),
(4945, NULL, 11, 10, 403, '2009-10-19'),
(4946, NULL, 11, 10, 689, '2009-10-19'),
(4947, NULL, 11, 10, 547, '2009-10-19'),
(4948, NULL, 11, 10, 427, '2009-10-19'),
(4949, NULL, 11, 10, 169, '2009-10-19'),
(4950, NULL, 11, 10, 417, '2009-10-19'),
(4951, NULL, 11, 10, 163, '2009-10-19'),
(4952, NULL, 11, 10, 164, '2009-10-19'),
(4953, NULL, 11, 10, 109, '2009-10-19'),
(4954, NULL, 11, 10, 402, '2009-10-19'),
(4955, NULL, 11, 10, 61, '2009-10-19'),
(4956, NULL, 11, 10, 546, '2009-10-19'),
(4957, NULL, 11, 10, 707, '2009-10-19'),
(4959, NULL, 11, 10, 409, '2009-10-19'),
(4960, NULL, 11, 10, 63, '2009-10-19'),
(4961, NULL, 11, 10, 423, '2009-10-19'),
(4962, NULL, 11, 10, 137, '2009-10-19'),
(4963, NULL, 11, 10, 588, '2009-10-19'),
(4964, NULL, 11, 10, 586, '2009-10-19'),
(4965, NULL, 11, 10, 587, '2009-10-19'),
(4966, NULL, 11, 10, 136, '2009-10-19'),
(4967, NULL, 11, 10, 585, '2009-10-19'),
(4968, NULL, 11, 10, 584, '2009-10-19'),
(4969, NULL, 11, 10, 583, '2009-10-19'),
(4970, NULL, 11, 10, 138, '2009-10-19'),
(4971, NULL, 11, 10, 590, '2009-10-19'),
(4972, NULL, 11, 10, 589, '2009-10-19'),
(4973, NULL, 11, 10, 591, '2009-10-19'),
(4974, NULL, 11, 10, 712, '2009-10-19'),
(4977, NULL, 11, 10, 429, '2009-10-19'),
(4978, NULL, 11, 10, 177, '2009-10-19'),
(4979, NULL, 11, 10, 425, '2009-10-19'),
(4980, NULL, 11, 10, 145, '2009-10-19'),
(4981, NULL, 11, 10, 891, '2009-10-19'),
(4985, NULL, 11, 10, 291, '2009-10-19'),
(4986, NULL, 11, 10, 294, '2009-10-19'),
(4990, NULL, 11, 10, 67, '2009-10-19'),
(4991, NULL, 11, 10, 339, '2009-10-19'),
(4992, NULL, 11, 10, 149, '2009-10-19'),
(4993, NULL, 11, 10, 738, '2009-10-19'),
(5001, NULL, 11, 10, 330, '2009-10-19'),
(5002, NULL, 11, 10, 91, '2009-10-19'),
(5003, NULL, 11, 10, 325, '2009-10-19'),
(5004, NULL, 11, 10, 317, '2009-10-19'),
(5005, NULL, 11, 10, 68, '2009-10-19'),
(5006, NULL, 11, 10, 478, '2009-10-19'),
(5009, NULL, 11, 10, 479, '2009-10-19'),
(5012, NULL, 11, 10, 477, '2009-10-19'),
(5013, NULL, 11, 10, 725, '2009-10-19'),
(5014, NULL, 11, 10, 726, '2009-10-19'),
(5015, NULL, 11, 10, 713, '2009-10-19'),
(5018, NULL, 11, 10, 328, '2009-10-19'),
(5019, NULL, 11, 10, 89, '2009-10-19'),
(5020, NULL, 11, 10, 615, '2009-10-19'),
(5021, NULL, 11, 10, 739, '2009-10-19'),
(5022, NULL, 11, 10, 740, '2009-10-19'),
(5023, NULL, 11, 10, 610, '2009-10-19'),
(5024, NULL, 11, 10, 741, '2009-10-19'),
(5025, NULL, 11, 10, 742, '2009-10-19'),
(5026, NULL, 11, 10, 608, '2009-10-19'),
(5027, NULL, 11, 10, 743, '2009-10-19'),
(5028, NULL, 11, 10, 744, '2009-10-19'),
(5029, NULL, 11, 10, 614, '2009-10-19'),
(5030, NULL, 11, 10, 745, '2009-10-19'),
(5031, NULL, 11, 10, 746, '2009-10-19'),
(5032, NULL, 11, 10, 604, '2009-10-19'),
(5033, NULL, 11, 10, 747, '2009-10-19'),
(5034, NULL, 11, 10, 748, '2009-10-19'),
(5035, NULL, 11, 10, 616, '2009-10-19'),
(5036, NULL, 11, 10, 749, '2009-10-19'),
(5037, NULL, 11, 10, 750, '2009-10-19'),
(5038, NULL, 11, 10, 611, '2009-10-19'),
(5039, NULL, 11, 10, 752, '2009-10-19'),
(5040, NULL, 11, 10, 751, '2009-10-19'),
(5041, NULL, 11, 10, 603, '2009-10-19'),
(5042, NULL, 11, 10, 754, '2009-10-19'),
(5043, NULL, 11, 10, 753, '2009-10-19'),
(5044, NULL, 11, 10, 607, '2009-10-19'),
(5045, NULL, 11, 10, 755, '2009-10-19'),
(5046, NULL, 11, 10, 756, '2009-10-19'),
(5047, NULL, 11, 10, 617, '2009-10-19'),
(5048, NULL, 11, 10, 758, '2009-10-19'),
(5049, NULL, 11, 10, 757, '2009-10-19'),
(5050, NULL, 11, 10, 606, '2009-10-19'),
(5051, NULL, 11, 10, 760, '2009-10-19'),
(5052, NULL, 11, 10, 759, '2009-10-19'),
(5053, NULL, 11, 10, 612, '2009-10-19'),
(5054, NULL, 11, 10, 762, '2009-10-19'),
(5055, NULL, 11, 10, 761, '2009-10-19'),
(5056, NULL, 11, 10, 602, '2009-10-19'),
(5057, NULL, 11, 10, 764, '2009-10-19'),
(5058, NULL, 11, 10, 763, '2009-10-19'),
(5059, NULL, 11, 10, 613, '2009-10-19'),
(5060, NULL, 11, 10, 766, '2009-10-19'),
(5061, NULL, 11, 10, 765, '2009-10-19'),
(5062, NULL, 11, 10, 609, '2009-10-19'),
(5063, NULL, 11, 10, 768, '2009-10-19'),
(5064, NULL, 11, 10, 767, '2009-10-19'),
(5065, NULL, 11, 10, 605, '2009-10-19'),
(5066, NULL, 11, 10, 769, '2009-10-19'),
(5067, NULL, 11, 10, 770, '2009-10-19'),
(5072, NULL, 11, 10, 323, '2009-10-19'),
(5073, NULL, 11, 10, 82, '2009-10-19'),
(5074, NULL, 11, 10, 490, '2009-10-19'),
(5077, NULL, 11, 10, 489, '2009-10-19'),
(5078, NULL, 11, 10, 734, '2009-10-19'),
(5079, NULL, 11, 10, 733, '2009-10-19'),
(5080, NULL, 11, 10, 732, '2009-10-19'),
(5082, NULL, 11, 10, 322, '2009-10-19'),
(5083, NULL, 11, 10, 81, '2009-10-19'),
(5084, NULL, 11, 10, 487, '2009-10-19'),
(5085, NULL, 11, 10, 491, '2009-10-19'),
(5086, NULL, 11, 10, 80, '2009-10-19'),
(5087, NULL, 11, 10, 492, '2009-10-19'),
(5088, NULL, 11, 10, 488, '2009-10-19'),
(5089, NULL, 11, 10, 731, '2009-10-19'),
(5091, NULL, 11, 10, 336, '2009-10-19'),
(5092, NULL, 11, 10, 184, '2009-10-19'),
(5093, NULL, 11, 10, 676, '2009-10-19'),
(5094, NULL, 11, 10, 673, '2009-10-19'),
(5095, NULL, 11, 10, 675, '2009-10-19'),
(5096, NULL, 11, 10, 677, '2009-10-19'),
(5097, NULL, 11, 10, 674, '2009-10-19'),
(5098, NULL, 11, 10, 119, '2009-10-19'),
(5099, NULL, 11, 10, 681, '2009-10-19'),
(5100, NULL, 11, 10, 679, '2009-10-19'),
(5101, NULL, 11, 10, 678, '2009-10-19'),
(5102, NULL, 11, 10, 680, '2009-10-19'),
(5103, NULL, 11, 10, 682, '2009-10-19'),
(5104, NULL, 11, 10, 331, '2009-10-19'),
(5105, NULL, 11, 10, 101, '2009-10-19'),
(5106, NULL, 11, 10, 486, '2009-10-19'),
(5107, NULL, 11, 10, 334, '2009-10-19'),
(5108, NULL, 11, 10, 165, '2009-10-19'),
(5109, NULL, 11, 10, 661, '2009-10-19'),
(5110, NULL, 11, 10, 659, '2009-10-19'),
(5111, NULL, 11, 10, 660, '2009-10-19'),
(5112, NULL, 11, 10, 658, '2009-10-19'),
(5113, NULL, 11, 10, 166, '2009-10-19'),
(5114, NULL, 11, 10, 110, '2009-10-19'),
(5115, NULL, 11, 10, 318, '2009-10-19'),
(5116, NULL, 11, 10, 69, '2009-10-19'),
(5117, NULL, 11, 10, 480, '2009-10-19'),
(5120, NULL, 11, 10, 482, '2009-10-19'),
(5123, NULL, 11, 10, 481, '2009-10-19'),
(5124, NULL, 11, 10, 727, '2009-10-19'),
(5125, NULL, 11, 10, 728, '2009-10-19'),
(5126, NULL, 11, 10, 714, '2009-10-19'),
(5129, NULL, 11, 10, 335, '2009-10-19'),
(5130, NULL, 11, 10, 117, '2009-10-19'),
(5131, NULL, 11, 10, 324, '2009-10-19'),
(5132, NULL, 11, 10, 327, '2009-10-19'),
(5133, NULL, 11, 10, 84, '2009-10-19'),
(5134, NULL, 11, 10, 737, '2009-10-19'),
(5136, NULL, 11, 10, 319, '2009-10-19'),
(5137, NULL, 11, 10, 70, '2009-10-19'),
(5138, NULL, 11, 10, 484, '2009-10-19'),
(5141, NULL, 11, 10, 485, '2009-10-19'),
(5144, NULL, 11, 10, 483, '2009-10-19'),
(5145, NULL, 11, 10, 730, '2009-10-19'),
(5146, NULL, 11, 10, 729, '2009-10-19'),
(5147, NULL, 11, 10, 715, '2009-10-19'),
(5150, NULL, 11, 10, 338, '2009-10-19'),
(5151, NULL, 11, 10, 141, '2009-10-19'),
(5152, NULL, 11, 10, 624, '2009-10-19'),
(5155, NULL, 11, 10, 626, '2009-10-19'),
(5158, NULL, 11, 10, 625, '2009-10-19'),
(5159, NULL, 11, 10, 839, '2009-10-19'),
(5160, NULL, 11, 10, 840, '2009-10-19'),
(5161, NULL, 11, 10, 139, '2009-10-19'),
(5162, NULL, 11, 10, 620, '2009-10-19'),
(5165, NULL, 11, 10, 618, '2009-10-19'),
(5168, NULL, 11, 10, 619, '2009-10-19'),
(5169, NULL, 11, 10, 836, '2009-10-19'),
(5170, NULL, 11, 10, 835, '2009-10-19'),
(5171, NULL, 11, 10, 140, '2009-10-19'),
(5172, NULL, 11, 10, 622, '2009-10-19'),
(5175, NULL, 11, 10, 621, '2009-10-19'),
(5178, NULL, 11, 10, 623, '2009-10-19'),
(5179, NULL, 11, 10, 837, '2009-10-19'),
(5180, NULL, 11, 10, 838, '2009-10-19'),
(5181, NULL, 11, 10, 717, '2009-10-19'),
(5188, NULL, 11, 10, 321, '2009-10-19'),
(5189, NULL, 11, 10, 75, '2009-10-19'),
(5190, NULL, 11, 10, 515, '2009-10-19'),
(5191, NULL, 11, 10, 735, '2009-10-19'),
(5193, NULL, 11, 10, 329, '2009-10-19'),
(5194, NULL, 11, 10, 90, '2009-10-19'),
(5195, NULL, 11, 10, 337, '2009-10-19'),
(5196, NULL, 11, 10, 123, '2009-10-19'),
(5197, NULL, 11, 10, 186, '2009-10-19'),
(5198, NULL, 11, 10, 185, '2009-10-19'),
(5199, NULL, 11, 10, 340, '2009-10-19'),
(5200, NULL, 11, 10, 170, '2009-10-19'),
(5209, NULL, 11, 10, 326, '2009-10-19'),
(5210, NULL, 11, 10, 83, '2009-10-19'),
(5211, NULL, 11, 10, 736, '2009-10-19'),
(5213, NULL, 11, 10, 320, '2009-10-19'),
(5214, NULL, 11, 10, 71, '2009-10-19'),
(5215, NULL, 11, 10, 716, '2009-10-19'),
(5219, NULL, 11, 10, 287, '2009-10-19'),
(5222, NULL, 11, 10, 302, '2009-10-19'),
(5223, NULL, 11, 10, 476, '2009-10-19'),
(5224, NULL, 11, 10, 297, '2009-10-19'),
(5225, NULL, 11, 10, 300, '2009-10-19'),
(5229, NULL, 11, 10, 85, '2009-10-19'),
(5230, NULL, 11, 10, 356, '2009-10-19'),
(5231, NULL, 11, 10, 172, '2009-10-19'),
(5232, NULL, 11, 10, 354, '2009-10-19'),
(5233, NULL, 11, 10, 190, '2009-10-19'),
(5234, NULL, 11, 10, 124, '2009-10-19'),
(5235, NULL, 11, 10, 189, '2009-10-19'),
(5236, NULL, 11, 10, 355, '2009-10-19'),
(5237, NULL, 11, 10, 171, '2009-10-19'),
(5238, NULL, 11, 10, 348, '2009-10-19'),
(5239, NULL, 11, 10, 103, '2009-10-19'),
(5240, NULL, 11, 10, 343, '2009-10-19'),
(5241, NULL, 11, 10, 93, '2009-10-19'),
(5242, NULL, 11, 10, 349, '2009-10-19'),
(5243, NULL, 11, 10, 108, '2009-10-19'),
(5244, NULL, 11, 10, 346, '2009-10-19'),
(5245, NULL, 11, 10, 160, '2009-10-19'),
(5246, NULL, 11, 10, 357, '2009-10-19'),
(5247, NULL, 11, 10, 179, '2009-10-19'),
(5248, NULL, 11, 10, 344, '2009-10-19'),
(5249, NULL, 11, 10, 96, '2009-10-19'),
(5250, NULL, 11, 10, 345, '2009-10-19'),
(5251, NULL, 11, 10, 98, '2009-10-19'),
(5252, NULL, 11, 10, 352, '2009-10-19'),
(5253, NULL, 11, 10, 116, '2009-10-19'),
(5254, NULL, 11, 10, 347, '2009-10-19'),
(5255, NULL, 11, 10, 102, '2009-10-19'),
(5256, NULL, 11, 10, 350, '2009-10-19'),
(5257, NULL, 11, 10, 167, '2009-10-19'),
(5258, NULL, 11, 10, 111, '2009-10-19'),
(5259, NULL, 11, 10, 168, '2009-10-19'),
(5260, NULL, 11, 10, 353, '2009-10-19'),
(5261, NULL, 11, 10, 120, '2009-10-19'),
(5262, NULL, 11, 10, 180, '2009-10-19'),
(5263, NULL, 11, 10, 351, '2009-10-19'),
(5264, NULL, 11, 10, 115, '2009-10-19'),
(5266, NULL, 11, 10, 288, '2009-10-19'),
(5267, NULL, 11, 10, 298, '2009-10-19'),
(5268, NULL, 11, 10, 301, '2009-10-19'),
(5269, NULL, 11, 10, 303, '2009-10-19'),
(5272, NULL, 11, 10, 66, '2009-10-19'),
(5273, NULL, 11, 10, 358, '2009-10-19'),
(5274, NULL, 11, 10, 154, '2009-10-19'),
(5275, NULL, 11, 10, 359, '2009-10-19'),
(5276, NULL, 11, 10, 150, '2009-10-19'),
(5278, NULL, 11, 10, 289, '2009-10-19'),
(5279, NULL, 11, 10, 296, '2009-10-19'),
(5285, NULL, 11, 10, 65, '2009-10-19'),
(5286, NULL, 11, 10, 361, '2009-10-19'),
(5287, NULL, 11, 10, 151, '2009-10-19'),
(5288, NULL, 11, 10, 360, '2009-10-19'),
(5289, NULL, 11, 10, 155, '2009-10-19'),
(5291, NULL, 11, 10, 290, '2009-10-19'),
(5292, NULL, 11, 10, 295, '2009-10-19'),
(5297, NULL, 11, 10, 192, '2009-10-19'),
(5298, NULL, 11, 10, 365, '2009-10-19'),
(5299, NULL, 11, 10, 196, '2009-10-19'),
(5300, NULL, 11, 10, 718, '2009-10-19'),
(5303, NULL, 11, 10, 363, '2009-10-19'),
(5304, NULL, 11, 10, 194, '2009-10-19'),
(5308, NULL, 11, 10, 440, '2009-10-19'),
(5309, NULL, 11, 10, 442, '2009-10-19'),
(5311, NULL, 11, 10, 367, '2009-10-19'),
(5312, NULL, 11, 10, 201, '2009-10-19'),
(5313, NULL, 11, 10, 371, '2009-10-19'),
(5314, NULL, 11, 10, 257, '2009-10-19'),
(5315, NULL, 11, 10, 369, '2009-10-19'),
(5316, NULL, 11, 10, 204, '2009-10-19'),
(5317, NULL, 11, 10, 203, '2009-10-19'),
(5318, NULL, 11, 10, 366, '2009-10-19'),
(5319, NULL, 11, 10, 200, '2009-10-19'),
(5320, NULL, 11, 10, 199, '2009-10-19'),
(5321, NULL, 11, 10, 364, '2009-10-19'),
(5322, NULL, 11, 10, 195, '2009-10-19'),
(5323, NULL, 11, 10, 368, '2009-10-19'),
(5324, NULL, 11, 10, 202, '2009-10-19'),
(5325, NULL, 11, 10, 362, '2009-10-19'),
(5326, NULL, 11, 10, 193, '2009-10-19'),
(5327, NULL, 11, 10, 628, '2009-10-19'),
(5328, NULL, 11, 10, 627, '2009-10-19'),
(5329, NULL, 11, 10, 629, '2009-10-19'),
(5330, NULL, 11, 10, 719, '2009-10-19'),
(5333, NULL, 11, 10, 370, '2009-10-19'),
(5334, NULL, 11, 10, 206, '2009-10-19'),
(5335, NULL, 11, 10, 205, '2009-10-19'),
(5336, NULL, 11, 10, 372, '2009-10-19'),
(5337, NULL, 11, 10, 211, '2009-10-19'),
(5338, NULL, 11, 10, 500, '2009-10-19'),
(5339, NULL, 11, 10, 499, '2009-10-19'),
(5343, NULL, 11, 10, 212, '2009-10-19'),
(5344, NULL, 11, 10, 378, '2009-10-19'),
(5345, NULL, 11, 10, 261, '2009-10-19'),
(5346, NULL, 11, 10, 375, '2009-10-19'),
(5347, NULL, 11, 10, 223, '2009-10-19'),
(5348, NULL, 11, 10, 374, '2009-10-19'),
(5349, NULL, 11, 10, 213, '2009-10-19'),
(5350, NULL, 11, 10, 631, '2009-10-19'),
(5351, NULL, 11, 10, 632, '2009-10-19'),
(5352, NULL, 11, 10, 630, '2009-10-19'),
(5353, NULL, 11, 10, 721, '2009-10-19'),
(5356, NULL, 11, 10, 376, '2009-10-19'),
(5357, NULL, 11, 10, 224, '2009-10-19'),
(5358, NULL, 11, 10, 377, '2009-10-19'),
(5359, NULL, 11, 10, 225, '2009-10-19'),
(5360, NULL, 11, 10, 720, '2009-10-19'),
(5363, NULL, 11, 10, 502, '2009-10-19'),
(5364, NULL, 11, 10, 501, '2009-10-19'),
(5367, NULL, 11, 10, 220, '2009-10-19'),
(5368, NULL, 11, 10, 390, '2009-10-19'),
(5369, NULL, 11, 10, 231, '2009-10-19'),
(5370, NULL, 11, 10, 722, '2009-10-19'),
(5373, NULL, 11, 10, 389, '2009-10-19'),
(5374, NULL, 11, 10, 230, '2009-10-19'),
(5375, NULL, 11, 10, 724, '2009-10-19'),
(5378, NULL, 11, 10, 391, '2009-10-19'),
(5379, NULL, 11, 10, 232, '2009-10-19'),
(5380, NULL, 11, 10, 723, '2009-10-19'),
(5383, NULL, 11, 10, 393, '2009-10-19'),
(5384, NULL, 11, 10, 234, '2009-10-19'),
(5391, NULL, 11, 10, 504, '2009-10-19'),
(5392, NULL, 11, 10, 503, '2009-10-19'),
(5393, NULL, 11, 10, 221, '2009-10-19'),
(5394, NULL, 11, 10, 506, '2009-10-19'),
(5395, NULL, 11, 10, 505, '2009-10-19'),
(5396, NULL, 11, 10, 222, '2009-10-19'),
(5397, NULL, 11, 10, 396, '2009-10-19'),
(5398, NULL, 11, 10, 274, '2009-10-19'),
(5399, NULL, 11, 10, 395, '2009-10-19'),
(5400, NULL, 11, 10, 236, '2009-10-19'),
(5401, NULL, 11, 10, 397, '2009-10-19'),
(5402, NULL, 11, 10, 275, '2009-10-19'),
(5403, NULL, 11, 10, 394, '2009-10-19'),
(5404, NULL, 11, 10, 235, '2009-10-19'),
(5405, NULL, 11, 10, 508, '2009-10-19'),
(5406, NULL, 11, 10, 507, '2009-10-19'),
(5407, NULL, 11, 10, 278, '2009-10-19'),
(5408, NULL, 11, 10, 510, '2009-10-19'),
(5409, NULL, 11, 10, 509, '2009-10-19'),
(5410, NULL, 11, 10, 279, '2009-10-19'),
(5411, NULL, 11, 10, 512, '2009-10-19'),
(5412, NULL, 11, 10, 511, '2009-10-19'),
(5413, NULL, 11, 10, 280, '2009-10-19'),
(5414, NULL, 11, 10, 514, '2009-10-19'),
(5415, NULL, 11, 10, 513, '2009-10-19'),
(5416, NULL, 6, 10, 690, '2009-10-19'),
(5417, NULL, 7, 10, 690, '2009-10-19'),
(5418, NULL, 59, 10, 690, '2009-10-19'),
(5421, NULL, 6, 10, 691, '2009-10-19'),
(5422, NULL, 7, 10, 691, '2009-10-19'),
(5423, NULL, 60, 10, 691, '2009-10-19'),
(5424, NULL, 6, 10, 692, '2009-10-19'),
(5425, NULL, 7, 10, 692, '2009-10-19'),
(5426, NULL, 60, 10, 692, '2009-10-19'),
(5427, NULL, 6, 10, 693, '2009-10-19'),
(5428, NULL, 7, 10, 693, '2009-10-19'),
(5429, NULL, 60, 10, 693, '2009-10-19'),
(5430, NULL, 6, 10, 694, '2009-10-19'),
(5431, NULL, 7, 10, 694, '2009-10-19'),
(5432, NULL, 60, 10, 694, '2009-10-19'),
(5433, NULL, 6, 10, 695, '2009-10-19'),
(5434, NULL, 7, 10, 695, '2009-10-19'),
(5435, NULL, 60, 10, 695, '2009-10-19'),
(5436, NULL, 11, 10, 922, '2009-10-19'),
(5437, NULL, 11, 10, 923, '2009-10-19'),
(5438, NULL, 11, 10, 924, '2009-10-19'),
(5439, NULL, 11, 10, 925, '2009-10-19'),
(5440, NULL, 11, 10, 901, '2009-10-19'),
(5441, NULL, 11, 10, 902, '2009-10-19'),
(5442, NULL, 11, 10, 899, '2009-10-19'),
(5443, NULL, 11, 10, 903, '2009-10-19'),
(5444, NULL, 11, 10, 900, '2009-10-19'),
(5445, NULL, 11, 10, 904, '2009-10-19'),
(5446, NULL, 11, 10, 905, '2009-10-19'),
(5447, NULL, 11, 10, 914, '2009-10-19'),
(5448, NULL, 11, 10, 913, '2009-10-19'),
(5449, NULL, 11, 10, 915, '2009-10-19'),
(5450, NULL, 11, 10, 916, '2009-10-19'),
(5451, NULL, 11, 10, 917, '2009-10-19'),
(5452, NULL, 11, 10, 466, '2009-10-19'),
(5453, NULL, 11, 10, 467, '2009-10-19'),
(5454, NULL, 11, 10, 468, '2009-10-19'),
(5455, NULL, 11, 10, 472, '2009-10-19'),
(5456, NULL, 11, 10, 473, '2009-10-19'),
(5457, NULL, 11, 10, 474, '2009-10-19'),
(5458, NULL, 11, 10, 475, '2009-10-19'),
(5459, NULL, 11, 10, 469, '2009-10-19'),
(5460, NULL, 11, 10, 926, '2009-10-19'),
(5461, NULL, 11, 10, 919, '2009-10-19'),
(5462, NULL, 11, 10, 918, '2009-10-19'),
(5463, NULL, 11, 10, 920, '2009-10-19'),
(5464, NULL, 11, 10, 470, '2009-10-19'),
(5465, NULL, 11, 10, 471, '2009-10-19'),
(5466, NULL, 11, 10, 921, '2009-10-19'),
(5467, NULL, 11, 10, 910, '2009-10-19'),
(5468, NULL, 11, 10, 909, '2009-10-19'),
(5470, NULL, 11, 10, 928, '2009-10-19'),
(5471, NULL, 11, 10, 929, '2009-10-19'),
(5472, NULL, 11, 10, 930, '2009-10-19'),
(5473, NULL, 11, 10, 931, '2009-10-19'),
(5474, NULL, 11, 10, 932, '2009-10-19'),
(5475, NULL, 11, 10, 933, '2009-10-19'),
(5476, NULL, 11, 10, 934, '2009-10-19'),
(5477, NULL, 11, 10, 935, '2009-10-19'),
(5478, NULL, 11, 10, 936, '2009-10-19'),
(5479, NULL, 11, 10, 438, '2009-10-19'),
(5480, NULL, 11, 10, 436, '2009-10-19'),
(5481, NULL, 11, 10, 439, '2009-10-19'),
(5482, NULL, 11, 10, 437, '2009-10-19'),
(5483, NULL, 11, 10, 897, '2009-10-19'),
(5484, NULL, 11, 10, 906, '2009-10-19'),
(5485, NULL, 11, 10, 907, '2009-10-19'),
(5486, NULL, 11, 10, 911, '2009-10-19'),
(5487, NULL, 11, 10, 894, '2009-10-19'),
(5488, NULL, 11, 10, 896, '2009-10-19'),
(5489, NULL, 11, 10, 898, '2009-10-19'),
(5490, NULL, 11, 10, 892, '2009-10-19'),
(5491, NULL, 11, 10, 908, '2009-10-19'),
(5492, NULL, 11, 10, 895, '2009-10-19'),
(5493, NULL, 11, 10, 912, '2009-10-19'),
(5494, NULL, 11, 10, 893, '2009-10-19'),
(5495, NULL, 11, 10, 696, '2009-10-19'),
(5496, NULL, 11, 10, 281, '2009-10-19'),
(5497, NULL, 11, 10, 283, '2009-10-19'),
(5498, NULL, 11, 10, 697, '2009-10-19'),
(5499, NULL, 11, 10, 282, '2009-10-19'),
(5500, NULL, 11, 10, 284, '2009-10-19'),
(5501, NULL, 11, 10, 847, '2009-10-19'),
(5532, NULL, 11, 10, 332, '2009-11-03'),
(5533, NULL, 11, 10, 105, '2009-11-03'),
(5534, NULL, 11, 10, 666, '2009-11-03'),
(5536, NULL, 11, 10, 940, '2009-11-03'),
(5538, NULL, 11, 10, 939, '2009-11-03'),
(5540, NULL, 11, 10, 667, '2009-11-03'),
(5541, NULL, 11, 10, 937, '2009-11-03'),
(5542, NULL, 11, 10, 521, '2009-11-03'),
(5544, NULL, 11, 10, 665, '2009-11-03'),
(5546, NULL, 11, 10, 522, '2009-11-03'),
(5548, NULL, 11, 10, 668, '2009-11-03'),
(5549, NULL, 11, 10, 938, '2009-11-03'),
(5564, NULL, 11, 10, 341, '2009-11-03'),
(5565, NULL, 11, 10, 173, '2009-11-03'),
(5566, NULL, 11, 10, 671, '2009-11-03'),
(5567, NULL, 11, 10, 941, '2009-11-03'),
(5568, NULL, 11, 10, 672, '2009-11-03'),
(5569, NULL, 11, 10, 942, '2009-11-03'),
(5582, NULL, 11, 10, 664, '2009-11-03'),
(5584, NULL, 11, 10, 945, '2009-11-03'),
(5592, NULL, 11, 10, 333, '2009-11-03'),
(5593, NULL, 11, 10, 107, '2009-11-03'),
(5594, NULL, 11, 10, 663, '2009-11-03'),
(5595, NULL, 11, 10, 943, '2009-11-03'),
(5596, NULL, 11, 10, 662, '2009-11-03'),
(5597, NULL, 11, 10, 944, '2009-11-03'),
(5603, NULL, 11, 10, 927, '2009-11-03'),
(5604, NULL, 11, 10, 342, '2009-11-03'),
(5605, NULL, 11, 10, 178, '2009-11-03'),
(5606, NULL, 11, 10, 669, '2009-11-03'),
(5607, NULL, 11, 10, 946, '2009-11-03'),
(5608, NULL, 11, 10, 670, '2009-11-03'),
(5609, NULL, 11, 10, 947, '2009-11-03'),
(5617, NULL, 11, 10, 226, '2009-11-03'),
(5618, NULL, 11, 10, 373, '2009-11-03'),
(5619, NULL, 11, 10, 444, '2009-11-03'),
(5662, NULL, 11, 10, 952, '2009-11-03'),
(5663, NULL, 11, 10, 233, '2009-11-03'),
(5664, NULL, 11, 10, 948, '2009-11-03'),
(5665, NULL, 11, 10, 949, '2009-11-03'),
(5666, NULL, 11, 10, 955, '2009-11-03'),
(5667, NULL, 11, 10, 953, '2009-11-03'),
(5668, NULL, 11, 10, 956, '2009-11-03'),
(5669, NULL, 11, 10, 954, '2009-11-03'),
(5670, NULL, 11, 10, 950, '2009-11-03'),
(5671, NULL, 11, 10, 957, '2009-11-03'),
(5672, NULL, 11, 10, 951, '2009-11-03');

-- --------------------------------------------------------

--
-- Table structure for table `csm_user_pe`
--

CREATE TABLE IF NOT EXISTS `csm_user_pe1` (
  `user_protection_element_id` bigint(20) NOT NULL auto_increment,
  `protection_element_id` bigint(20) NOT NULL,
  `user_id` bigint(20) NOT NULL,
  PRIMARY KEY  (`user_protection_element_id`),
  UNIQUE KEY `uq_user_protection_element_protection_element_id` (`user_id`,`protection_element_id`),
  KEY `idx_user_id` (`user_id`),
  KEY `idx_protection_element_id` (`protection_element_id`)
) ENGINE=InnoDB DEFAULT CHARSET=latin1 AUTO_INCREMENT=52 ;

--
-- Dumping data for table `csm_user_pe1`
--

INSERT INTO `csm_user_pe1` (`user_protection_element_id`, `protection_element_id`, `user_id`) VALUES
(51, 2, 35),
(10, 1, 38),
(50, 2, 51);


