
-- --------------------------------------------------------

--
-- Table structure for table `csm_application`
--

CREATE TABLE IF NOT EXISTS `csm_application1` (
  `application_id` bigint(20) NOT NULL auto_increment,
  `application_name` varchar(100) NOT NULL,
  `application_description` varchar(200) NOT NULL,
  `declarative_flag` tinyint(1) default NULL,
  `active_flag` tinyint(1) NOT NULL,
  `update_date` date NOT NULL,
  PRIMARY KEY  (`application_id`),
  UNIQUE KEY `uq_application_name` (`application_name`)
) ENGINE=InnoDB DEFAULT CHARSET=latin1 AUTO_INCREMENT=3 ;

--
-- Dumping data for table `csm_application`
--

INSERT INTO `csm_application1` (`application_id`, `application_name`, `application_description`, `declarative_flag`, `active_flag`, `update_date`) VALUES
(1, 'caNanoLab-upt', 'cancer Nanotechnology Laboratory Analysis Bench UPT', 0, 0, '2006-05-19'),
(2, 'caNanoLab', 'cancer Nanotechnology Laboratory Analysis Bench', 0, 0, '2006-05-19');

-- --------------------------------------------------------

--
-- Table structure for table `csm_group1`
--

CREATE TABLE IF NOT EXISTS `csm_group1` (
  `group_id` bigint(20) NOT NULL auto_increment,
  `group_name` varchar(100) NOT NULL,
  `group_desc` varchar(200) default NULL,
  `update_date` date NOT NULL,
  `application_id` bigint(20) NOT NULL,
  PRIMARY KEY  (`group_id`),
  UNIQUE KEY `uq_group_group_name` (`application_id`,`group_name`),
  KEY `idx_application_id` (`application_id`)
) ENGINE=InnoDB DEFAULT CHARSET=latin1 AUTO_INCREMENT=58 ;

--
-- Dumping data for table `csm_group`
--

INSERT INTO `csm_group1` (`group_id`, `group_name`, `group_desc`, `update_date`, `application_id`) VALUES
(6, 'NCL_PI', 'NCL principal investigators', '2006-07-14', 2),
(7, 'NCL_Researcher', 'NCL researcher', '2006-07-14', 2),
(8, 'CCNE_Researcher', 'Researchers at CCNEs', '2006-07-14', 2),
(9, 'NCL_Administrator', 'NCL administrator', '2006-07-31', 2),
(11, 'Public', 'caBIG and public', '2006-08-04', 2),
(12, 'FDA_Researcher', 'Researchers at FDA', '2006-09-12', 2),
(13, 'NIST_Researcher', 'Researchers at NIST', '2006-09-12', 2),
(14, 'Other_Research_Partners', 'Researchers at partners other than NIST and FDA', '2006-09-12', 2),
(50, 'NCL', NULL, '2006-12-14', 2),
(54, 'C-Sixty (CNI)', NULL, '2007-05-17', 2),
(55, 'NCI_PI', NULL, '2007-05-17', 2),
(57, 'Mark Kester PSU', NULL, '2007-06-08', 2);

-- --------------------------------------------------------

--
-- Table structure for table `csm_pg_pe`
--

CREATE TABLE IF NOT EXISTS `csm_pg_pe1` (
  `pg_pe_id` bigint(20) NOT NULL auto_increment,
  `protection_group_id` bigint(20) NOT NULL,
  `protection_element_id` bigint(20) NOT NULL,
  `update_date` date NOT NULL default '0000-00-00',
  PRIMARY KEY  (`pg_pe_id`),
  UNIQUE KEY `uq_protection_group_protection_element_protection_group_id` (`protection_element_id`,`protection_group_id`),
  KEY `idx_protection_element_id` (`protection_element_id`),
  KEY `idx_protection_group_id` (`protection_group_id`)
) ENGINE=InnoDB DEFAULT CHARSET=latin1 AUTO_INCREMENT=496 ;

--
-- Dumping data for table `csm_pg_pe`
--

INSERT INTO `csm_pg_pe1` (`pg_pe_id`, `protection_group_id`, `protection_element_id`, `update_date`) VALUES
(53, 51, 51, '2006-12-08'),
(55, 52, 52, '2006-12-11'),
(57, 53, 53, '2006-12-11'),
(59, 54, 54, '2006-12-11'),
(61, 55, 55, '2006-12-11'),
(63, 56, 56, '2006-12-11'),
(65, 57, 57, '2006-12-11'),
(67, 58, 58, '2006-12-11'),
(69, 59, 59, '2006-12-11'),
(71, 60, 60, '2006-12-11'),
(73, 61, 61, '2006-12-11'),
(75, 62, 62, '2006-12-11'),
(77, 63, 63, '2006-12-11'),
(79, 64, 64, '2006-12-11'),
(81, 65, 65, '2006-12-11'),
(83, 66, 66, '2006-12-11'),
(85, 67, 67, '2006-12-11'),
(87, 68, 68, '2006-12-11'),
(89, 69, 69, '2006-12-11'),
(91, 70, 70, '2006-12-11'),
(93, 71, 71, '2006-12-11'),
(95, 72, 72, '2006-12-11'),
(97, 73, 73, '2006-12-11'),
(99, 74, 74, '2006-12-11'),
(101, 75, 75, '2006-12-11'),
(103, 76, 76, '2006-12-11'),
(105, 77, 77, '2006-12-11'),
(107, 78, 78, '2006-12-11'),
(109, 79, 79, '2006-12-11'),
(111, 80, 80, '2006-12-11'),
(113, 81, 81, '2006-12-11'),
(115, 82, 82, '2006-12-11'),
(117, 83, 83, '2006-12-11'),
(119, 84, 84, '2006-12-11'),
(121, 85, 85, '2006-12-11'),
(123, 86, 86, '2006-12-11'),
(125, 87, 87, '2006-12-11'),
(127, 88, 88, '2006-12-11'),
(129, 89, 89, '2006-12-11'),
(131, 90, 90, '2006-12-11'),
(133, 91, 91, '2006-12-11'),
(135, 92, 92, '2006-12-11'),
(137, 93, 93, '2006-12-11'),
(139, 94, 94, '2006-12-11'),
(141, 95, 95, '2006-12-11'),
(143, 96, 96, '2006-12-11'),
(145, 97, 97, '2006-12-11'),
(147, 98, 98, '2006-12-11'),
(149, 99, 99, '2006-12-11'),
(151, 100, 100, '2006-12-11'),
(153, 101, 101, '2006-12-11'),
(155, 102, 102, '2006-12-11'),
(157, 103, 103, '2006-12-11'),
(159, 104, 104, '2006-12-11'),
(161, 105, 105, '2006-12-11'),
(163, 106, 106, '2006-12-11'),
(165, 107, 107, '2006-12-11'),
(167, 108, 108, '2006-12-11'),
(169, 109, 109, '2006-12-13'),
(171, 110, 110, '2006-12-13'),
(173, 111, 111, '2006-12-13'),
(175, 112, 112, '2006-12-13'),
(177, 113, 113, '2006-12-13'),
(179, 114, 114, '2006-12-13'),
(181, 115, 115, '2006-12-13'),
(183, 116, 116, '2006-12-13'),
(185, 117, 117, '2006-12-13'),
(187, 118, 118, '2006-12-13'),
(189, 119, 119, '2006-12-13'),
(191, 120, 120, '2006-12-13'),
(193, 121, 121, '2006-12-13'),
(195, 122, 122, '2006-12-13'),
(197, 123, 123, '2006-12-13'),
(199, 124, 124, '2006-12-13'),
(203, 126, 126, '2006-12-15'),
(205, 127, 127, '2006-12-20'),
(217, 133, 133, '2006-12-21'),
(219, 134, 134, '2006-12-21'),
(221, 135, 135, '2007-04-11'),
(223, 136, 136, '2007-04-11'),
(225, 137, 137, '2007-04-11'),
(227, 138, 138, '2007-04-11'),
(229, 139, 139, '2007-04-11'),
(231, 140, 140, '2007-04-11'),
(233, 141, 141, '2007-04-11'),
(235, 142, 142, '2007-04-11'),
(237, 143, 143, '2007-04-11'),
(239, 144, 144, '2007-04-11'),
(241, 145, 145, '2007-04-11'),
(243, 146, 146, '2007-04-11'),
(245, 147, 147, '2007-04-11'),
(247, 148, 148, '2007-04-11'),
(249, 149, 149, '2007-04-12'),
(251, 150, 150, '2007-04-12'),
(253, 151, 151, '2007-04-12'),
(255, 152, 152, '2007-04-12'),
(257, 153, 153, '2007-04-12'),
(259, 154, 154, '2007-04-12'),
(261, 155, 155, '2007-04-12'),
(263, 156, 156, '2007-04-12'),
(265, 157, 157, '2007-04-12'),
(267, 158, 158, '2007-04-12'),
(269, 159, 159, '2007-04-12'),
(271, 160, 160, '2007-04-12'),
(273, 161, 161, '2007-04-12'),
(275, 162, 162, '2007-04-12'),
(277, 163, 163, '2007-04-13'),
(279, 164, 164, '2007-04-13'),
(281, 165, 165, '2007-04-13'),
(283, 166, 166, '2007-04-13'),
(285, 167, 167, '2007-04-13'),
(287, 168, 168, '2007-04-13'),
(289, 169, 169, '2007-04-13'),
(291, 170, 170, '2007-04-13'),
(293, 171, 171, '2007-04-13'),
(295, 172, 172, '2007-04-13'),
(297, 173, 173, '2007-04-13'),
(299, 174, 174, '2007-04-13'),
(301, 175, 175, '2007-04-13'),
(303, 176, 176, '2007-04-13'),
(305, 177, 177, '2007-04-13'),
(307, 178, 178, '2007-04-13'),
(309, 179, 179, '2007-04-13'),
(311, 180, 180, '2007-04-13'),
(313, 181, 181, '2007-04-13'),
(315, 182, 182, '2007-04-13'),
(317, 183, 183, '2007-04-13'),
(319, 184, 184, '2007-04-13'),
(321, 185, 185, '2007-04-13'),
(323, 186, 186, '2007-04-13'),
(325, 187, 187, '2007-04-13'),
(327, 188, 188, '2007-04-13'),
(329, 189, 189, '2007-04-13'),
(331, 190, 190, '2007-04-13'),
(334, 192, 192, '2007-05-17'),
(336, 193, 193, '2007-05-17'),
(338, 194, 194, '2007-05-17'),
(340, 195, 195, '2007-05-17'),
(342, 196, 196, '2007-05-17'),
(344, 197, 197, '2007-05-31'),
(346, 198, 198, '2007-05-31'),
(348, 199, 199, '2007-05-31'),
(350, 200, 200, '2007-05-31'),
(352, 201, 201, '2007-05-31'),
(354, 202, 202, '2007-05-31'),
(356, 203, 203, '2007-05-31'),
(358, 204, 204, '2007-05-31'),
(360, 205, 205, '2007-05-31'),
(362, 206, 206, '2007-05-31'),
(364, 207, 207, '2007-05-31'),
(366, 208, 208, '2007-05-31'),
(368, 209, 209, '2007-05-31'),
(370, 210, 210, '2007-05-31'),
(372, 211, 211, '2007-05-31'),
(374, 212, 212, '2007-05-31'),
(376, 213, 213, '2007-05-31'),
(378, 214, 214, '2007-05-31'),
(380, 215, 215, '2007-05-31'),
(382, 216, 216, '2007-06-08'),
(384, 217, 217, '2007-06-08'),
(386, 218, 218, '2007-06-08'),
(388, 219, 219, '2007-06-08'),
(390, 220, 220, '2007-06-08'),
(392, 221, 221, '2007-06-08'),
(394, 222, 222, '2007-06-08'),
(396, 223, 223, '2007-06-14'),
(398, 224, 224, '2007-06-14'),
(400, 225, 225, '2007-06-14'),
(402, 226, 226, '2007-06-14'),
(404, 227, 227, '2007-06-14'),
(406, 228, 228, '2007-06-14'),
(408, 229, 229, '2007-06-14'),
(410, 230, 230, '2007-07-13'),
(412, 231, 231, '2007-07-13'),
(414, 232, 232, '2007-07-13'),
(416, 233, 233, '2007-07-20'),
(418, 234, 234, '2007-07-20'),
(420, 235, 235, '2007-07-20'),
(422, 236, 236, '2007-07-20'),
(426, 238, 238, '2007-08-31'),
(428, 239, 239, '2007-08-31'),
(430, 240, 240, '2007-08-31'),
(432, 241, 241, '2007-08-31'),
(434, 242, 242, '2007-08-31'),
(436, 243, 243, '2007-08-31'),
(438, 244, 244, '2007-08-31'),
(440, 245, 245, '2007-08-31'),
(442, 246, 246, '2007-08-31'),
(444, 247, 247, '2007-08-31'),
(446, 248, 248, '2007-08-31'),
(448, 249, 249, '2007-08-31'),
(450, 250, 250, '2007-08-31'),
(452, 251, 251, '2007-08-31'),
(454, 252, 252, '2007-08-31'),
(456, 253, 253, '2007-08-31'),
(458, 254, 254, '2007-08-31'),
(460, 255, 255, '2007-08-31'),
(462, 256, 256, '2007-08-31'),
(464, 257, 207, '2007-09-13'),
(466, 258, 257, '2007-09-13'),
(468, 259, 258, '2007-09-13'),
(470, 260, 259, '2007-09-13'),
(472, 261, 260, '2007-09-13'),
(474, 262, 261, '2007-11-16'),
(476, 263, 262, '2007-11-16'),
(478, 264, 263, '2007-11-16'),
(480, 265, 264, '2007-11-16'),
(482, 266, 265, '2007-11-16'),
(484, 267, 266, '2007-11-16'),
(486, 268, 267, '2007-11-16'),
(487, 269, 268, '2008-01-16'),
(488, 270, 269, '2008-01-16'),
(489, 271, 270, '2008-01-16'),
(490, 272, 271, '2008-01-16'),
(491, 273, 272, '2008-01-24'),
(492, 274, 273, '2008-01-24'),
(493, 275, 274, '2008-01-24'),
(494, 276, 275, '2008-01-24'),
(495, 277, 276, '2008-01-24');

-- --------------------------------------------------------

--
-- Table structure for table `csm_privilege`
--

CREATE TABLE IF NOT EXISTS `csm_privilege1` (
  `privilege_id` bigint(20) NOT NULL auto_increment,
  `privilege_name` varchar(100) NOT NULL,
  `privilege_description` varchar(200) default NULL,
  `update_date` date NOT NULL,
  PRIMARY KEY  (`privilege_id`),
  UNIQUE KEY `uq_privilege_name` (`privilege_name`)
) ENGINE=InnoDB DEFAULT CHARSET=latin1 AUTO_INCREMENT=8 ;

--
-- Dumping data for table `csm_privilege1`
--

INSERT INTO `csm_privilege1` (`privilege_id`, `privilege_name`, `privilege_description`, `update_date`) VALUES
(1, 'CREATE', 'This privilege grants permission to a user to create an entity.', '2006-05-19'),
(2, 'ACCESS', 'This privilege allows a user to access a particular resource.', '2006-05-19'),
(3, 'READ', 'This privilege permits the user to read data from a file, URL, socket, database, or an object.', '2006-05-19'),
(4, 'WRITE', 'This privilege allows a user to write data to a file, URL, socket, database, or object.', '2006-05-19'),
(5, 'UPDATE', 'This privilege grants permission at an entity level and signifies that the user is allowed to update and modify data for a particular entity.', '2006-05-19'),
(6, 'DELETE', 'This privilege permits a user to delete a logical entity.', '2006-05-19'),
(7, 'EXECUTE', 'This privilege allows a user to execute a particular resource.', '2006-05-19');

-- --------------------------------------------------------

--
-- Table structure for table `csm_protection_element`
--

CREATE TABLE IF NOT EXISTS `csm_protection_element1` (
  `protection_element_id` bigint(20) NOT NULL auto_increment,
  `protection_element_name` varchar(100) NOT NULL,
  `protection_element_description` varchar(200) default NULL,
  `object_id` varchar(100) NOT NULL,
  `attribute` varchar(100) default NULL,
  `protection_element_type_id` decimal(10,0) default NULL,
  `application_id` bigint(20) NOT NULL,
  `update_date` date NOT NULL,
  PRIMARY KEY  (`protection_element_id`),
  UNIQUE KEY `uq_pe_pe_name_attribute_app_id` (`object_id`,`attribute`,`application_id`),
  KEY `idx_application_id` (`application_id`)
) ENGINE=InnoDB DEFAULT CHARSET=latin1 AUTO_INCREMENT=280 ;

--
-- Dumping data for table `csm_protection_element`
--

INSERT INTO `csm_protection_element1` (`protection_element_id`, `protection_element_name`, `protection_element_description`, `object_id`, `attribute`, `protection_element_type_id`, `application_id`, `update_date`) VALUES
(1, 'caNanoLab-upt', 'cancer Nanotechnology Laboratory Analysis Bench UPT', 'caNanoLab-upt', NULL, NULL, 1, '2006-05-19'),
(2, 'caNanoLab', 'cancer Nanotechnology Laboratory Analysis Bench', 'caNanoLab', NULL, NULL, 1, '2006-05-19'),
(51, '1081344', NULL, '1081344', NULL, NULL, 2, '2006-12-08'),
(52, 'NCL-20-1', NULL, 'NCL-20-1', NULL, NULL, 2, '2006-12-11'),
(53, '1540096', NULL, '1540096', NULL, NULL, 2, '2006-12-11'),
(54, '1540097', NULL, '1540097', NULL, NULL, 2, '2006-12-11'),
(55, '1540099', NULL, '1540099', NULL, NULL, 2, '2006-12-11'),
(56, '1540100', NULL, '1540100', NULL, NULL, 2, '2006-12-11'),
(57, '1474564', NULL, '1474564', NULL, NULL, 2, '2006-12-11'),
(58, 'NCL-21-1', NULL, 'NCL-21-1', NULL, NULL, 2, '2006-12-11'),
(59, '1540105', NULL, '1540105', NULL, NULL, 2, '2006-12-11'),
(60, 'NCL-22-1', NULL, 'NCL-22-1', NULL, NULL, 2, '2006-12-11'),
(61, '1540111', NULL, '1540111', NULL, NULL, 2, '2006-12-11'),
(62, '1540115', NULL, '1540115', NULL, NULL, 2, '2006-12-11'),
(63, '1540117', NULL, '1540117', NULL, NULL, 2, '2006-12-11'),
(64, '1474569', NULL, '1474569', NULL, NULL, 2, '2006-12-11'),
(65, 'NCL-26-1', NULL, 'NCL-26-1', NULL, NULL, 2, '2006-12-11'),
(66, 'NCL-25-1', NULL, 'NCL-25-1', NULL, NULL, 2, '2006-12-11'),
(67, 'NCL-23-1', NULL, 'NCL-23-1', NULL, NULL, 2, '2006-12-11'),
(68, '1540118', NULL, '1540118', NULL, NULL, 2, '2006-12-11'),
(69, '1540119', NULL, '1540119', NULL, NULL, 2, '2006-12-11'),
(70, '1540120', NULL, '1540120', NULL, NULL, 2, '2006-12-11'),
(71, '1540121', NULL, '1540121', NULL, NULL, 2, '2006-12-11'),
(72, '1474574', NULL, '1474574', NULL, NULL, 2, '2006-12-11'),
(73, '1802240', NULL, '1802240', NULL, NULL, 2, '2006-12-11'),
(74, '1802241', NULL, '1802241', NULL, NULL, 2, '2006-12-11'),
(75, '1900544', NULL, '1900544', NULL, NULL, 2, '2006-12-11'),
(76, '1802243', NULL, '1802243', NULL, NULL, 2, '2006-12-11'),
(77, '1802244', NULL, '1802244', NULL, NULL, 2, '2006-12-11'),
(78, '1802245', NULL, '1802245', NULL, NULL, 2, '2006-12-11'),
(79, '1802246', NULL, '1802246', NULL, NULL, 2, '2006-12-11'),
(80, '1900545', NULL, '1900545', NULL, NULL, 2, '2006-12-11'),
(81, '1900546', NULL, '1900546', NULL, NULL, 2, '2006-12-11'),
(82, '1900547', NULL, '1900547', NULL, NULL, 2, '2006-12-11'),
(83, '1900548', NULL, '1900548', NULL, NULL, 2, '2006-12-11'),
(84, '1900549', NULL, '1900549', NULL, NULL, 2, '2006-12-11'),
(85, 'NCL-24-1', NULL, 'NCL-24-1', NULL, NULL, 2, '2006-12-11'),
(86, '1900550', NULL, '1900550', NULL, NULL, 2, '2006-12-11'),
(87, '1900551', NULL, '1900551', NULL, NULL, 2, '2006-12-11'),
(88, '1900552', NULL, '1900552', NULL, NULL, 2, '2006-12-11'),
(89, '1900554', NULL, '1900554', NULL, NULL, 2, '2006-12-11'),
(90, '1900555', NULL, '1900555', NULL, NULL, 2, '2006-12-11'),
(91, '1900556', NULL, '1900556', NULL, NULL, 2, '2006-12-11'),
(92, '1802258', NULL, '1802258', NULL, NULL, 2, '2006-12-11'),
(93, '1900557', NULL, '1900557', NULL, NULL, 2, '2006-12-11'),
(94, '1802260', NULL, '1802260', NULL, NULL, 2, '2006-12-11'),
(95, '1802261', NULL, '1802261', NULL, NULL, 2, '2006-12-11'),
(96, '1900558', NULL, '1900558', NULL, NULL, 2, '2006-12-11'),
(97, '1802263', NULL, '1802263', NULL, NULL, 2, '2006-12-11'),
(98, '1900559', NULL, '1900559', NULL, NULL, 2, '2006-12-11'),
(99, '1802265', NULL, '1802265', NULL, NULL, 2, '2006-12-11'),
(100, '1900561', NULL, '1900561', NULL, NULL, 2, '2006-12-11'),
(101, '1900562', NULL, '1900562', NULL, NULL, 2, '2006-12-11'),
(102, '1900563', NULL, '1900563', NULL, NULL, 2, '2006-12-11'),
(103, '1900564', NULL, '1900564', NULL, NULL, 2, '2006-12-11'),
(104, '1900565', NULL, '1900565', NULL, NULL, 2, '2006-12-11'),
(105, '1900566', NULL, '1900566', NULL, NULL, 2, '2006-12-11'),
(106, '1900567', NULL, '1900567', NULL, NULL, 2, '2006-12-11'),
(107, '1900568', NULL, '1900568', NULL, NULL, 2, '2006-12-11'),
(108, '1900569', NULL, '1900569', NULL, NULL, 2, '2006-12-11'),
(109, '2457600', NULL, '2457600', NULL, NULL, 2, '2006-12-13'),
(110, '2457601', NULL, '2457601', NULL, NULL, 2, '2006-12-13'),
(111, '2457602', NULL, '2457602', NULL, NULL, 2, '2006-12-13'),
(112, '2457603', NULL, '2457603', NULL, NULL, 2, '2006-12-13'),
(113, '2457604', NULL, '2457604', NULL, NULL, 2, '2006-12-13'),
(114, '2293765', NULL, '2293765', NULL, NULL, 2, '2006-12-13'),
(115, '2457605', NULL, '2457605', NULL, NULL, 2, '2006-12-13'),
(116, '2457606', NULL, '2457606', NULL, NULL, 2, '2006-12-13'),
(117, '2457607', NULL, '2457607', NULL, NULL, 2, '2006-12-13'),
(118, '2457608', NULL, '2457608', NULL, NULL, 2, '2006-12-13'),
(119, '2457609', NULL, '2457609', NULL, NULL, 2, '2006-12-13'),
(120, '2457610', NULL, '2457610', NULL, NULL, 2, '2006-12-13'),
(121, '2457611', NULL, '2457611', NULL, NULL, 2, '2006-12-13'),
(122, '2457612', NULL, '2457612', NULL, NULL, 2, '2006-12-13'),
(123, '2457613', NULL, '2457613', NULL, NULL, 2, '2006-12-13'),
(124, '2457614', NULL, '2457614', NULL, NULL, 2, '2006-12-13'),
(126, '2981888', NULL, '2981888', NULL, NULL, 2, '2006-12-15'),
(127, '3178496', NULL, '3178496', NULL, NULL, 2, '2006-12-20'),
(133, 'NCL-61', NULL, 'NCL-61', NULL, NULL, 2, '2006-12-21'),
(134, '3538944', NULL, '3538944', NULL, NULL, 2, '2006-12-21'),
(135, '1540107', NULL, '1540107', NULL, NULL, 2, '2007-04-11'),
(136, '3801088', NULL, '3801088', NULL, NULL, 2, '2007-04-11'),
(137, '3801089', NULL, '3801089', NULL, NULL, 2, '2007-04-11'),
(138, '3801090', NULL, '3801090', NULL, NULL, 2, '2007-04-11'),
(139, '3801091', NULL, '3801091', NULL, NULL, 2, '2007-04-11'),
(140, '3801092', NULL, '3801092', NULL, NULL, 2, '2007-04-11'),
(141, '3801093', NULL, '3801093', NULL, NULL, 2, '2007-04-11'),
(142, '3801094', NULL, '3801094', NULL, NULL, 2, '2007-04-11'),
(143, '3801095', NULL, '3801095', NULL, NULL, 2, '2007-04-11'),
(144, '3801096', NULL, '3801096', NULL, NULL, 2, '2007-04-11'),
(145, '3801097', NULL, '3801097', NULL, NULL, 2, '2007-04-11'),
(146, '3801098', NULL, '3801098', NULL, NULL, 2, '2007-04-11'),
(147, '3801099', NULL, '3801099', NULL, NULL, 2, '2007-04-11'),
(148, '3702797', NULL, '3702797', NULL, NULL, 2, '2007-04-11'),
(149, '3801100', NULL, '3801100', NULL, NULL, 2, '2007-04-12'),
(150, '3801101', NULL, '3801101', NULL, NULL, 2, '2007-04-12'),
(151, '3801102', NULL, '3801102', NULL, NULL, 2, '2007-04-12'),
(152, '1540116', NULL, '1540116', NULL, NULL, 2, '2007-04-12'),
(153, '3801103', NULL, '3801103', NULL, NULL, 2, '2007-04-12'),
(154, '3801104', NULL, '3801104', NULL, NULL, 2, '2007-04-12'),
(155, '3801105', NULL, '3801105', NULL, NULL, 2, '2007-04-12'),
(156, '1540113', NULL, '1540113', NULL, NULL, 2, '2007-04-12'),
(157, '1540114', NULL, '1540114', NULL, NULL, 2, '2007-04-12'),
(158, '1540103', NULL, '1540103', NULL, NULL, 2, '2007-04-12'),
(159, '1540104', NULL, '1540104', NULL, NULL, 2, '2007-04-12'),
(160, '3801106', NULL, '3801106', NULL, NULL, 2, '2007-04-12'),
(161, '1900553', NULL, '1900553', NULL, NULL, 2, '2007-04-12'),
(162, '3801107', NULL, '3801107', NULL, NULL, 2, '2007-04-12'),
(163, '3801108', NULL, '3801108', NULL, NULL, 2, '2007-04-13'),
(164, '3801109', NULL, '3801109', NULL, NULL, 2, '2007-04-13'),
(165, '3801110', NULL, '3801110', NULL, NULL, 2, '2007-04-13'),
(166, '3801111', NULL, '3801111', NULL, NULL, 2, '2007-04-13'),
(167, '3801112', NULL, '3801112', NULL, NULL, 2, '2007-04-13'),
(168, '3801113', NULL, '3801113', NULL, NULL, 2, '2007-04-13'),
(169, '3801114', NULL, '3801114', NULL, NULL, 2, '2007-04-13'),
(170, '3801115', NULL, '3801115', NULL, NULL, 2, '2007-04-13'),
(171, '3801116', NULL, '3801116', NULL, NULL, 2, '2007-04-13'),
(172, '3801117', NULL, '3801117', NULL, NULL, 2, '2007-04-13'),
(173, '3801118', NULL, '3801118', NULL, NULL, 2, '2007-04-13'),
(174, '3801119', NULL, '3801119', NULL, NULL, 2, '2007-04-13'),
(175, '3702824', NULL, '3702824', NULL, NULL, 2, '2007-04-13'),
(176, '3702825', NULL, '3702825', NULL, NULL, 2, '2007-04-13'),
(177, '3801120', NULL, '3801120', NULL, NULL, 2, '2007-04-13'),
(178, '3801121', NULL, '3801121', NULL, NULL, 2, '2007-04-13'),
(179, '3801122', NULL, '3801122', NULL, NULL, 2, '2007-04-13'),
(180, '3801123', NULL, '3801123', NULL, NULL, 2, '2007-04-13'),
(181, '3801124', NULL, '3801124', NULL, NULL, 2, '2007-04-13'),
(182, '3801126', NULL, '3801126', NULL, NULL, 2, '2007-04-13'),
(183, '3801125', NULL, '3801125', NULL, NULL, 2, '2007-04-13'),
(184, '3801127', NULL, '3801127', NULL, NULL, 2, '2007-04-13'),
(185, '3801128', NULL, '3801128', NULL, NULL, 2, '2007-04-13'),
(186, '3801129', NULL, '3801129', NULL, NULL, 2, '2007-04-13'),
(187, '3801130', NULL, '3801130', NULL, NULL, 2, '2007-04-13'),
(188, '3801131', NULL, '3801131', NULL, NULL, 2, '2007-04-13'),
(189, '3801132', NULL, '3801132', NULL, NULL, 2, '2007-04-13'),
(190, '3801133', NULL, '3801133', NULL, NULL, 2, '2007-04-13'),
(192, 'NCL-42', NULL, 'NCL-42', NULL, NULL, 2, '2007-05-17'),
(193, '4259840', NULL, '4259840', NULL, NULL, 2, '2007-05-17'),
(194, '4259841', NULL, '4259841', NULL, NULL, 2, '2007-05-17'),
(195, '4259842', NULL, '4259842', NULL, NULL, 2, '2007-05-17'),
(196, '4259843', NULL, '4259843', NULL, NULL, 2, '2007-05-17'),
(197, '4128772', NULL, '4128772', NULL, NULL, 2, '2007-05-31'),
(198, '4128773', NULL, '4128773', NULL, NULL, 2, '2007-05-31'),
(199, '4259844', NULL, '4259844', NULL, NULL, 2, '2007-05-31'),
(200, '4259845', NULL, '4259845', NULL, NULL, 2, '2007-05-31'),
(201, '4259846', NULL, '4259846', NULL, NULL, 2, '2007-05-31'),
(202, '4259847', NULL, '4259847', NULL, NULL, 2, '2007-05-31'),
(203, '4259848', NULL, '4259848', NULL, NULL, 2, '2007-05-31'),
(204, '4259849', NULL, '4259849', NULL, NULL, 2, '2007-05-31'),
(205, '4259850', NULL, '4259850', NULL, NULL, 2, '2007-05-31'),
(206, '4259851', NULL, '4259851', NULL, NULL, 2, '2007-05-31'),
(207, '4259852', NULL, '4259852', NULL, NULL, 2, '2007-05-31'),
(208, '4128783', NULL, '4128783', NULL, NULL, 2, '2007-05-31'),
(209, '4128784', NULL, '4128784', NULL, NULL, 2, '2007-05-31'),
(210, '4128785', NULL, '4128785', NULL, NULL, 2, '2007-05-31'),
(211, '4259853', NULL, '4259853', NULL, NULL, 2, '2007-05-31'),
(212, 'NCL-45', NULL, 'NCL-45', NULL, NULL, 2, '2007-05-31'),
(213, '4259854', NULL, '4259854', NULL, NULL, 2, '2007-05-31'),
(214, 'NCL-17', NULL, 'NCL-17', NULL, NULL, 2, '2007-05-31'),
(215, '4259855', NULL, '4259855', NULL, NULL, 2, '2007-05-31'),
(216, 'NCL-16', NULL, 'NCL-16', NULL, NULL, 2, '2007-06-08'),
(217, '4259856', NULL, '4259856', NULL, NULL, 2, '2007-06-08'),
(218, 'NCL-19', NULL, 'NCL-19', NULL, NULL, 2, '2007-06-08'),
(219, '4259857', NULL, '4259857', NULL, NULL, 2, '2007-06-08'),
(220, 'NCL-48', NULL, 'NCL-48', NULL, NULL, 2, '2007-06-08'),
(221, 'NCL-48-4', NULL, 'NCL-48-4', NULL, NULL, 2, '2007-06-08'),
(222, 'NCL-49', NULL, 'NCL-49', NULL, NULL, 2, '2007-06-08'),
(223, '4259858', NULL, '4259858', NULL, NULL, 2, '2007-06-14'),
(224, '4259859', NULL, '4259859', NULL, NULL, 2, '2007-06-14'),
(225, '4259860', NULL, '4259860', NULL, NULL, 2, '2007-06-14'),
(226, '4259861', NULL, '4259861', NULL, NULL, 2, '2007-06-14'),
(227, '4259862', NULL, '4259862', NULL, NULL, 2, '2007-06-14'),
(228, '4259863', NULL, '4259863', NULL, NULL, 2, '2007-06-14'),
(229, '4259864', NULL, '4259864', NULL, NULL, 2, '2007-06-14'),
(230, '4259865', NULL, '4259865', NULL, NULL, 2, '2007-07-13'),
(231, '4259866', NULL, '4259866', NULL, NULL, 2, '2007-07-13'),
(232, '4259867', NULL, '4259867', NULL, NULL, 2, '2007-07-13'),
(233, '4259868', NULL, '4259868', NULL, NULL, 2, '2007-07-20'),
(234, '4259869', NULL, '4259869', NULL, NULL, 2, '2007-07-20'),
(235, '4259870', NULL, '4259870', NULL, NULL, 2, '2007-07-20'),
(236, '4259871', NULL, '4259871', NULL, NULL, 2, '2007-07-20'),
(238, '101', NULL, '101', NULL, NULL, 2, '2007-08-31'),
(239, '102', NULL, '102', NULL, NULL, 2, '2007-08-31'),
(240, '103', NULL, '103', NULL, NULL, 2, '2007-08-31'),
(241, '104', NULL, '104', NULL, NULL, 2, '2007-08-31'),
(242, '105', NULL, '105', NULL, NULL, 2, '2007-08-31'),
(243, '106', NULL, '106', NULL, NULL, 2, '2007-08-31'),
(244, '107', NULL, '107', NULL, NULL, 2, '2007-08-31'),
(245, '108', NULL, '108', NULL, NULL, 2, '2007-08-31'),
(246, '109', NULL, '109', NULL, NULL, 2, '2007-08-31'),
(247, '110', NULL, '110', NULL, NULL, 2, '2007-08-31'),
(248, '111', NULL, '111', NULL, NULL, 2, '2007-08-31'),
(249, '112', NULL, '112', NULL, NULL, 2, '2007-08-31'),
(250, '113', NULL, '113', NULL, NULL, 2, '2007-08-31'),
(251, '114', NULL, '114', NULL, NULL, 2, '2007-08-31'),
(252, '115', NULL, '115', NULL, NULL, 2, '2007-08-31'),
(253, '116', NULL, '116', NULL, NULL, 2, '2007-08-31'),
(254, '117', NULL, '117', NULL, NULL, 2, '2007-08-31'),
(255, '118', NULL, '118', NULL, NULL, 2, '2007-08-31'),
(256, '119', NULL, '119', NULL, NULL, 2, '2007-08-31'),
(257, '4456448', NULL, '4456448', NULL, NULL, 2, '2007-09-13'),
(258, '4456449', NULL, '4456449', NULL, NULL, 2, '2007-09-13'),
(259, '4456450', NULL, '4456450', NULL, NULL, 2, '2007-09-13'),
(260, '4456451', NULL, '4456451', NULL, NULL, 2, '2007-09-13'),
(261, '4521984', NULL, '4521984', NULL, NULL, 2, '2007-11-16'),
(262, '4521985', NULL, '4521985', NULL, NULL, 2, '2007-11-16'),
(263, '4521986', NULL, '4521986', NULL, NULL, 2, '2007-11-16'),
(264, '4521987', NULL, '4521987', NULL, NULL, 2, '2007-11-16'),
(265, '4521988', NULL, '4521988', NULL, NULL, 2, '2007-11-16'),
(266, '4521989', NULL, '4521989', NULL, NULL, 2, '2007-11-16'),
(267, '4521990', NULL, '4521990', NULL, NULL, 2, '2007-11-16'),
(268, 'sample', '', 'sample', '', NULL, 2, '2008-01-16'),
(269, 'protocol', '', 'protocol', '', NULL, 2, '2008-01-16'),
(270, 'nanoparticle', '', 'nanoparticle', '', NULL, 2, '2008-01-16'),
(271, 'report', '', 'report', '', NULL, 2, '2008-01-16'),
(272, '4620288', NULL, '4620288', NULL, NULL, 2, '2008-01-24'),
(273, '4620291', NULL, '4620291', NULL, NULL, 2, '2008-01-24'),
(274, '4620292', NULL, '4620292', NULL, NULL, 2, '2008-01-24'),
(275, '4620293', NULL, '4620293', NULL, NULL, 2, '2008-01-24'),
(276, '4620294', NULL, '4620294', NULL, NULL, 2, '2008-01-24'),
(277, 'NCL-49-2', NULL, 'NCL-49-2', NULL, NULL, 2, '2008-01-24'),
(278, 'NCL-50-1', NULL, 'NCL-50-1', NULL, NULL, 2, '2008-01-24'),
(279, 'NCL-51-3', NULL, 'NCL-51-3', NULL, NULL, 2, '2008-01-24');

-- --------------------------------------------------------

--
-- Table structure for table `csm_protection_group`
--

CREATE TABLE IF NOT EXISTS `csm_protection_group1` (
  `protection_group_id` bigint(20) NOT NULL auto_increment,
  `protection_group_name` varchar(100) NOT NULL,
  `protection_group_description` varchar(200) default NULL,
  `application_id` bigint(20) NOT NULL,
  `large_element_count_flag` tinyint(1) NOT NULL,
  `update_date` date NOT NULL,
  `parent_protection_group_id` bigint(20) default NULL,
  PRIMARY KEY  (`protection_group_id`),
  UNIQUE KEY `uq_protection_group_protection_group_name` (`application_id`,`protection_group_name`),
  KEY `idx_application_id` (`application_id`),
  KEY `idx_parent_protection_group_id` (`parent_protection_group_id`)
) ENGINE=InnoDB DEFAULT CHARSET=latin1 AUTO_INCREMENT=281 ;

--
-- Dumping data for table `csm_protection_group`
--

INSERT INTO `csm_protection_group1` (`protection_group_id`, `protection_group_name`, `protection_group_description`, `application_id`, `large_element_count_flag`, `update_date`, `parent_protection_group_id`) VALUES
(51, '1081344', NULL, 2, 0, '2006-12-08', NULL),
(52, 'NCL-20-1', NULL, 2, 0, '2006-12-11', NULL),
(53, '1540096', NULL, 2, 0, '2006-12-11', NULL),
(54, '1540097', NULL, 2, 0, '2006-12-11', NULL),
(55, '1540099', NULL, 2, 0, '2006-12-11', NULL),
(56, '1540100', NULL, 2, 0, '2006-12-11', NULL),
(57, '1474564', NULL, 2, 0, '2006-12-11', NULL),
(58, 'NCL-21-1', NULL, 2, 0, '2006-12-11', NULL),
(59, '1540105', NULL, 2, 0, '2006-12-11', NULL),
(60, 'NCL-22-1', NULL, 2, 0, '2006-12-11', NULL),
(61, '1540111', NULL, 2, 0, '2006-12-11', NULL),
(62, '1540115', NULL, 2, 0, '2006-12-11', NULL),
(63, '1540117', NULL, 2, 0, '2006-12-11', NULL),
(64, '1474569', NULL, 2, 0, '2006-12-11', NULL),
(65, 'NCL-26-1', NULL, 2, 0, '2006-12-11', NULL),
(66, 'NCL-25-1', NULL, 2, 0, '2006-12-11', NULL),
(67, 'NCL-23-1', NULL, 2, 0, '2006-12-11', NULL),
(68, '1540118', NULL, 2, 0, '2006-12-11', NULL),
(69, '1540119', NULL, 2, 0, '2006-12-11', NULL),
(70, '1540120', NULL, 2, 0, '2006-12-11', NULL),
(71, '1540121', NULL, 2, 0, '2006-12-11', NULL),
(72, '1474574', NULL, 2, 0, '2006-12-11', NULL),
(73, '1802240', NULL, 2, 0, '2006-12-11', NULL),
(74, '1802241', NULL, 2, 0, '2006-12-11', NULL),
(75, '1900544', NULL, 2, 0, '2006-12-11', NULL),
(76, '1802243', NULL, 2, 0, '2006-12-11', NULL),
(77, '1802244', NULL, 2, 0, '2006-12-11', NULL),
(78, '1802245', NULL, 2, 0, '2006-12-11', NULL),
(79, '1802246', NULL, 2, 0, '2006-12-11', NULL),
(80, '1900545', NULL, 2, 0, '2006-12-11', NULL),
(81, '1900546', NULL, 2, 0, '2006-12-11', NULL),
(82, '1900547', NULL, 2, 0, '2006-12-11', NULL),
(83, '1900548', NULL, 2, 0, '2006-12-11', NULL),
(84, '1900549', NULL, 2, 0, '2006-12-11', NULL),
(85, 'NCL-24-1', NULL, 2, 0, '2006-12-11', NULL),
(86, '1900550', NULL, 2, 0, '2006-12-11', NULL),
(87, '1900551', NULL, 2, 0, '2006-12-11', NULL),
(88, '1900552', NULL, 2, 0, '2006-12-11', NULL),
(89, '1900554', NULL, 2, 0, '2006-12-11', NULL),
(90, '1900555', NULL, 2, 0, '2006-12-11', NULL),
(91, '1900556', NULL, 2, 0, '2006-12-11', NULL),
(92, '1802258', NULL, 2, 0, '2006-12-11', NULL),
(93, '1900557', NULL, 2, 0, '2006-12-11', NULL),
(94, '1802260', NULL, 2, 0, '2006-12-11', NULL),
(95, '1802261', NULL, 2, 0, '2006-12-11', NULL),
(96, '1900558', NULL, 2, 0, '2006-12-11', NULL),
(97, '1802263', NULL, 2, 0, '2006-12-11', NULL),
(98, '1900559', NULL, 2, 0, '2006-12-11', NULL),
(99, '1802265', NULL, 2, 0, '2006-12-11', NULL),
(100, '1900561', NULL, 2, 0, '2006-12-11', NULL),
(101, '1900562', NULL, 2, 0, '2006-12-11', NULL),
(102, '1900563', NULL, 2, 0, '2006-12-11', NULL),
(103, '1900564', NULL, 2, 0, '2006-12-11', NULL),
(104, '1900565', NULL, 2, 0, '2006-12-11', NULL),
(105, '1900566', NULL, 2, 0, '2006-12-11', NULL),
(106, '1900567', NULL, 2, 0, '2006-12-11', NULL),
(107, '1900568', NULL, 2, 0, '2006-12-11', NULL),
(108, '1900569', NULL, 2, 0, '2006-12-11', NULL),
(109, '2457600', NULL, 2, 0, '2006-12-13', NULL),
(110, '2457601', NULL, 2, 0, '2006-12-13', NULL),
(111, '2457602', NULL, 2, 0, '2006-12-13', NULL),
(112, '2457603', NULL, 2, 0, '2006-12-13', NULL),
(113, '2457604', NULL, 2, 0, '2006-12-13', NULL),
(114, '2293765', NULL, 2, 0, '2006-12-13', NULL),
(115, '2457605', NULL, 2, 0, '2006-12-13', NULL),
(116, '2457606', NULL, 2, 0, '2006-12-13', NULL),
(117, '2457607', NULL, 2, 0, '2006-12-13', NULL),
(118, '2457608', NULL, 2, 0, '2006-12-13', NULL),
(119, '2457609', NULL, 2, 0, '2006-12-13', NULL),
(120, '2457610', NULL, 2, 0, '2006-12-13', NULL),
(121, '2457611', NULL, 2, 0, '2006-12-13', NULL),
(122, '2457612', NULL, 2, 0, '2006-12-13', NULL),
(123, '2457613', NULL, 2, 0, '2006-12-13', NULL),
(124, '2457614', NULL, 2, 0, '2006-12-13', NULL),
(126, '2981888', NULL, 2, 0, '2006-12-15', NULL),
(127, '3178496', NULL, 2, 0, '2006-12-20', NULL),
(133, 'NCL-61', NULL, 2, 0, '2006-12-21', NULL),
(134, '3538944', NULL, 2, 0, '2006-12-21', NULL),
(135, '1540107', NULL, 2, 0, '2007-04-11', NULL),
(136, '3801088', NULL, 2, 0, '2007-04-11', NULL),
(137, '3801089', NULL, 2, 0, '2007-04-11', NULL),
(138, '3801090', NULL, 2, 0, '2007-04-11', NULL),
(139, '3801091', NULL, 2, 0, '2007-04-11', NULL),
(140, '3801092', NULL, 2, 0, '2007-04-11', NULL),
(141, '3801093', NULL, 2, 0, '2007-04-11', NULL),
(142, '3801094', NULL, 2, 0, '2007-04-11', NULL),
(143, '3801095', NULL, 2, 0, '2007-04-11', NULL),
(144, '3801096', NULL, 2, 0, '2007-04-11', NULL),
(145, '3801097', NULL, 2, 0, '2007-04-11', NULL),
(146, '3801098', NULL, 2, 0, '2007-04-11', NULL),
(147, '3801099', NULL, 2, 0, '2007-04-11', NULL),
(148, '3702797', NULL, 2, 0, '2007-04-11', NULL),
(149, '3801100', NULL, 2, 0, '2007-04-12', NULL),
(150, '3801101', NULL, 2, 0, '2007-04-12', NULL),
(151, '3801102', NULL, 2, 0, '2007-04-12', NULL),
(152, '1540116', NULL, 2, 0, '2007-04-12', NULL),
(153, '3801103', NULL, 2, 0, '2007-04-12', NULL),
(154, '3801104', NULL, 2, 0, '2007-04-12', NULL),
(155, '3801105', NULL, 2, 0, '2007-04-12', NULL),
(156, '1540113', NULL, 2, 0, '2007-04-12', NULL),
(157, '1540114', NULL, 2, 0, '2007-04-12', NULL),
(158, '1540103', NULL, 2, 0, '2007-04-12', NULL),
(159, '1540104', NULL, 2, 0, '2007-04-12', NULL),
(160, '3801106', NULL, 2, 0, '2007-04-12', NULL),
(161, '1900553', NULL, 2, 0, '2007-04-12', NULL),
(162, '3801107', NULL, 2, 0, '2007-04-12', NULL),
(163, '3801108', NULL, 2, 0, '2007-04-13', NULL),
(164, '3801109', NULL, 2, 0, '2007-04-13', NULL),
(165, '3801110', NULL, 2, 0, '2007-04-13', NULL),
(166, '3801111', NULL, 2, 0, '2007-04-13', NULL),
(167, '3801112', NULL, 2, 0, '2007-04-13', NULL),
(168, '3801113', NULL, 2, 0, '2007-04-13', NULL),
(169, '3801114', NULL, 2, 0, '2007-04-13', NULL),
(170, '3801115', NULL, 2, 0, '2007-04-13', NULL),
(171, '3801116', NULL, 2, 0, '2007-04-13', NULL),
(172, '3801117', NULL, 2, 0, '2007-04-13', NULL),
(173, '3801118', NULL, 2, 0, '2007-04-13', NULL),
(174, '3801119', NULL, 2, 0, '2007-04-13', NULL),
(175, '3702824', NULL, 2, 0, '2007-04-13', NULL),
(176, '3702825', NULL, 2, 0, '2007-04-13', NULL),
(177, '3801120', NULL, 2, 0, '2007-04-13', NULL),
(178, '3801121', NULL, 2, 0, '2007-04-13', NULL),
(179, '3801122', NULL, 2, 0, '2007-04-13', NULL),
(180, '3801123', NULL, 2, 0, '2007-04-13', NULL),
(181, '3801124', NULL, 2, 0, '2007-04-13', NULL),
(182, '3801126', NULL, 2, 0, '2007-04-13', NULL),
(183, '3801125', NULL, 2, 0, '2007-04-13', NULL),
(184, '3801127', NULL, 2, 0, '2007-04-13', NULL),
(185, '3801128', NULL, 2, 0, '2007-04-13', NULL),
(186, '3801129', NULL, 2, 0, '2007-04-13', NULL),
(187, '3801130', NULL, 2, 0, '2007-04-13', NULL),
(188, '3801131', NULL, 2, 0, '2007-04-13', NULL),
(189, '3801132', NULL, 2, 0, '2007-04-13', NULL),
(190, '3801133', NULL, 2, 0, '2007-04-13', NULL),
(192, 'NCL-42', NULL, 2, 0, '2007-05-17', NULL),
(193, '4259840', NULL, 2, 0, '2007-05-17', NULL),
(194, '4259841', NULL, 2, 0, '2007-05-17', NULL),
(195, '4259842', NULL, 2, 0, '2007-05-17', NULL),
(196, '4259843', NULL, 2, 0, '2007-05-17', NULL),
(197, '4128772', NULL, 2, 0, '2007-05-31', NULL),
(198, '4128773', NULL, 2, 0, '2007-05-31', NULL),
(199, '4259844', NULL, 2, 0, '2007-05-31', NULL),
(200, '4259845', NULL, 2, 0, '2007-05-31', NULL),
(201, '4259846', NULL, 2, 0, '2007-05-31', NULL),
(202, '4259847', NULL, 2, 0, '2007-05-31', NULL),
(203, '4259848', NULL, 2, 0, '2007-05-31', NULL),
(204, '4259849', NULL, 2, 0, '2007-05-31', NULL),
(205, '4259850', NULL, 2, 0, '2007-05-31', NULL),
(206, '4259851', NULL, 2, 0, '2007-05-31', NULL),
(207, '4128782', NULL, 2, 0, '2007-05-31', NULL),
(208, '4128783', NULL, 2, 0, '2007-05-31', NULL),
(209, '4128784', NULL, 2, 0, '2007-05-31', NULL),
(210, '4128785', NULL, 2, 0, '2007-05-31', NULL),
(211, '4259853', NULL, 2, 0, '2007-05-31', NULL),
(212, 'NCL-45', NULL, 2, 0, '2007-05-31', NULL),
(213, '4259854', NULL, 2, 0, '2007-05-31', NULL),
(214, 'NCL-17', NULL, 2, 0, '2007-05-31', NULL),
(215, '4259855', NULL, 2, 0, '2007-05-31', NULL),
(216, 'NCL-16', NULL, 2, 0, '2007-06-08', NULL),
(217, '4259856', NULL, 2, 0, '2007-06-08', NULL),
(218, 'NCL-19', NULL, 2, 0, '2007-06-08', NULL),
(219, '4259857', NULL, 2, 0, '2007-06-08', NULL),
(220, 'NCL-48', NULL, 2, 0, '2007-06-08', NULL),
(221, 'NCL-48-4', NULL, 2, 0, '2007-06-08', NULL),
(222, 'NCL-49', NULL, 2, 0, '2007-06-08', NULL),
(223, '4259858', NULL, 2, 0, '2007-06-14', NULL),
(224, '4259859', NULL, 2, 0, '2007-06-14', NULL),
(225, '4259860', NULL, 2, 0, '2007-06-14', NULL),
(226, '4259861', NULL, 2, 0, '2007-06-14', NULL),
(227, '4259862', NULL, 2, 0, '2007-06-14', NULL),
(228, '4259863', NULL, 2, 0, '2007-06-14', NULL),
(229, '4259864', NULL, 2, 0, '2007-06-14', NULL),
(230, '4259865', NULL, 2, 0, '2007-07-13', NULL),
(231, '4259866', NULL, 2, 0, '2007-07-13', NULL),
(232, '4259867', NULL, 2, 0, '2007-07-13', NULL),
(233, '4259868', NULL, 2, 0, '2007-07-20', NULL),
(234, '4259869', NULL, 2, 0, '2007-07-20', NULL),
(235, '4259870', NULL, 2, 0, '2007-07-20', NULL),
(236, '4259871', NULL, 2, 0, '2007-07-20', NULL),
(238, '101', NULL, 2, 0, '2007-08-31', NULL),
(239, '102', NULL, 2, 0, '2007-08-31', NULL),
(240, '103', NULL, 2, 0, '2007-08-31', NULL),
(241, '104', NULL, 2, 0, '2007-08-31', NULL),
(242, '105', NULL, 2, 0, '2007-08-31', NULL),
(243, '106', NULL, 2, 0, '2007-08-31', NULL),
(244, '107', NULL, 2, 0, '2007-08-31', NULL),
(245, '108', NULL, 2, 0, '2007-08-31', NULL),
(246, '109', NULL, 2, 0, '2007-08-31', NULL),
(247, '110', NULL, 2, 0, '2007-08-31', NULL),
(248, '111', NULL, 2, 0, '2007-08-31', NULL),
(249, '112', NULL, 2, 0, '2007-08-31', NULL),
(250, '113', NULL, 2, 0, '2007-08-31', NULL),
(251, '114', NULL, 2, 0, '2007-08-31', NULL),
(252, '115', NULL, 2, 0, '2007-08-31', NULL),
(253, '116', NULL, 2, 0, '2007-08-31', NULL),
(254, '117', NULL, 2, 0, '2007-08-31', NULL),
(255, '118', NULL, 2, 0, '2007-08-31', NULL),
(256, '119', NULL, 2, 0, '2007-08-31', NULL),
(257, '4259852', NULL, 2, 0, '2007-09-13', NULL),
(258, '4456448', NULL, 2, 0, '2007-09-13', NULL),
(259, '4456449', NULL, 2, 0, '2007-09-13', NULL),
(260, '4456450', NULL, 2, 0, '2007-09-13', NULL),
(261, '4456451', NULL, 2, 0, '2007-09-13', NULL),
(262, '4521984', NULL, 2, 0, '2007-11-16', NULL),
(263, '4521985', NULL, 2, 0, '2007-11-16', NULL),
(264, '4521986', NULL, 2, 0, '2007-11-16', NULL),
(265, '4521987', NULL, 2, 0, '2007-11-16', NULL),
(266, '4521988', NULL, 2, 0, '2007-11-16', NULL),
(267, '4521989', NULL, 2, 0, '2007-11-16', NULL),
(268, '4521990', NULL, 2, 0, '2007-11-16', NULL),
(269, 'sample', '', 2, 0, '2008-01-16', NULL),
(270, 'protocol', '', 2, 0, '2008-01-16', NULL),
(271, 'nanoparticle', '', 2, 0, '2008-01-16', NULL),
(272, 'report', '', 2, 0, '2008-01-16', NULL),
(273, '4620288', NULL, 2, 0, '2008-01-24', NULL),
(274, '4620291', NULL, 2, 0, '2008-01-24', NULL),
(275, '4620292', NULL, 2, 0, '2008-01-24', NULL),
(276, '4620293', NULL, 2, 0, '2008-01-24', NULL),
(277, '4620294', NULL, 2, 0, '2008-01-24', NULL),
(278, 'NCL-49-2', NULL, 2, 0, '2008-01-24', NULL),
(279, 'NCL-50-1', NULL, 2, 0, '2008-01-24', NULL),
(280, 'NCL-51-3', NULL, 2, 0, '2008-01-24', NULL);

-- --------------------------------------------------------

--
-- Table structure for table `csm_role1`
--

CREATE TABLE IF NOT EXISTS `csm_role1` (
  `role_id` bigint(20) NOT NULL auto_increment,
  `role_name` varchar(100) NOT NULL,
  `role_description` varchar(200) default NULL,
  `application_id` bigint(20) NOT NULL,
  `active_flag` tinyint(1) NOT NULL,
  `update_date` date NOT NULL,
  PRIMARY KEY  (`role_id`),
  UNIQUE KEY `uq_role_role_name` (`application_id`,`role_name`),
  KEY `idx_application_id` (`application_id`)
) ENGINE=InnoDB DEFAULT CHARSET=latin1 AUTO_INCREMENT=13 ;

--
-- Dumping data for table `csm_role`
--

INSERT INTO `csm_role1` (`role_id`, `role_name`, `role_description`, `application_id`, `active_flag`, `update_date`) VALUES
(4, 'CARU', 'create access read update', 2, 1, '2006-07-11'),
(5, 'AR', 'acess read', 2, 1, '2006-07-11'),
(7, 'E', 'execute only', 2, 1, '2006-07-11'),
(8, 'D', 'delete only', 2, 1, '2006-07-11'),
(9, 'CARUD', 'create access read update delete', 2, 1, '2006-07-11'),
(10, 'R', 'read only', 2, 1, '2006-08-02'),
(11, 'CUR', 'create, update, read', 2, 1, '2008-01-16'),
(12, 'CURD', 'create, update, read, delete', 2, 1, '2008-01-16');

-- --------------------------------------------------------

--
-- Table structure for table `csm_role_privilege`
--

CREATE TABLE IF NOT EXISTS `csm_role_privilege1` (
  `role_privilege_id` bigint(20) NOT NULL auto_increment,
  `role_id` bigint(20) NOT NULL,
  `privilege_id` bigint(20) NOT NULL,
  `update_date` date NOT NULL default '0000-00-00',
  PRIMARY KEY  (`role_privilege_id`),
  UNIQUE KEY `uq_role_privilege_role_id` (`privilege_id`,`role_id`),
  KEY `idx_privilege_id` (`privilege_id`),
  KEY `idx_role_id` (`role_id`)
) ENGINE=InnoDB DEFAULT CHARSET=latin1 AUTO_INCREMENT=34 ;

--
-- Dumping data for table `csm_role_privilege`
--

INSERT INTO `csm_role_privilege1` (`role_privilege_id`, `role_id`, `privilege_id`, `update_date`) VALUES
(11, 4, 2, '2006-07-10'),
(12, 4, 5, '2006-07-10'),
(13, 4, 3, '2006-07-10'),
(14, 4, 1, '2006-07-10'),
(15, 7, 7, '2006-07-10'),
(16, 5, 3, '2006-07-10'),
(17, 5, 2, '2006-07-10'),
(18, 8, 6, '2006-07-10'),
(19, 9, 6, '2006-07-11'),
(20, 9, 2, '2006-07-11'),
(21, 9, 4, '2006-07-11'),
(22, 9, 1, '2006-07-11'),
(23, 9, 5, '2006-07-11'),
(24, 9, 3, '2006-07-11'),
(25, 9, 7, '2006-07-11'),
(26, 10, 3, '2006-08-02'),
(27, 11, 1, '2008-01-16'),
(28, 11, 3, '2008-01-16'),
(29, 11, 5, '2008-01-16'),
(30, 12, 1, '2008-01-16'),
(31, 12, 6, '2008-01-16'),
(32, 12, 3, '2008-01-16'),
(33, 12, 5, '2008-01-16');

-- --------------------------------------------------------

--
-- Table structure for table `csm_user`
--

CREATE TABLE IF NOT EXISTS `csm_user1` (
  `user_id` bigint(20) NOT NULL auto_increment,
  `login_name` varchar(100) NOT NULL,
  `first_name` varchar(100) NOT NULL,
  `last_name` varchar(100) NOT NULL,
  `organization` varchar(100) default NULL,
  `department` varchar(100) default NULL,
  `title` varchar(100) default NULL,
  `phone_number` varchar(15) default NULL,
  `password` varchar(100) default NULL,
  `email_id` varchar(100) default NULL,
  `start_date` date default NULL,
  `end_date` date default NULL,
  `update_date` date NOT NULL,
  PRIMARY KEY  (`user_id`),
  UNIQUE KEY `uq_login_name` (`login_name`)
) ENGINE=InnoDB DEFAULT CHARSET=latin1 AUTO_INCREMENT=59 ;

--
-- Dumping data for table `csm_user`
--

INSERT INTO `csm_user1` (`user_id`, `login_name`, `first_name`, `last_name`, `organization`, `department`, `title`, `phone_number`, `password`, `email_id`, `start_date`, `end_date`, `update_date`) VALUES
(8, 'mcneil', 'Scott', 'McNeil', 'SAIC-Frederick', 'NCL', 'Dr.', '301-846-7579', 'QXOhpC+wr65Zpwg23how1EQemNc=', 'mcneils@ncifcrf.gov', NULL, NULL, '2006-06-16'),
(9, 'patri', 'Anil', 'Patri', 'SAIC-Frederick', 'NCL', 'Dr.', '301-846-5237', 'QXOhpC+wr65Zpwg23how1EQemNc=', 'patri@ncifcrf.gov', NULL, NULL, '2006-06-16'),
(10, 'marina', 'Marina', 'Dobrovolskaia', 'SAIC-Frederick', 'NCL', 'Dr.', '301-846-6352', 'QXOhpC+wr65Zpwg23how1EQemNc=', 'marina@ncifcrf.gov', NULL, NULL, '2006-06-16'),
(11, 'stern', 'Steve', 'Stern', 'SAIC-Frederick', 'NCL', 'Dr.', '301-846-6198', 'QXOhpC+wr65Zpwg23how1EQemNc=', 'stern@ncifcrf.gov', NULL, NULL, '2006-06-16'),
(12, 'fritts', 'Marty', 'Fritts', 'SAIC-Frederick', 'NCL', 'Dr.', '301-846-6938', 'QXOhpC+wr65Zpwg23how1EQemNc=', 'frittsm@ncifcrf.gov', NULL, NULL, '2006-06-16'),
(13, 'fine', 'Lydia', 'Fine', 'SAIC-Frederick', 'NCL', 'Ms.', '301-846-7378', 'QXOhpC+wr65Zpwg23how1EQemNc=', 'lfine@ncifcrf.gov', NULL, NULL, '2006-06-16'),
(14, 'zheng', 'Jiwen', 'Zheng', 'SAIC-Frederick', 'NCL', 'Dr.', '301-846-1418', 'QXOhpC+wr65Zpwg23how1EQemNc=', 'zheng@ncifcrf.gov', NULL, NULL, '2006-06-16'),
(15, 'clogston', 'Jeff', 'Clogston', 'SAIC-Frederick', 'NCL', 'Dr.', '301-846-1388', 'QXOhpC+wr65Zpwg23how1EQemNc=', 'jclogston@ncifcrf.gov', NULL, NULL, '2006-06-16'),
(16, 'zolnik', 'Banu', 'Zolnik', 'SAIC-Frederick', 'NCL', 'Dr.', '301-846-7161', 'QXOhpC+wr65Zpwg23how1EQemNc=', 'zolnik@ncifcrf.gov', NULL, NULL, '2006-06-16'),
(17, 'neun', 'Barry', 'Neun', 'SAIC-Frederick', 'NCL', 'Mr.', '301-846-5393', 'QXOhpC+wr65Zpwg23how1EQemNc=', 'neunb@ncifcrf.gov', NULL, NULL, '2006-06-16'),
(18, 'potter', 'Tim', 'Potter', 'SAIC-Frederick', 'NCL', 'Mr.', '301-846-6649', 'QXOhpC+wr65Zpwg23how1EQemNc=', 'potter@ncifcrf.gov', NULL, NULL, '2006-06-16'),
(19, 'skoczen', 'Sarah', 'Skoczen', 'SAIC-Frederick', 'NCL', 'Ms.', '301-846-5021', 'QXOhpC+wr65Zpwg23how1EQemNc=', 'sskoczen@ncifcrf.gov', NULL, NULL, '2006-06-16'),
(35, 'admin', 'Admin', 'Doe', NULL, NULL, NULL, NULL, 'dJE/XNX2HsC8/bd1QUwvs9FhtiA=', NULL, NULL, NULL, '2007-05-01'),
(38, 'superadmin', 'Super', 'Doe', NULL, NULL, NULL, NULL, 'dJE/XNX2HsC8/bd1QUwvs9FhtiA=', NULL, NULL, NULL, '2007-05-02'),
(51, 'jennifer', 'Jennifer', 'Hall', NULL, 'NCL', NULL, NULL, 'W6ph5Mm5Pz8GgiULbPgzG37mj9g=', NULL, NULL, NULL, '2007-02-16'),
(53, 'mcleland', 'Chris', 'McLeland', 'NCI-Frederick', 'NCL', 'Mr.', '301-846-6974', 'SGRs9BJR7F3FvCcN3HBc9YFccMI=', 'mclelandc@ncifcrf.gov', NULL, NULL, '2007-02-16'),
(54, 'nclguest', 'guest', 'guest', NULL, NULL, NULL, NULL, 'cdcJW0tCXMvAaq0dfKYBz+Lq598=', NULL, NULL, NULL, '2007-10-24'),
(55, 'molnarl', 'Linda', 'Molnar', 'NCI', NULL, NULL, NULL, 'RIWHBqEuEcCeATON64GEW51QY0Y=', NULL, NULL, NULL, '2007-06-06'),
(56, 'sharon', 'Sharon', 'Gaheen', NULL, NULL, NULL, NULL, 'TknYVMm/+wpkJXEklxI0xElSkmw=', NULL, NULL, NULL, '2007-05-18'),
(57, 'piotr', 'Piotr', 'Grodzinski', 'nci', NULL, NULL, NULL, 'W6ph5Mm5Pz8GgiULbPgzG37mj9g=', 'grodzinp@mail.nih.gov', NULL, NULL, '2007-06-05'),
(58, 'scott', 'Scott', 'McNeil', 'NCL', NULL, NULL, NULL, 'W6ph5Mm5Pz8GgiULbPgzG37mj9g=', 'mcneils@mail.nih.gov', NULL, NULL, '2007-06-14');

-- --------------------------------------------------------

--
-- Table structure for table `csm_user_group`
--

CREATE TABLE IF NOT EXISTS `csm_user_group1` (
  `user_group_id` bigint(20) NOT NULL auto_increment,
  `user_id` bigint(20) NOT NULL,
  `group_id` bigint(20) NOT NULL,
  PRIMARY KEY  (`user_group_id`),
  KEY `idx_user_id` (`user_id`),
  KEY `idx_group_id` (`group_id`)
) ENGINE=InnoDB DEFAULT CHARSET=latin1 AUTO_INCREMENT=102 ;

--
-- Dumping data for table `csm_user_group`
--

INSERT INTO `csm_user_group1` (`user_group_id`, `user_id`, `group_id`) VALUES
(54, 11, 6),
(55, 10, 6),
(56, 9, 6),
(57, 12, 6),
(59, 13, 7),
(60, 8, 7),
(61, 14, 7),
(62, 15, 7),
(63, 16, 7),
(64, 17, 7),
(65, 18, 7),
(66, 19, 7),
(69, 53, 6),
(85, 54, 11),
(86, 51, 9),
(87, 51, 6),
(88, 55, 7),
(92, 56, 11),
(93, 56, 6),
(94, 57, 7),
(97, 58, 11),
(98, 35, 6),
(99, 35, 7),
(100, 35, 11),
(101, 35, 9);

-- --------------------------------------------------------

--
-- Table structure for table `csm_user_group_role_pg`
--

CREATE TABLE IF NOT EXISTS `csm_user_group_role_pg1` (
  `user_group_role_pg_id` bigint(20) NOT NULL auto_increment,
  `user_id` bigint(20) default NULL,
  `group_id` bigint(20) default NULL,
  `role_id` bigint(20) NOT NULL,
  `protection_group_id` bigint(20) NOT NULL,
  `update_date` date NOT NULL default '0000-00-00',
  PRIMARY KEY  (`user_group_role_pg_id`),
  KEY `idx_group_id` (`group_id`),
  KEY `idx_role_id` (`role_id`),
  KEY `idx_protection_group_id` (`protection_group_id`),
  KEY `idx_user_id` (`user_id`)
) ENGINE=InnoDB DEFAULT CHARSET=latin1 AUTO_INCREMENT=1815 ;

--
-- Dumping data for table `csm_user_group_role_pg`
--

INSERT INTO `csm_user_group_role_pg1` (`user_group_role_pg_id`, `user_id`, `group_id`, `role_id`, `protection_group_id`, `update_date`) VALUES
(1004, NULL, 6, 10, 51, '2006-12-08'),
(1005, NULL, 7, 10, 51, '2006-12-08'),
(1009, NULL, 6, 10, 53, '2006-12-11'),
(1010, NULL, 7, 10, 53, '2006-12-11'),
(1011, NULL, 6, 10, 54, '2006-12-11'),
(1012, NULL, 7, 10, 54, '2006-12-11'),
(1013, NULL, 6, 10, 55, '2006-12-11'),
(1014, NULL, 7, 10, 55, '2006-12-11'),
(1015, NULL, 6, 10, 56, '2006-12-11'),
(1016, NULL, 7, 10, 56, '2006-12-11'),
(1017, NULL, 6, 10, 57, '2006-12-11'),
(1018, NULL, 7, 10, 57, '2006-12-11'),
(1022, NULL, 6, 10, 59, '2006-12-11'),
(1023, NULL, 7, 10, 59, '2006-12-11'),
(1027, NULL, 6, 10, 61, '2006-12-11'),
(1028, NULL, 7, 10, 61, '2006-12-11'),
(1029, NULL, 6, 10, 62, '2006-12-11'),
(1030, NULL, 7, 10, 62, '2006-12-11'),
(1031, NULL, 6, 10, 63, '2006-12-11'),
(1032, NULL, 7, 10, 63, '2006-12-11'),
(1045, NULL, 6, 10, 68, '2006-12-11'),
(1046, NULL, 7, 10, 68, '2006-12-11'),
(1047, NULL, 6, 10, 69, '2006-12-11'),
(1048, NULL, 7, 10, 69, '2006-12-11'),
(1049, NULL, 6, 10, 70, '2006-12-11'),
(1050, NULL, 7, 10, 70, '2006-12-11'),
(1051, NULL, 6, 10, 71, '2006-12-11'),
(1052, NULL, 7, 10, 71, '2006-12-11'),
(1053, NULL, 6, 10, 72, '2006-12-11'),
(1054, NULL, 7, 10, 72, '2006-12-11'),
(1055, NULL, 6, 10, 73, '2006-12-11'),
(1056, NULL, 7, 10, 73, '2006-12-11'),
(1057, NULL, 6, 10, 74, '2006-12-11'),
(1058, NULL, 7, 10, 74, '2006-12-11'),
(1059, NULL, 6, 10, 75, '2006-12-11'),
(1060, NULL, 7, 10, 75, '2006-12-11'),
(1061, NULL, 6, 10, 76, '2006-12-11'),
(1062, NULL, 7, 10, 76, '2006-12-11'),
(1063, NULL, 6, 10, 77, '2006-12-11'),
(1064, NULL, 7, 10, 77, '2006-12-11'),
(1065, NULL, 6, 10, 78, '2006-12-11'),
(1066, NULL, 7, 10, 78, '2006-12-11'),
(1067, NULL, 6, 10, 79, '2006-12-11'),
(1068, NULL, 7, 10, 79, '2006-12-11'),
(1069, NULL, 6, 10, 80, '2006-12-11'),
(1070, NULL, 7, 10, 80, '2006-12-11'),
(1071, NULL, 6, 10, 81, '2006-12-11'),
(1072, NULL, 7, 10, 81, '2006-12-11'),
(1073, NULL, 6, 10, 82, '2006-12-11'),
(1074, NULL, 7, 10, 82, '2006-12-11'),
(1075, NULL, 6, 10, 83, '2006-12-11'),
(1076, NULL, 7, 10, 83, '2006-12-11'),
(1077, NULL, 6, 10, 84, '2006-12-11'),
(1078, NULL, 7, 10, 84, '2006-12-11'),
(1106, NULL, 6, 10, 86, '2006-12-11'),
(1107, NULL, 7, 10, 86, '2006-12-11'),
(1108, NULL, 6, 10, 87, '2006-12-11'),
(1109, NULL, 7, 10, 87, '2006-12-11'),
(1110, NULL, 6, 10, 88, '2006-12-11'),
(1111, NULL, 7, 10, 88, '2006-12-11'),
(1112, NULL, 6, 10, 89, '2006-12-11'),
(1113, NULL, 7, 10, 89, '2006-12-11'),
(1114, NULL, 6, 10, 90, '2006-12-11'),
(1115, NULL, 7, 10, 90, '2006-12-11'),
(1116, NULL, 6, 10, 91, '2006-12-11'),
(1117, NULL, 7, 10, 91, '2006-12-11'),
(1118, NULL, 6, 10, 92, '2006-12-11'),
(1119, NULL, 7, 10, 92, '2006-12-11'),
(1120, NULL, 6, 10, 93, '2006-12-11'),
(1121, NULL, 7, 10, 93, '2006-12-11'),
(1122, NULL, 6, 10, 94, '2006-12-11'),
(1123, NULL, 7, 10, 94, '2006-12-11'),
(1124, NULL, 6, 10, 95, '2006-12-11'),
(1125, NULL, 7, 10, 95, '2006-12-11'),
(1126, NULL, 6, 10, 96, '2006-12-11'),
(1127, NULL, 7, 10, 96, '2006-12-11'),
(1128, NULL, 6, 10, 97, '2006-12-11'),
(1129, NULL, 7, 10, 97, '2006-12-11'),
(1130, NULL, 6, 10, 98, '2006-12-11'),
(1131, NULL, 7, 10, 98, '2006-12-11'),
(1132, NULL, 6, 10, 99, '2006-12-11'),
(1133, NULL, 7, 10, 99, '2006-12-11'),
(1134, NULL, 6, 10, 100, '2006-12-11'),
(1135, NULL, 7, 10, 100, '2006-12-11'),
(1136, NULL, 6, 10, 101, '2006-12-11'),
(1137, NULL, 7, 10, 101, '2006-12-11'),
(1138, NULL, 6, 10, 102, '2006-12-11'),
(1139, NULL, 7, 10, 102, '2006-12-11'),
(1140, NULL, 6, 10, 103, '2006-12-11'),
(1141, NULL, 7, 10, 103, '2006-12-11'),
(1142, NULL, 6, 10, 104, '2006-12-11'),
(1143, NULL, 7, 10, 104, '2006-12-11'),
(1144, NULL, 6, 10, 105, '2006-12-11'),
(1145, NULL, 7, 10, 105, '2006-12-11'),
(1146, NULL, 6, 10, 106, '2006-12-11'),
(1147, NULL, 7, 10, 106, '2006-12-11'),
(1148, NULL, 6, 10, 107, '2006-12-11'),
(1149, NULL, 7, 10, 107, '2006-12-11'),
(1150, NULL, 6, 10, 108, '2006-12-11'),
(1151, NULL, 7, 10, 108, '2006-12-11'),
(1158, NULL, 6, 10, 112, '2006-12-13'),
(1159, NULL, 7, 10, 112, '2006-12-13'),
(1160, NULL, 6, 10, 113, '2006-12-13'),
(1161, NULL, 7, 10, 113, '2006-12-13'),
(1162, NULL, 6, 10, 114, '2006-12-13'),
(1163, NULL, 7, 10, 114, '2006-12-13'),
(1164, NULL, 6, 10, 115, '2006-12-13'),
(1165, NULL, 7, 10, 115, '2006-12-13'),
(1166, NULL, 6, 10, 116, '2006-12-13'),
(1167, NULL, 7, 10, 116, '2006-12-13'),
(1168, NULL, 6, 10, 117, '2006-12-13'),
(1169, NULL, 7, 10, 117, '2006-12-13'),
(1170, NULL, 6, 10, 118, '2006-12-13'),
(1171, NULL, 7, 10, 118, '2006-12-13'),
(1172, NULL, 6, 10, 119, '2006-12-13'),
(1173, NULL, 7, 10, 119, '2006-12-13'),
(1176, NULL, 6, 10, 121, '2006-12-13'),
(1177, NULL, 7, 10, 121, '2006-12-13'),
(1178, NULL, 6, 10, 122, '2006-12-13'),
(1179, NULL, 7, 10, 122, '2006-12-13'),
(1180, NULL, 6, 10, 123, '2006-12-13'),
(1181, NULL, 7, 10, 123, '2006-12-13'),
(1182, NULL, 6, 10, 124, '2006-12-13'),
(1183, NULL, 7, 10, 124, '2006-12-13'),
(1186, NULL, 8, 10, 126, '2006-12-15'),
(1187, NULL, 13, 10, 126, '2006-12-15'),
(1188, NULL, 11, 10, 127, '2006-12-20'),
(1189, NULL, 6, 10, 127, '2006-12-20'),
(1190, NULL, 7, 10, 127, '2006-12-20'),
(1206, NULL, 6, 10, 133, '2006-12-21'),
(1207, NULL, 7, 10, 133, '2006-12-21'),
(1208, NULL, 6, 10, 134, '2006-12-21'),
(1209, NULL, 7, 10, 134, '2006-12-21'),
(1214, NULL, 6, 10, 64, '2006-12-22'),
(1215, NULL, 7, 10, 64, '2006-12-22'),
(1224, NULL, 6, 10, 135, '2007-04-11'),
(1225, NULL, 7, 10, 135, '2007-04-11'),
(1226, NULL, 6, 10, 136, '2007-04-11'),
(1227, NULL, 7, 10, 136, '2007-04-11'),
(1228, NULL, 6, 10, 137, '2007-04-11'),
(1229, NULL, 7, 10, 137, '2007-04-11'),
(1230, NULL, 6, 10, 138, '2007-04-11'),
(1231, NULL, 7, 10, 138, '2007-04-11'),
(1232, NULL, 6, 10, 139, '2007-04-11'),
(1233, NULL, 7, 10, 139, '2007-04-11'),
(1234, NULL, 6, 10, 140, '2007-04-11'),
(1235, NULL, 7, 10, 140, '2007-04-11'),
(1236, NULL, 6, 10, 141, '2007-04-11'),
(1237, NULL, 7, 10, 141, '2007-04-11'),
(1240, NULL, 6, 10, 142, '2007-04-11'),
(1241, NULL, 7, 10, 142, '2007-04-11'),
(1242, NULL, 6, 10, 143, '2007-04-11'),
(1243, NULL, 7, 10, 143, '2007-04-11'),
(1244, NULL, 6, 10, 144, '2007-04-11'),
(1245, NULL, 7, 10, 144, '2007-04-11'),
(1246, NULL, 6, 10, 145, '2007-04-11'),
(1247, NULL, 7, 10, 145, '2007-04-11'),
(1248, NULL, 6, 10, 146, '2007-04-11'),
(1249, NULL, 7, 10, 146, '2007-04-11'),
(1250, NULL, 6, 10, 147, '2007-04-11'),
(1251, NULL, 7, 10, 147, '2007-04-11'),
(1252, NULL, 6, 10, 148, '2007-04-11'),
(1253, NULL, 7, 10, 148, '2007-04-11'),
(1254, NULL, 6, 10, 149, '2007-04-12'),
(1255, NULL, 7, 10, 149, '2007-04-12'),
(1256, NULL, 6, 10, 150, '2007-04-12'),
(1257, NULL, 7, 10, 150, '2007-04-12'),
(1258, NULL, 6, 10, 151, '2007-04-12'),
(1259, NULL, 7, 10, 151, '2007-04-12'),
(1260, NULL, 6, 10, 152, '2007-04-12'),
(1261, NULL, 7, 10, 152, '2007-04-12'),
(1262, NULL, 6, 10, 153, '2007-04-12'),
(1263, NULL, 7, 10, 153, '2007-04-12'),
(1264, NULL, 6, 10, 154, '2007-04-12'),
(1265, NULL, 7, 10, 154, '2007-04-12'),
(1266, NULL, 6, 10, 155, '2007-04-12'),
(1267, NULL, 7, 10, 155, '2007-04-12'),
(1268, NULL, 6, 10, 156, '2007-04-12'),
(1269, NULL, 7, 10, 156, '2007-04-12'),
(1270, NULL, 6, 10, 157, '2007-04-12'),
(1271, NULL, 7, 10, 157, '2007-04-12'),
(1272, NULL, 6, 10, 158, '2007-04-12'),
(1273, NULL, 7, 10, 158, '2007-04-12'),
(1274, NULL, 6, 10, 159, '2007-04-12'),
(1275, NULL, 7, 10, 159, '2007-04-12'),
(1276, NULL, 6, 10, 160, '2007-04-12'),
(1277, NULL, 7, 10, 160, '2007-04-12'),
(1278, NULL, 6, 10, 161, '2007-04-12'),
(1279, NULL, 7, 10, 161, '2007-04-12'),
(1280, NULL, 6, 10, 162, '2007-04-12'),
(1281, NULL, 7, 10, 162, '2007-04-12'),
(1282, NULL, 6, 10, 109, '2007-04-13'),
(1283, NULL, 7, 10, 109, '2007-04-13'),
(1284, NULL, 6, 10, 163, '2007-04-13'),
(1285, NULL, 7, 10, 163, '2007-04-13'),
(1286, NULL, 6, 10, 164, '2007-04-13'),
(1287, NULL, 7, 10, 164, '2007-04-13'),
(1290, NULL, 6, 10, 110, '2007-04-13'),
(1291, NULL, 7, 10, 110, '2007-04-13'),
(1292, NULL, 6, 10, 165, '2007-04-13'),
(1293, NULL, 7, 10, 165, '2007-04-13'),
(1294, NULL, 6, 10, 166, '2007-04-13'),
(1295, NULL, 7, 10, 166, '2007-04-13'),
(1296, NULL, 6, 10, 111, '2007-04-13'),
(1297, NULL, 7, 10, 111, '2007-04-13'),
(1298, NULL, 6, 10, 167, '2007-04-13'),
(1299, NULL, 7, 10, 167, '2007-04-13'),
(1300, NULL, 6, 10, 168, '2007-04-13'),
(1301, NULL, 7, 10, 168, '2007-04-13'),
(1302, NULL, 6, 10, 169, '2007-04-13'),
(1303, NULL, 7, 10, 169, '2007-04-13'),
(1304, NULL, 6, 10, 170, '2007-04-13'),
(1305, NULL, 7, 10, 170, '2007-04-13'),
(1306, NULL, 6, 10, 171, '2007-04-13'),
(1307, NULL, 7, 10, 171, '2007-04-13'),
(1308, NULL, 6, 10, 172, '2007-04-13'),
(1309, NULL, 7, 10, 172, '2007-04-13'),
(1310, NULL, 6, 10, 173, '2007-04-13'),
(1311, NULL, 7, 10, 173, '2007-04-13'),
(1312, NULL, 6, 10, 174, '2007-04-13'),
(1313, NULL, 7, 10, 174, '2007-04-13'),
(1316, NULL, 6, 10, 175, '2007-04-13'),
(1317, NULL, 7, 10, 175, '2007-04-13'),
(1318, NULL, 6, 10, 176, '2007-04-13'),
(1319, NULL, 7, 10, 176, '2007-04-13'),
(1320, NULL, 6, 10, 177, '2007-04-13'),
(1321, NULL, 7, 10, 177, '2007-04-13'),
(1322, NULL, 6, 10, 178, '2007-04-13'),
(1323, NULL, 7, 10, 178, '2007-04-13'),
(1324, NULL, 6, 10, 179, '2007-04-13'),
(1325, NULL, 7, 10, 179, '2007-04-13'),
(1330, NULL, 6, 10, 120, '2007-04-13'),
(1331, NULL, 7, 10, 120, '2007-04-13'),
(1332, NULL, 6, 10, 180, '2007-04-13'),
(1333, NULL, 7, 10, 180, '2007-04-13'),
(1334, NULL, 6, 10, 181, '2007-04-13'),
(1335, NULL, 7, 10, 181, '2007-04-13'),
(1336, NULL, 6, 10, 182, '2007-04-13'),
(1337, NULL, 7, 10, 182, '2007-04-13'),
(1338, NULL, 6, 10, 183, '2007-04-13'),
(1339, NULL, 7, 10, 183, '2007-04-13'),
(1340, NULL, 6, 10, 184, '2007-04-13'),
(1341, NULL, 7, 10, 184, '2007-04-13'),
(1342, NULL, 6, 10, 185, '2007-04-13'),
(1343, NULL, 7, 10, 185, '2007-04-13'),
(1344, NULL, 6, 10, 186, '2007-04-13'),
(1345, NULL, 7, 10, 186, '2007-04-13'),
(1346, NULL, 6, 10, 187, '2007-04-13'),
(1347, NULL, 7, 10, 187, '2007-04-13'),
(1348, NULL, 6, 10, 188, '2007-04-13'),
(1349, NULL, 7, 10, 188, '2007-04-13'),
(1350, NULL, 6, 10, 189, '2007-04-13'),
(1351, NULL, 7, 10, 189, '2007-04-13'),
(1352, NULL, 6, 10, 190, '2007-04-13'),
(1353, NULL, 7, 10, 190, '2007-04-13'),
(1360, NULL, 11, 10, 52, '2007-05-03'),
(1361, NULL, 6, 10, 52, '2007-05-03'),
(1362, NULL, 7, 10, 52, '2007-05-03'),
(1363, NULL, 11, 10, 58, '2007-05-03'),
(1364, NULL, 6, 10, 58, '2007-05-03'),
(1365, NULL, 7, 10, 58, '2007-05-03'),
(1369, NULL, 11, 10, 67, '2007-05-03'),
(1370, NULL, 6, 10, 67, '2007-05-03'),
(1371, NULL, 7, 10, 67, '2007-05-03'),
(1372, NULL, 11, 10, 85, '2007-05-03'),
(1373, NULL, 6, 10, 85, '2007-05-03'),
(1374, NULL, 7, 10, 85, '2007-05-03'),
(1375, NULL, 11, 10, 66, '2007-05-03'),
(1376, NULL, 6, 10, 66, '2007-05-03'),
(1377, NULL, 7, 10, 66, '2007-05-03'),
(1378, NULL, 11, 10, 65, '2007-05-03'),
(1379, NULL, 6, 10, 65, '2007-05-03'),
(1380, NULL, 7, 10, 65, '2007-05-03'),
(1383, NULL, 6, 10, 193, '2007-05-17'),
(1384, NULL, 7, 10, 193, '2007-05-17'),
(1387, NULL, 6, 10, 195, '2007-05-17'),
(1388, NULL, 7, 10, 195, '2007-05-17'),
(1389, NULL, 6, 10, 196, '2007-05-17'),
(1390, NULL, 7, 10, 196, '2007-05-17'),
(1392, NULL, 11, 10, 51, '2007-05-21'),
(1393, NULL, 11, 10, 53, '2007-05-21'),
(1394, NULL, 11, 10, 54, '2007-05-21'),
(1395, NULL, 11, 10, 55, '2007-05-21'),
(1396, NULL, 11, 10, 56, '2007-05-21'),
(1397, NULL, 11, 10, 59, '2007-05-21'),
(1398, NULL, 11, 10, 61, '2007-05-21'),
(1399, NULL, 11, 10, 62, '2007-05-21'),
(1400, NULL, 11, 10, 63, '2007-05-21'),
(1401, NULL, 11, 10, 68, '2007-05-21'),
(1402, NULL, 11, 10, 69, '2007-05-21'),
(1403, NULL, 11, 10, 70, '2007-05-21'),
(1404, NULL, 11, 10, 71, '2007-05-21'),
(1405, NULL, 11, 10, 72, '2007-05-21'),
(1406, NULL, 11, 10, 73, '2007-05-21'),
(1407, NULL, 11, 10, 75, '2007-05-21'),
(1408, NULL, 11, 10, 76, '2007-05-21'),
(1409, NULL, 11, 10, 77, '2007-05-21'),
(1410, NULL, 11, 10, 80, '2007-05-21'),
(1411, NULL, 11, 10, 81, '2007-05-21'),
(1412, NULL, 11, 10, 82, '2007-05-21'),
(1413, NULL, 11, 10, 83, '2007-05-21'),
(1414, NULL, 11, 10, 84, '2007-05-21'),
(1415, NULL, 11, 10, 86, '2007-05-21'),
(1416, NULL, 11, 10, 87, '2007-05-21'),
(1417, NULL, 11, 10, 88, '2007-05-21'),
(1418, NULL, 11, 10, 89, '2007-05-21'),
(1419, NULL, 11, 10, 90, '2007-05-21'),
(1420, NULL, 11, 10, 91, '2007-05-21'),
(1421, NULL, 11, 10, 93, '2007-05-21'),
(1422, NULL, 11, 10, 94, '2007-05-21'),
(1423, NULL, 11, 10, 95, '2007-05-21'),
(1424, NULL, 11, 10, 96, '2007-05-21'),
(1425, NULL, 11, 10, 97, '2007-05-21'),
(1426, NULL, 11, 10, 98, '2007-05-21'),
(1427, NULL, 11, 10, 100, '2007-05-21'),
(1428, NULL, 11, 10, 101, '2007-05-21'),
(1429, NULL, 11, 10, 102, '2007-05-21'),
(1430, NULL, 11, 10, 103, '2007-05-21'),
(1431, NULL, 11, 10, 104, '2007-05-21'),
(1432, NULL, 11, 10, 105, '2007-05-21'),
(1433, NULL, 11, 10, 106, '2007-05-21'),
(1434, NULL, 11, 10, 107, '2007-05-21'),
(1435, NULL, 11, 10, 108, '2007-05-21'),
(1436, NULL, 11, 10, 109, '2007-05-21'),
(1437, NULL, 11, 10, 110, '2007-05-21'),
(1438, NULL, 11, 10, 111, '2007-05-21'),
(1439, NULL, 11, 10, 112, '2007-05-21'),
(1440, NULL, 11, 10, 113, '2007-05-21'),
(1441, NULL, 11, 10, 114, '2007-05-21'),
(1442, NULL, 11, 10, 115, '2007-05-21'),
(1443, NULL, 11, 10, 116, '2007-05-21'),
(1444, NULL, 11, 10, 117, '2007-05-21'),
(1445, NULL, 11, 10, 118, '2007-05-21'),
(1446, NULL, 11, 10, 119, '2007-05-21'),
(1447, NULL, 11, 10, 120, '2007-05-21'),
(1448, NULL, 11, 10, 121, '2007-05-21'),
(1449, NULL, 11, 10, 122, '2007-05-21'),
(1450, NULL, 11, 10, 123, '2007-05-21'),
(1451, NULL, 11, 10, 124, '2007-05-21'),
(1452, NULL, 11, 10, 135, '2007-05-21'),
(1453, NULL, 11, 10, 136, '2007-05-21'),
(1454, NULL, 11, 10, 137, '2007-05-21'),
(1455, NULL, 11, 10, 138, '2007-05-21'),
(1456, NULL, 11, 10, 139, '2007-05-21'),
(1457, NULL, 11, 10, 140, '2007-05-21'),
(1458, NULL, 11, 10, 141, '2007-05-21'),
(1459, NULL, 11, 10, 142, '2007-05-21'),
(1460, NULL, 11, 10, 143, '2007-05-21'),
(1461, NULL, 11, 10, 144, '2007-05-21'),
(1462, NULL, 11, 10, 145, '2007-05-21'),
(1463, NULL, 11, 10, 146, '2007-05-21'),
(1464, NULL, 11, 10, 147, '2007-05-21'),
(1465, NULL, 11, 10, 148, '2007-05-21'),
(1466, NULL, 11, 10, 149, '2007-05-21'),
(1467, NULL, 11, 10, 150, '2007-05-21'),
(1468, NULL, 11, 10, 151, '2007-05-21'),
(1469, NULL, 11, 10, 152, '2007-05-21'),
(1470, NULL, 11, 10, 153, '2007-05-21'),
(1471, NULL, 11, 10, 154, '2007-05-21'),
(1472, NULL, 11, 10, 155, '2007-05-21'),
(1473, NULL, 11, 10, 156, '2007-05-21'),
(1474, NULL, 11, 10, 157, '2007-05-21'),
(1475, NULL, 11, 10, 158, '2007-05-21'),
(1476, NULL, 11, 10, 159, '2007-05-21'),
(1477, NULL, 11, 10, 160, '2007-05-21'),
(1478, NULL, 11, 10, 161, '2007-05-21'),
(1479, NULL, 11, 10, 162, '2007-05-21'),
(1480, NULL, 11, 10, 163, '2007-05-21'),
(1481, NULL, 11, 10, 164, '2007-05-21'),
(1482, NULL, 11, 10, 165, '2007-05-21'),
(1483, NULL, 11, 10, 166, '2007-05-21'),
(1484, NULL, 11, 10, 167, '2007-05-21'),
(1485, NULL, 11, 10, 168, '2007-05-21'),
(1486, NULL, 11, 10, 169, '2007-05-21'),
(1487, NULL, 11, 10, 170, '2007-05-21'),
(1488, NULL, 11, 10, 171, '2007-05-21'),
(1489, NULL, 11, 10, 172, '2007-05-21'),
(1490, NULL, 11, 10, 173, '2007-05-21'),
(1491, NULL, 11, 10, 174, '2007-05-21'),
(1492, NULL, 11, 10, 175, '2007-05-21'),
(1493, NULL, 11, 10, 176, '2007-05-21'),
(1494, NULL, 11, 10, 177, '2007-05-21'),
(1495, NULL, 11, 10, 178, '2007-05-21'),
(1496, NULL, 11, 10, 179, '2007-05-21'),
(1497, NULL, 11, 10, 180, '2007-05-21'),
(1498, NULL, 11, 10, 181, '2007-05-21'),
(1499, NULL, 11, 10, 182, '2007-05-21'),
(1500, NULL, 11, 10, 183, '2007-05-21'),
(1501, NULL, 11, 10, 184, '2007-05-21'),
(1502, NULL, 11, 10, 185, '2007-05-21'),
(1503, NULL, 11, 10, 186, '2007-05-21'),
(1504, NULL, 11, 10, 187, '2007-05-21'),
(1505, NULL, 11, 10, 188, '2007-05-21'),
(1506, NULL, 11, 10, 189, '2007-05-21'),
(1507, NULL, 11, 10, 190, '2007-05-21'),
(1516, NULL, 6, 10, 197, '2007-05-31'),
(1517, NULL, 7, 10, 197, '2007-05-31'),
(1518, NULL, 6, 10, 198, '2007-05-31'),
(1519, NULL, 7, 10, 198, '2007-05-31'),
(1520, NULL, 6, 10, 199, '2007-05-31'),
(1521, NULL, 7, 10, 199, '2007-05-31'),
(1522, NULL, 6, 10, 200, '2007-05-31'),
(1523, NULL, 7, 10, 200, '2007-05-31'),
(1524, NULL, 6, 10, 201, '2007-05-31'),
(1525, NULL, 7, 10, 201, '2007-05-31'),
(1526, NULL, 6, 10, 202, '2007-05-31'),
(1527, NULL, 7, 10, 202, '2007-05-31'),
(1528, NULL, 6, 10, 203, '2007-05-31'),
(1529, NULL, 7, 10, 203, '2007-05-31'),
(1530, NULL, 6, 10, 204, '2007-05-31'),
(1531, NULL, 7, 10, 204, '2007-05-31'),
(1532, NULL, 6, 10, 205, '2007-05-31'),
(1533, NULL, 7, 10, 205, '2007-05-31'),
(1534, NULL, 6, 10, 206, '2007-05-31'),
(1535, NULL, 7, 10, 206, '2007-05-31'),
(1536, NULL, 6, 10, 207, '2007-05-31'),
(1537, NULL, 7, 10, 207, '2007-05-31'),
(1538, NULL, 6, 10, 208, '2007-05-31'),
(1539, NULL, 7, 10, 208, '2007-05-31'),
(1540, NULL, 6, 10, 209, '2007-05-31'),
(1541, NULL, 7, 10, 209, '2007-05-31'),
(1542, NULL, 6, 10, 210, '2007-05-31'),
(1543, NULL, 7, 10, 210, '2007-05-31'),
(1544, NULL, 6, 10, 211, '2007-05-31'),
(1545, NULL, 7, 10, 211, '2007-05-31'),
(1550, NULL, 6, 10, 214, '2007-05-31'),
(1551, NULL, 7, 10, 214, '2007-05-31'),
(1552, NULL, 6, 10, 215, '2007-05-31'),
(1553, NULL, 7, 10, 215, '2007-05-31'),
(1554, NULL, 6, 10, 216, '2007-06-08'),
(1555, NULL, 7, 10, 216, '2007-06-08'),
(1556, NULL, 6, 10, 217, '2007-06-08'),
(1557, NULL, 7, 10, 217, '2007-06-08'),
(1558, NULL, 6, 10, 218, '2007-06-08'),
(1559, NULL, 7, 10, 218, '2007-06-08'),
(1560, NULL, 6, 10, 219, '2007-06-08'),
(1561, NULL, 7, 10, 219, '2007-06-08'),
(1564, NULL, 6, 10, 221, '2007-06-08'),
(1565, NULL, 7, 10, 221, '2007-06-08'),
(1566, NULL, 6, 10, 222, '2007-06-08'),
(1567, NULL, 7, 10, 222, '2007-06-08'),
(1570, NULL, 6, 10, 213, '2007-06-14'),
(1571, NULL, 7, 10, 213, '2007-06-14'),
(1572, NULL, 6, 10, 192, '2007-06-14'),
(1573, NULL, 7, 10, 192, '2007-06-14'),
(1576, NULL, 6, 10, 194, '2007-06-14'),
(1577, NULL, 7, 10, 194, '2007-06-14'),
(1578, NULL, 6, 10, 212, '2007-06-14'),
(1579, NULL, 7, 10, 212, '2007-06-14'),
(1580, NULL, 6, 10, 223, '2007-06-14'),
(1581, NULL, 7, 10, 223, '2007-06-14'),
(1582, NULL, 6, 10, 224, '2007-06-14'),
(1583, NULL, 7, 10, 224, '2007-06-14'),
(1584, NULL, 6, 10, 225, '2007-06-14'),
(1585, NULL, 7, 10, 225, '2007-06-14'),
(1586, NULL, 6, 10, 226, '2007-06-14'),
(1587, NULL, 7, 10, 226, '2007-06-14'),
(1588, NULL, 6, 10, 227, '2007-06-14'),
(1589, NULL, 7, 10, 227, '2007-06-14'),
(1590, NULL, 6, 10, 228, '2007-06-14'),
(1591, NULL, 7, 10, 228, '2007-06-14'),
(1592, NULL, 6, 10, 229, '2007-06-14'),
(1593, NULL, 7, 10, 229, '2007-06-14'),
(1596, NULL, 6, 10, 231, '2007-07-13'),
(1597, NULL, 7, 10, 231, '2007-07-13'),
(1598, NULL, 6, 10, 232, '2007-07-13'),
(1599, NULL, 7, 10, 232, '2007-07-13'),
(1600, NULL, 6, 10, 233, '2007-07-20'),
(1601, NULL, 7, 10, 233, '2007-07-20'),
(1602, NULL, 6, 10, 234, '2007-07-20'),
(1603, NULL, 7, 10, 234, '2007-07-20'),
(1604, NULL, 6, 10, 235, '2007-07-20'),
(1605, NULL, 7, 10, 235, '2007-07-20'),
(1606, NULL, 6, 10, 236, '2007-07-20'),
(1607, NULL, 7, 10, 236, '2007-07-20'),
(1609, NULL, 6, 10, 239, '2007-08-31'),
(1610, NULL, 6, 10, 240, '2007-08-31'),
(1611, NULL, 6, 10, 241, '2007-08-31'),
(1612, NULL, 6, 10, 242, '2007-08-31'),
(1614, NULL, 6, 10, 244, '2007-08-31'),
(1617, NULL, 6, 10, 247, '2007-08-31'),
(1628, NULL, 7, 10, 239, '2007-08-31'),
(1629, NULL, 7, 10, 240, '2007-08-31'),
(1630, NULL, 7, 10, 241, '2007-08-31'),
(1631, NULL, 7, 10, 242, '2007-08-31'),
(1633, NULL, 7, 10, 244, '2007-08-31'),
(1636, NULL, 7, 10, 247, '2007-08-31'),
(1647, NULL, 6, 10, 257, '2007-09-13'),
(1648, NULL, 7, 10, 257, '2007-09-13'),
(1649, NULL, 6, 10, 258, '2007-09-13'),
(1650, NULL, 7, 10, 258, '2007-09-13'),
(1651, NULL, 6, 10, 259, '2007-09-13'),
(1652, NULL, 7, 10, 259, '2007-09-13'),
(1653, NULL, 6, 10, 260, '2007-09-13'),
(1654, NULL, 7, 10, 260, '2007-09-13'),
(1655, NULL, 6, 10, 261, '2007-09-13'),
(1656, NULL, 7, 10, 261, '2007-09-13'),
(1659, NULL, 11, 10, 249, '2007-11-16'),
(1660, NULL, 6, 10, 249, '2007-11-16'),
(1661, NULL, 7, 10, 249, '2007-11-16'),
(1662, NULL, 11, 10, 245, '2007-11-16'),
(1663, NULL, 6, 10, 245, '2007-11-16'),
(1664, NULL, 7, 10, 245, '2007-11-16'),
(1665, NULL, 11, 10, 250, '2007-11-16'),
(1666, NULL, 6, 10, 250, '2007-11-16'),
(1667, NULL, 7, 10, 250, '2007-11-16'),
(1668, NULL, 11, 10, 251, '2007-11-16'),
(1669, NULL, 6, 10, 251, '2007-11-16'),
(1670, NULL, 7, 10, 251, '2007-11-16'),
(1671, NULL, 11, 10, 252, '2007-11-16'),
(1672, NULL, 6, 10, 252, '2007-11-16'),
(1673, NULL, 7, 10, 252, '2007-11-16'),
(1674, NULL, 11, 10, 253, '2007-11-16'),
(1675, NULL, 6, 10, 253, '2007-11-16'),
(1676, NULL, 7, 10, 253, '2007-11-16'),
(1677, NULL, 11, 10, 254, '2007-11-16'),
(1678, NULL, 6, 10, 254, '2007-11-16'),
(1679, NULL, 7, 10, 254, '2007-11-16'),
(1680, NULL, 11, 10, 255, '2007-11-16'),
(1681, NULL, 6, 10, 255, '2007-11-16'),
(1682, NULL, 7, 10, 255, '2007-11-16'),
(1683, NULL, 11, 10, 256, '2007-11-16'),
(1684, NULL, 6, 10, 256, '2007-11-16'),
(1685, NULL, 7, 10, 256, '2007-11-16'),
(1686, NULL, 11, 10, 246, '2007-11-16'),
(1687, NULL, 6, 10, 246, '2007-11-16'),
(1688, NULL, 7, 10, 246, '2007-11-16'),
(1689, NULL, 11, 10, 248, '2007-11-16'),
(1690, NULL, 6, 10, 248, '2007-11-16'),
(1691, NULL, 7, 10, 248, '2007-11-16'),
(1701, NULL, 11, 10, 263, '2007-11-16'),
(1702, NULL, 6, 10, 263, '2007-11-16'),
(1703, NULL, 7, 10, 263, '2007-11-16'),
(1704, NULL, 11, 10, 264, '2007-11-16'),
(1705, NULL, 6, 10, 264, '2007-11-16'),
(1706, NULL, 7, 10, 264, '2007-11-16'),
(1707, NULL, 11, 10, 265, '2007-11-16'),
(1708, NULL, 6, 10, 265, '2007-11-16'),
(1709, NULL, 7, 10, 265, '2007-11-16'),
(1710, NULL, 11, 10, 266, '2007-11-16'),
(1711, NULL, 6, 10, 266, '2007-11-16'),
(1712, NULL, 7, 10, 266, '2007-11-16'),
(1713, NULL, 11, 10, 243, '2007-11-16'),
(1714, NULL, 6, 10, 243, '2007-11-16'),
(1715, NULL, 7, 10, 243, '2007-11-16'),
(1716, NULL, 11, 10, 238, '2007-11-16'),
(1717, NULL, 6, 10, 238, '2007-11-16'),
(1718, NULL, 7, 10, 238, '2007-11-16'),
(1719, NULL, 11, 10, 262, '2007-11-16'),
(1720, NULL, 6, 10, 262, '2007-11-16'),
(1721, NULL, 7, 10, 262, '2007-11-16'),
(1722, NULL, 11, 10, 267, '2007-11-16'),
(1723, NULL, 6, 10, 267, '2007-11-16'),
(1724, NULL, 7, 10, 267, '2007-11-16'),
(1725, NULL, 11, 10, 268, '2007-11-16'),
(1726, NULL, 6, 10, 268, '2007-11-16'),
(1727, NULL, 7, 10, 268, '2007-11-16'),
(1728, NULL, 6, 12, 269, '2008-01-17'),
(1729, NULL, 6, 12, 270, '2008-01-17'),
(1730, NULL, 6, 12, 272, '2008-01-17'),
(1731, NULL, 6, 12, 271, '2008-01-17'),
(1732, NULL, 7, 12, 269, '2008-01-17'),
(1733, NULL, 6, 10, 273, '2008-01-24'),
(1734, NULL, 7, 10, 273, '2008-01-24'),
(1735, NULL, 6, 10, 220, '2008-01-24'),
(1736, NULL, 7, 10, 220, '2008-01-24'),
(1741, NULL, 6, 10, 274, '2008-01-24'),
(1742, NULL, 7, 10, 274, '2008-01-24'),
(1743, NULL, 6, 10, 230, '2008-01-24'),
(1744, NULL, 7, 10, 230, '2008-01-24'),
(1745, NULL, 6, 10, 275, '2008-01-24'),
(1746, NULL, 7, 10, 275, '2008-01-24'),
(1756, NULL, 11, 10, 276, '2008-01-24'),
(1757, NULL, 6, 10, 276, '2008-01-24'),
(1758, NULL, 7, 10, 276, '2008-01-24'),
(1759, NULL, 11, 10, 277, '2008-01-24'),
(1760, NULL, 6, 10, 277, '2008-01-24'),
(1761, NULL, 7, 10, 277, '2008-01-24'),
(1762, NULL, 11, 10, 192, '2008-01-24'),
(1763, NULL, 11, 10, 212, '2008-01-24'),
(1764, NULL, 11, 10, 214, '2008-01-24'),
(1765, NULL, 11, 10, 216, '2008-01-24'),
(1766, NULL, 11, 10, 218, '2008-01-24'),
(1767, NULL, 11, 10, 193, '2008-01-24'),
(1768, NULL, 11, 10, 194, '2008-01-24'),
(1769, NULL, 11, 10, 195, '2008-01-24'),
(1770, NULL, 11, 10, 196, '2008-01-24'),
(1771, NULL, 11, 10, 199, '2008-01-24'),
(1772, NULL, 11, 10, 200, '2008-01-24'),
(1773, NULL, 11, 10, 201, '2008-01-24'),
(1774, NULL, 11, 10, 202, '2008-01-24'),
(1775, NULL, 11, 10, 203, '2008-01-24'),
(1776, NULL, 11, 10, 204, '2008-01-24'),
(1777, NULL, 11, 10, 205, '2008-01-24'),
(1778, NULL, 11, 10, 206, '2008-01-24'),
(1779, NULL, 11, 10, 211, '2008-01-24'),
(1780, NULL, 11, 10, 213, '2008-01-24'),
(1781, NULL, 11, 10, 215, '2008-01-24'),
(1782, NULL, 11, 10, 217, '2008-01-24'),
(1783, NULL, 11, 10, 219, '2008-01-24'),
(1784, NULL, 11, 10, 223, '2008-01-24'),
(1785, NULL, 11, 10, 224, '2008-01-24'),
(1786, NULL, 11, 10, 225, '2008-01-24'),
(1787, NULL, 11, 10, 226, '2008-01-24'),
(1788, NULL, 11, 10, 227, '2008-01-24'),
(1789, NULL, 11, 10, 228, '2008-01-24'),
(1790, NULL, 11, 10, 229, '2008-01-24'),
(1791, NULL, 11, 10, 257, '2008-01-24'),
(1792, NULL, 11, 10, 258, '2008-01-24'),
(1793, NULL, 11, 10, 259, '2008-01-24'),
(1794, NULL, 11, 10, 260, '2008-01-24'),
(1795, NULL, 11, 10, 261, '2008-01-24'),
(1796, NULL, 11, 10, 273, '2008-01-24'),
(1797, NULL, 11, 10, 221, '2008-01-24'),
(1798, NULL, 11, 10, 278, '2008-01-24'),
(1799, NULL, 11, 10, 279, '2008-01-24'),
(1800, NULL, 11, 10, 280, '2008-01-24'),
(1801, NULL, 11, 10, 220, '2008-01-24'),
(1802, NULL, 11, 10, 222, '2008-01-24'),
(1803, NULL, 11, 10, 230, '2008-01-24'),
(1804, NULL, 11, 10, 231, '2008-01-24'),
(1805, NULL, 11, 10, 232, '2008-01-24'),
(1806, NULL, 11, 10, 233, '2008-01-24'),
(1807, NULL, 11, 10, 234, '2008-01-24'),
(1808, NULL, 11, 10, 235, '2008-01-24'),
(1809, NULL, 11, 10, 236, '2008-01-24'),
(1810, NULL, 11, 10, 274, '2008-01-24'),
(1811, NULL, 11, 10, 275, '2008-01-24'),
(1812, NULL, 11, 10, 60, '2008-04-28'),
(1813, NULL, 6, 10, 60, '2008-04-28'),
(1814, NULL, 7, 10, 60, '2008-04-28');

-- --------------------------------------------------------

--
-- Table structure for table `csm_user_pe`
--

CREATE TABLE IF NOT EXISTS `csm_user_pe1` (
  `user_protection_element_id` bigint(20) NOT NULL auto_increment,
  `protection_element_id` bigint(20) NOT NULL,
  `user_id` bigint(20) NOT NULL,
  `update_date` date NOT NULL default '0000-00-00',
  PRIMARY KEY  (`user_protection_element_id`),
  UNIQUE KEY `uq_user_protection_element_protection_element_id` (`user_id`,`protection_element_id`),
  KEY `idx_user_id` (`user_id`),
  KEY `idx_protection_element_id` (`protection_element_id`)
) ENGINE=InnoDB DEFAULT CHARSET=latin1 AUTO_INCREMENT=52 ;

--
-- Dumping data for table `csm_user_pe`
--

INSERT INTO `csm_user_pe1` (`user_protection_element_id`, `protection_element_id`, `user_id`, `update_date`) VALUES
(10, 1, 38, '2006-07-24'),
(50, 2, 51, '2007-05-02'),
(51, 2, 35, '2007-05-02');
