<?xml version="1.0" encoding="UTF-8"?>
<jndiConfig xmlns="http://wsrf.globus.org/jndi/config">
  <service name="SERVICE-INSTANCE-PREFIX/CaNanoLabService">
    <resource name="configuration" type="gov.nih.nci.cagrid.cananolab.service.globus.resource.CaNanoLabServiceResourceConfiguration">
      <resourceParams>
        <parameter>
          <name>factory</name>
          <value>org.globus.wsrf.jndi.BeanFactory</value>
        </parameter>
        <parameter>
          <name>performRegistration</name>
          <!-- Set this to false to skip ServiceGroup registration -->
          <value>PERFORM_REGISTRATION</value>
        </parameter>
        <parameter>
          <name>registrationTemplateFile</name>
          <!-- Set this to the relative path (from the container root, e.g GLOBUS_LOCATION for globus container) of the registration parameters template file (ignored if performRegistration is false) -->
          <value>ETC-PATH/CaNanoLabService_registration.xml</value>
        </parameter>
        <parameter>
          <name>domainModelFile</name>
          <!-- Set this to the relative path (from the container root, e.g GLOBUS_LOCATION for globus container) of the domainModel extract -->
          <value>ETC-PATH/domainModel.xml</value>
        </parameter>
        <parameter>
          <name>serviceMetadataFile</name>
          <!-- Set this to the relative path (from the container root, e.g GLOBUS_LOCATION for globus container) of the serviceMetadata extract -->
          <value>ETC-PATH/serviceMetadata.xml</value>
        </parameter>
      </resourceParams>
    </resource>
    <resource name="serviceconfiguration" type="gov.nih.nci.cagrid.cananolab.service.CaNanoLabServiceConfiguration">
      <resourceParams>
        <parameter>
          <name>factory</name>
          <value>org.globus.wsrf.jndi.BeanFactory</value>
        </parameter>
        <parameter>
          <name>etcDirectoryPath</name>
          <value>ETC-PATH</value>
        </parameter>
        <parameter>
          <name>queryProcessorClass</name>
          <value>@queryProcessorClass@</value>
        </parameter>
        <parameter>
          <name>sdk4Style_beansJarFileName</name>
          <value>@sdk4Style_beansJarFileName@</value>
        </parameter>
        <parameter>
          <name>cqlQueryProcessorConfig_applicationName</name>
          <value>@cqlQueryProcessorConfig_applicationName@</value>
        </parameter>
        <parameter>
          <name>cqlQueryProcessorConfig_queryCaseInsensitive</name>
          <value>@cqlQueryProcessorConfig_queryCaseInsensitive@</value>
        </parameter>
        <parameter>
          <name>cqlQueryProcessorConfig_useLocalApiFlag</name>
          <value>@cqlQueryProcessorConfig_useLocalApiFlag@</value>
        </parameter>
        <parameter>
          <name>cqlQueryProcessorConfig_ormJarName</name>
          <value>@cqlQueryProcessorConfig_ormJarName@</value>
        </parameter>
        <parameter>
          <name>cqlQueryProcessorConfig_applicationHostName</name>
          <value>@cqlQueryProcessorConfig_applicationHostName@</value>
        </parameter>
        <parameter>
          <name>cqlQueryProcessorConfig_applicationHostPort</name>
          <value>@cqlQueryProcessorConfig_applicationHostPort@</value>
        </parameter>
        <parameter>
          <name>cqlQueryProcessorConfig_useServiceLogin</name>
          <value>@cqlQueryProcessorConfig_useServiceLogin@</value>
        </parameter>
        <parameter>
          <name>cqlQueryProcessorConfig_useGridIdentityLogin</name>
          <value>@cqlQueryProcessorConfig_useGridIdentityLogin@</value>
        </parameter>
        <parameter>
          <name>cqlQueryProcessorConfig_staticLoginUsername</name>
          <value>@cqlQueryProcessorConfig_staticLoginUsername@</value>
        </parameter>
        <parameter>
          <name>cqlQueryProcessorConfig_staticLoginPassword</name>
          <value>@cqlQueryProcessorConfig_staticLoginPassword@</value>
        </parameter>
        <parameter>
          <name>serverConfigLocation</name>
          <value>ETC-PATH/@serverConfigLocation@</value>
        </parameter>
        <parameter>
          <name>dataService_cqlValidatorClass</name>
          <value>@dataService_cqlValidatorClass@</value>
        </parameter>
        <parameter>
          <name>dataService_domainModelValidatorClass</name>
          <value>@dataService_domainModelValidatorClass@</value>
        </parameter>
        <parameter>
          <name>dataService_validateCqlFlag</name>
          <value>@dataService_validateCqlFlag@</value>
        </parameter>
        <parameter>
          <name>dataService_validateDomainModelFlag</name>
          <value>@dataService_validateDomainModelFlag@</value>
        </parameter>
        <parameter>
          <name>dataService_classMappingsFilename</name>
          <value>ETC-PATH/@dataService_classMappingsFilename@</value>
        </parameter>
        <parameter>
          <name>cqlQueryProcessorConfig_domainTypesInfoFilename</name>
          <value>ETC-PATH/@cqlQueryProcessorConfig_domainTypesInfoFilename@</value>
        </parameter>
      </resourceParams>
    </resource>
    <resource name="home" type="gov.nih.nci.cagrid.cananolab.service.globus.resource.CaNanoLabServiceResourceHome">
      <resourceParams>
        <parameter>
          <name>factory</name>
          <value>org.globus.wsrf.jndi.BeanFactory</value>
        </parameter>
      </resourceParams>
    </resource>
  </service>
</jndiConfig>

