--update ones without lot id
update (select * from sample_container a, sample b where a.sample_pk_id=b.sample_pk_id and is_derived='false' and instr(sample_name, '-', -1)=4) set name=sample_name||'-0-'||name;

--update ones with lot id
update (select * from sample_container a, sample b where a.sample_pk_id=b.sample_pk_id and is_derived='false' and instr(sample_name, '-', -1)>4) set name=sample_name||'-'||name;

-- insert new data

   -- should be removed late
Insert into CSM_USER
   (USER_ID, LOGIN_NAME, FIRST_NAME, LAST_NAME, PASSWORD, UPDATE_DATE)
 Values
   (38, 'superadmin', 'Super', 'Doe', 'W6ph5Mm5Pz8GgiULbPgzG37mj9g=', TO_DATE('07/24/2006 00:00:00', 'MM/DD/YYYY HH24:MI:SS'));
Insert into CSM_USER
   (USER_ID, LOGIN_NAME, FIRST_NAME, LAST_NAME, PASSWORD, UPDATE_DATE)
 Values
   (35, 'admin', 'Admin', 'Doe', 'W6ph5Mm5Pz8GgiULbPgzG37mj9g=', TO_DATE('07/24/2006 00:00:00', 'MM/DD/YYYY HH24:MI:SS'));

INSERT INTO CSM_USER ( USER_ID, LOGIN_NAME, FIRST_NAME, LAST_NAME, ORGANIZATION, DEPARTMENT, TITLE,
PHONE_NUMBER, PASSWORD, EMAIL_ID, START_DATE, END_DATE, UPDATE_DATE ) VALUES ( 
50, 'vendordoe', 'Vendor', 'Doe', NULL, NULL, NULL, NULL, 'W6ph5Mm5Pz8GgiULbPgzG37mj9g='
, NULL, NULL, NULL,  TO_Date( '08/02/2006 12:00:00 AM', 'MM/DD/YYYY HH:MI:SS AM')); 

 
INSERT INTO CSM_USER ( USER_ID, LOGIN_NAME, FIRST_NAME, LAST_NAME, ORGANIZATION, DEPARTMENT, TITLE,
PHONE_NUMBER, PASSWORD, EMAIL_ID, START_DATE, END_DATE, UPDATE_DATE ) VALUES ( 
33, 'janedoe', 'Jane', 'Doe', NULL, NULL, NULL, NULL, 'W6ph5Mm5Pz8GgiULbPgzG37mj9g='
, NULL, NULL, NULL,  TO_Date( '07/07/2006 12:00:00 AM', 'MM/DD/YYYY HH:MI:SS AM')); 

INSERT INTO CSM_USER ( USER_ID, LOGIN_NAME, FIRST_NAME, LAST_NAME, ORGANIZATION, DEPARTMENT, TITLE,
PHONE_NUMBER, PASSWORD, EMAIL_ID, START_DATE, END_DATE, UPDATE_DATE ) VALUES ( 
37, 'ccnedoe', 'Ccne', 'Doe', NULL, NULL, NULL, NULL, 'W6ph5Mm5Pz8GgiULbPgzG37mj9g='
, NULL, NULL, NULL,  TO_Date( '07/14/2006 12:00:00 AM', 'MM/DD/YYYY HH:MI:SS AM')); 

INSERT INTO CSM_USER ( USER_ID, LOGIN_NAME, FIRST_NAME, LAST_NAME, ORGANIZATION, DEPARTMENT, TITLE,
PHONE_NUMBER, PASSWORD, EMAIL_ID, START_DATE, END_DATE, UPDATE_DATE ) VALUES ( 
32, 'johndoe', 'John', 'Doe', NULL, NULL, NULL, NULL, 'W6ph5Mm5Pz8GgiULbPgzG37mj9g='
, NULL, NULL, NULL,  TO_Date( '07/07/2006 12:00:00 AM', 'MM/DD/YYYY HH:MI:SS AM')); 

-- Recreate the sequence

DROP SEQUENCE CSM_USER_USER_ID_SEQ;
CREATE SEQUENCE CSM_USER_USER_ID_SEQ
increment by 1
start with 51
NOMAXVALUE
minvalue 1
nocycle
nocache
noorder;

 

-- both ABCC and download center need
Insert into CSM_ROLE
   (ROLE_ID, ROLE_NAME, ROLE_DESCRIPTION, APPLICATION_ID, ACTIVE_FLAG, UPDATE_DATE)
 Values
   (9, 'CARUD', 'create access read update delete', 2, 1, TO_DATE('07/11/2006 00:00:00', 'MM/DD/YYYY HH24:MI:SS'));
Insert into CSM_ROLE
   (ROLE_ID, ROLE_NAME, ROLE_DESCRIPTION, APPLICATION_ID, ACTIVE_FLAG, UPDATE_DATE)
 Values
   (4, 'CARU', 'create access read update', 2, 1, TO_DATE('07/11/2006 00:00:00', 'MM/DD/YYYY HH24:MI:SS'));
Insert into CSM_ROLE
   (ROLE_ID, ROLE_NAME, ROLE_DESCRIPTION, APPLICATION_ID, ACTIVE_FLAG, UPDATE_DATE)
 Values
   (10, 'R', 'read only', 2, 1, TO_DATE('08/02/2006 00:00:00', 'MM/DD/YYYY HH24:MI:SS'));
Insert into CSM_ROLE
   (ROLE_ID, ROLE_NAME, ROLE_DESCRIPTION, APPLICATION_ID, ACTIVE_FLAG, UPDATE_DATE)
 Values
   (7, 'E', 'execute only', 2, 1, TO_DATE('07/11/2006 00:00:00', 'MM/DD/YYYY HH24:MI:SS'));
Insert into CSM_ROLE
   (ROLE_ID, ROLE_NAME, ROLE_DESCRIPTION, APPLICATION_ID, ACTIVE_FLAG, UPDATE_DATE)
 Values
   (5, 'AR', 'acess read', 2, 1, TO_DATE('07/11/2006 00:00:00', 'MM/DD/YYYY HH24:MI:SS'));
Insert into CSM_ROLE
   (ROLE_ID, ROLE_NAME, ROLE_DESCRIPTION, APPLICATION_ID, ACTIVE_FLAG, UPDATE_DATE)
 Values
   (8, 'D', 'delete only', 2, 1, TO_DATE('07/11/2006 00:00:00', 'MM/DD/YYYY HH24:MI:SS'));

-- Recreate the sequence

DROP SEQUENCE CSM_ROLE_ROLE_ID_SEQ;
CREATE SEQUENCE CSM_ROLE_ROLE_ID_SEQ
increment by 1
start with 50
NOMAXVALUE
minvalue 1
nocycle
nocache
noorder;


-- both ABCC and download center need
Insert into CSM_ROLE_PRIVILEGE
   (ROLE_PRIVILEGE_ID, ROLE_ID, PRIVILEGE_ID, UPDATE_DATE)
 Values
   (19, 9, 6, TO_DATE('07/11/2006 13:14:51', 'MM/DD/YYYY HH24:MI:SS'));
Insert into CSM_ROLE_PRIVILEGE
   (ROLE_PRIVILEGE_ID, ROLE_ID, PRIVILEGE_ID, UPDATE_DATE)
 Values
   (20, 9, 2, TO_DATE('07/11/2006 13:14:51', 'MM/DD/YYYY HH24:MI:SS'));
Insert into CSM_ROLE_PRIVILEGE
   (ROLE_PRIVILEGE_ID, ROLE_ID, PRIVILEGE_ID, UPDATE_DATE)
 Values
   (21, 9, 4, TO_DATE('07/11/2006 13:14:51', 'MM/DD/YYYY HH24:MI:SS'));
Insert into CSM_ROLE_PRIVILEGE
   (ROLE_PRIVILEGE_ID, ROLE_ID, PRIVILEGE_ID, UPDATE_DATE)
 Values
   (22, 9, 1, TO_DATE('07/11/2006 13:14:51', 'MM/DD/YYYY HH24:MI:SS'));
Insert into CSM_ROLE_PRIVILEGE
   (ROLE_PRIVILEGE_ID, ROLE_ID, PRIVILEGE_ID, UPDATE_DATE)
 Values
   (23, 9, 5, TO_DATE('07/11/2006 13:14:51', 'MM/DD/YYYY HH24:MI:SS'));
Insert into CSM_ROLE_PRIVILEGE
   (ROLE_PRIVILEGE_ID, ROLE_ID, PRIVILEGE_ID, UPDATE_DATE)
 Values
   (24, 9, 3, TO_DATE('07/11/2006 13:14:51', 'MM/DD/YYYY HH24:MI:SS'));
Insert into CSM_ROLE_PRIVILEGE
   (ROLE_PRIVILEGE_ID, ROLE_ID, PRIVILEGE_ID, UPDATE_DATE)
 Values
   (25, 9, 7, TO_DATE('07/11/2006 13:14:51', 'MM/DD/YYYY HH24:MI:SS'));
Insert into CSM_ROLE_PRIVILEGE
   (ROLE_PRIVILEGE_ID, ROLE_ID, PRIVILEGE_ID, UPDATE_DATE)
 Values
   (16, 5, 3, TO_DATE('07/10/2006 11:30:51', 'MM/DD/YYYY HH24:MI:SS'));
Insert into CSM_ROLE_PRIVILEGE
   (ROLE_PRIVILEGE_ID, ROLE_ID, PRIVILEGE_ID, UPDATE_DATE)
 Values
   (17, 5, 2, TO_DATE('07/10/2006 11:30:51', 'MM/DD/YYYY HH24:MI:SS'));
Insert into CSM_ROLE_PRIVILEGE
   (ROLE_PRIVILEGE_ID, ROLE_ID, PRIVILEGE_ID, UPDATE_DATE)
 Values
   (11, 4, 2, TO_DATE('07/10/2006 11:30:28', 'MM/DD/YYYY HH24:MI:SS'));
Insert into CSM_ROLE_PRIVILEGE
   (ROLE_PRIVILEGE_ID, ROLE_ID, PRIVILEGE_ID, UPDATE_DATE)
 Values
   (12, 4, 5, TO_DATE('07/10/2006 11:30:28', 'MM/DD/YYYY HH24:MI:SS'));
Insert into CSM_ROLE_PRIVILEGE
   (ROLE_PRIVILEGE_ID, ROLE_ID, PRIVILEGE_ID, UPDATE_DATE)
 Values
   (13, 4, 3, TO_DATE('07/10/2006 11:30:28', 'MM/DD/YYYY HH24:MI:SS'));
Insert into CSM_ROLE_PRIVILEGE
   (ROLE_PRIVILEGE_ID, ROLE_ID, PRIVILEGE_ID, UPDATE_DATE)
 Values
   (14, 4, 1, TO_DATE('07/10/2006 11:30:28', 'MM/DD/YYYY HH24:MI:SS'));
Insert into CSM_ROLE_PRIVILEGE
   (ROLE_PRIVILEGE_ID, ROLE_ID, PRIVILEGE_ID, UPDATE_DATE)
 Values
   (15, 7, 7, TO_DATE('07/10/2006 11:30:40', 'MM/DD/YYYY HH24:MI:SS'));
Insert into CSM_ROLE_PRIVILEGE
   (ROLE_PRIVILEGE_ID, ROLE_ID, PRIVILEGE_ID, UPDATE_DATE)
 Values
   (26, 10, 3, TO_DATE('08/02/2006 16:40:55', 'MM/DD/YYYY HH24:MI:SS'));
Insert into CSM_ROLE_PRIVILEGE
   (ROLE_PRIVILEGE_ID, ROLE_ID, PRIVILEGE_ID, UPDATE_DATE)
 Values
   (18, 8, 6, TO_DATE('07/10/2006 11:31:00', 'MM/DD/YYYY HH24:MI:SS'));

-- Recreate the sequence

DROP SEQUENCE CSM_ROLE_PRIV_ROLE_PRIVILE_SEQ;
CREATE SEQUENCE CSM_ROLE_PRIV_ROLE_PRIVILE_SEQ
increment by 1
start with 50
NOMAXVALUE
minvalue 1
nocycle
nocache
noorder;



-- both ABCC and download center need   ?  does download center need this info?
Insert into CSM_GROUP
   (GROUP_ID, GROUP_NAME, GROUP_DESC, UPDATE_DATE, APPLICATION_ID)
 Values
   (12, 'FDA_Researcher', 'Researchers at FDA', TO_DATE('09/12/2006 00:00:00', 'MM/DD/YYYY HH24:MI:SS'), 2);
Insert into CSM_GROUP
   (GROUP_ID, GROUP_NAME, GROUP_DESC, UPDATE_DATE, APPLICATION_ID)
 Values
   (13, 'NIST_Researcher', 'Researchers at NIST', TO_DATE('09/12/2006 00:00:00', 'MM/DD/YYYY HH24:MI:SS'), 2);
Insert into CSM_GROUP
   (GROUP_ID, GROUP_NAME, GROUP_DESC, UPDATE_DATE, APPLICATION_ID)
 Values
   (14, 'Other_Research_Partners', 'Researchers at partners other than NIST and FDA', TO_DATE('09/12/2006 00:00:00', 'MM/DD/YYYY HH24:MI:SS'), 2);
Insert into CSM_GROUP
   (GROUP_ID, GROUP_NAME, GROUP_DESC, UPDATE_DATE, APPLICATION_ID)
 Values
   (9, 'NCL_Administrator', 'NCL administrator', TO_DATE('07/31/2006 00:00:00', 'MM/DD/YYYY HH24:MI:SS'), 2);
Insert into CSM_GROUP
   (GROUP_ID, GROUP_NAME, GROUP_DESC, UPDATE_DATE, APPLICATION_ID)
 Values
   (7, 'NCL_Researcher', 'NCL researcher', TO_DATE('07/14/2006 00:00:00', 'MM/DD/YYYY HH24:MI:SS'), 2);
Insert into CSM_GROUP
   (GROUP_ID, GROUP_NAME, GROUP_DESC, UPDATE_DATE, APPLICATION_ID)
 Values
   (6, 'NCL_PI', 'NCL principal investigators', TO_DATE('07/14/2006 00:00:00', 'MM/DD/YYYY HH24:MI:SS'), 2);
Insert into CSM_GROUP
   (GROUP_ID, GROUP_NAME, GROUP_DESC, UPDATE_DATE, APPLICATION_ID)
 Values
   (8, 'CCNE_Researcher', 'Researchers at CCNEs', TO_DATE('07/14/2006 00:00:00', 'MM/DD/YYYY HH24:MI:SS'), 2);
Insert into CSM_GROUP
   (GROUP_ID, GROUP_NAME, GROUP_DESC, UPDATE_DATE, APPLICATION_ID)
 Values
   (11, 'Public', 'caBIG and public', TO_DATE('08/04/2006 00:00:00', 'MM/DD/YYYY HH24:MI:SS'), 2);

-- Recreate the sequence

DROP SEQUENCE CSM_GROUP_GROUP_ID_SEQ;
CREATE SEQUENCE CSM_GROUP_GROUP_ID_SEQ
increment by 1
start with 50
NOMAXVALUE
minvalue 1
nocycle
nocache
noorder;


-- only for ABCC for testing.  need to remove later
Insert into CSM_USER_GROUP
   (USER_GROUP_ID, USER_ID, GROUP_ID)
 Values
   (21, 35, 9);
INSERT INTO CSM_USER_GROUP ( USER_GROUP_ID, USER_ID, GROUP_ID ) VALUES ( 
20, 33, 6); 
INSERT INTO CSM_USER_GROUP ( USER_GROUP_ID, USER_ID, GROUP_ID ) VALUES ( 
12, 32, 7); 
INSERT INTO CSM_USER_GROUP ( USER_GROUP_ID, USER_ID, GROUP_ID ) VALUES ( 
14, 37, 8); 

DROP SEQUENCE CSM_USER_GROU_USER_GROUP_I_SEQ;

CREATE SEQUENCE CSM_USER_GROU_USER_GROUP_I_SEQ
increment by 1
start with 50
NOMAXVALUE
minvalue 1
nocycle
nocache
noorder;



-- Both ABCC and download need
Insert into CSM_PROTECTION_ELEMENT
   (PROTECTION_ELEMENT_ID, PROTECTION_ELEMENT_NAME, OBJECT_ID, APPLICATION_ID, UPDATE_DATE)
 Values
   (21, 'inventory', 'inventory', 2, TO_DATE('07/31/2006 00:00:00', 'MM/DD/YYYY HH24:MI:SS'));
Insert into CSM_PROTECTION_ELEMENT
   (PROTECTION_ELEMENT_ID, PROTECTION_ELEMENT_NAME, OBJECT_ID, APPLICATION_ID, UPDATE_DATE)
 Values
   (22, 'workflow', 'workflow', 2, TO_DATE('07/31/2006 00:00:00', 'MM/DD/YYYY HH24:MI:SS'));
Insert into CSM_PROTECTION_ELEMENT
   (PROTECTION_ELEMENT_ID, PROTECTION_ELEMENT_NAME, OBJECT_ID, APPLICATION_ID, UPDATE_DATE)
 Values
   (23, 'search', 'search', 2, TO_DATE('07/31/2006 00:00:00', 'MM/DD/YYYY HH24:MI:SS'));
Insert into CSM_PROTECTION_ELEMENT
   (PROTECTION_ELEMENT_ID, PROTECTION_ELEMENT_NAME, OBJECT_ID, APPLICATION_ID, UPDATE_DATE)
 Values
   (24, 'submit', 'submit', 2, TO_DATE('07/31/2006 00:00:00', 'MM/DD/YYYY HH24:MI:SS'));
Insert into CSM_PROTECTION_ELEMENT
   (PROTECTION_ELEMENT_ID, PROTECTION_ELEMENT_NAME, OBJECT_ID, APPLICATION_ID, UPDATE_DATE)
 Values
   (25, 'nanoparticle search', 'nanoparticle search', 2, TO_DATE('07/31/2006 00:00:00', 'MM/DD/YYYY HH24:MI:SS'));
Insert into CSM_PROTECTION_ELEMENT
   (PROTECTION_ELEMENT_ID, PROTECTION_ELEMENT_NAME, OBJECT_ID, APPLICATION_ID, UPDATE_DATE)
 Values
   (26, 'administration', 'administration', 2, TO_DATE('07/31/2006 00:00:00', 'MM/DD/YYYY HH24:MI:SS'));


DROP SEQUENCE CSM_PROTECTIO_PROTECTION_E_SEQ;
CREATE SEQUENCE CSM_PROTECTIO_PROTECTION_E_SEQ
increment by 1
start with 50
NOMAXVALUE
minvalue 1
nocycle
nocache
noorder;


-- Both ABCC and download need
Insert into CSM_PROTECTION_GROUP
   (PROTECTION_GROUP_ID, PROTECTION_GROUP_NAME, APPLICATION_ID, LARGE_ELEMENT_COUNT_FLAG, UPDATE_DATE)
 Values
   (13, 'nanoparticle search', 2, 0, TO_DATE('07/31/2006 00:00:00', 'MM/DD/YYYY HH24:MI:SS'));
Insert into CSM_PROTECTION_GROUP
   (PROTECTION_GROUP_ID, PROTECTION_GROUP_NAME, APPLICATION_ID, LARGE_ELEMENT_COUNT_FLAG, UPDATE_DATE)
 Values
   (14, 'administration', 2, 0, TO_DATE('07/31/2006 00:00:00', 'MM/DD/YYYY HH24:MI:SS'));
Insert into CSM_PROTECTION_GROUP
   (PROTECTION_GROUP_ID, PROTECTION_GROUP_NAME, APPLICATION_ID, LARGE_ELEMENT_COUNT_FLAG, UPDATE_DATE)
 Values
   (15, 'workflow', 2, 0, TO_DATE('07/31/2006 00:00:00', 'MM/DD/YYYY HH24:MI:SS'));
Insert into CSM_PROTECTION_GROUP
   (PROTECTION_GROUP_ID, PROTECTION_GROUP_NAME, APPLICATION_ID, LARGE_ELEMENT_COUNT_FLAG, UPDATE_DATE)
 Values
   (16, 'inventory', 2, 0, TO_DATE('07/31/2006 00:00:00', 'MM/DD/YYYY HH24:MI:SS'));
Insert into CSM_PROTECTION_GROUP
   (PROTECTION_GROUP_ID, PROTECTION_GROUP_NAME, APPLICATION_ID, LARGE_ELEMENT_COUNT_FLAG, UPDATE_DATE)
 Values
   (17, 'search', 2, 0, TO_DATE('07/31/2006 00:00:00', 'MM/DD/YYYY HH24:MI:SS'));
Insert into CSM_PROTECTION_GROUP
   (PROTECTION_GROUP_ID, PROTECTION_GROUP_NAME, APPLICATION_ID, LARGE_ELEMENT_COUNT_FLAG, UPDATE_DATE)
 Values
   (19, 'submit', 2, 0, TO_DATE('07/31/2006 00:00:00', 'MM/DD/YYYY HH24:MI:SS'));


DROP SEQUENCE CSM_PROTECTIO_PROTECTION_G_SEQ;
CREATE SEQUENCE CSM_PROTECTIO_PROTECTION_G_SEQ
increment by 1
start with 50
NOMAXVALUE
minvalue 1
nocycle
nocache
noorder;

-- Both ABCC and download need
Insert into CSM_PG_PE
   (PG_PE_ID, PROTECTION_GROUP_ID, PROTECTION_ELEMENT_ID, UPDATE_DATE)
 Values
   (25, 14, 26, TO_DATE('08/02/2006 10:39:10', 'MM/DD/YYYY HH24:MI:SS'));
Insert into CSM_PG_PE
   (PG_PE_ID, PROTECTION_GROUP_ID, PROTECTION_ELEMENT_ID, UPDATE_DATE)
 Values
   (17, 16, 21, TO_DATE('07/31/2006 15:40:28', 'MM/DD/YYYY HH24:MI:SS'));
Insert into CSM_PG_PE
   (PG_PE_ID, PROTECTION_GROUP_ID, PROTECTION_ELEMENT_ID, UPDATE_DATE)
 Values
   (18, 15, 22, TO_DATE('07/31/2006 15:40:50', 'MM/DD/YYYY HH24:MI:SS'));
Insert into CSM_PG_PE
   (PG_PE_ID, PROTECTION_GROUP_ID, PROTECTION_ELEMENT_ID, UPDATE_DATE)
 Values
   (19, 17, 23, TO_DATE('07/31/2006 15:41:24', 'MM/DD/YYYY HH24:MI:SS'));
Insert into CSM_PG_PE
   (PG_PE_ID, PROTECTION_GROUP_ID, PROTECTION_ELEMENT_ID, UPDATE_DATE)
 Values
   (20, 19, 24, TO_DATE('07/31/2006 15:41:44', 'MM/DD/YYYY HH24:MI:SS'));
Insert into CSM_PG_PE
   (PG_PE_ID, PROTECTION_GROUP_ID, PROTECTION_ELEMENT_ID, UPDATE_DATE)
 Values
   (24, 13, 25, TO_DATE('07/31/2006 17:15:41', 'MM/DD/YYYY HH24:MI:SS'));


DROP SEQUENCE CSM_PG_PE_PG_PE_ID_SEQ;
CREATE SEQUENCE CSM_PG_PE_PG_PE_ID_SEQ
increment by 1
start with 50
NOMAXVALUE
minvalue 1
nocycle
nocache
noorder;


-- only ABCC needs, 
Insert into CSM_USER_PE
   (USER_PROTECTION_ELEMENT_ID, PROTECTION_ELEMENT_ID, USER_ID, UPDATE_DATE)
 Values
   (7, 2, 35, TO_DATE('07/11/2006 14:50:12', 'MM/DD/YYYY HH24:MI:SS'));
 Insert into CSM_USER_PE
   (USER_PROTECTION_ELEMENT_ID, PROTECTION_ELEMENT_ID, USER_ID, UPDATE_DATE)
 Values
   (10, 1, 38, TO_DATE('07/24/2006 16:56:49', 'MM/DD/YYYY HH24:MI:SS')); 


DROP SEQUENCE CSM_USER_PE_USER_PROTECTIO_SEQ;
CREATE SEQUENCE CSM_USER_PE_USER_PROTECTIO_SEQ
increment by 1
start with 50
NOMAXVALUE
minvalue 1
nocycle
nocache
noorder;

-- if user group stay, this should apply to both ABCC and download center
Insert into CSM_USER_GROUP_ROLE_PG
   (USER_GROUP_ROLE_PG_ID, GROUP_ID, ROLE_ID, PROTECTION_GROUP_ID, UPDATE_DATE)
 Values
   (501, 12, 7, 13, TO_DATE('09/14/2006 00:00:00', 'MM/DD/YYYY HH24:MI:SS'));
Insert into CSM_USER_GROUP_ROLE_PG
   (USER_GROUP_ROLE_PG_ID, GROUP_ID, ROLE_ID, PROTECTION_GROUP_ID, UPDATE_DATE)
 Values
   (502, 13, 7, 13, TO_DATE('09/14/2006 00:00:00', 'MM/DD/YYYY HH24:MI:SS'));
Insert into CSM_USER_GROUP_ROLE_PG
   (USER_GROUP_ROLE_PG_ID, GROUP_ID, ROLE_ID, PROTECTION_GROUP_ID, UPDATE_DATE)
 Values
   (61, 9, 7, 14, TO_DATE('07/31/2006 00:00:00', 'MM/DD/YYYY HH24:MI:SS'));
Insert into CSM_USER_GROUP_ROLE_PG
   (USER_GROUP_ROLE_PG_ID, GROUP_ID, ROLE_ID, PROTECTION_GROUP_ID, UPDATE_DATE)
 Values
   (63, 6, 7, 16, TO_DATE('08/02/2006 00:00:00', 'MM/DD/YYYY HH24:MI:SS'));
Insert into CSM_USER_GROUP_ROLE_PG
   (USER_GROUP_ROLE_PG_ID, GROUP_ID, ROLE_ID, PROTECTION_GROUP_ID, UPDATE_DATE)
 Values
   (64, 6, 7, 17, TO_DATE('08/02/2006 00:00:00', 'MM/DD/YYYY HH24:MI:SS'));
Insert into CSM_USER_GROUP_ROLE_PG
   (USER_GROUP_ROLE_PG_ID, GROUP_ID, ROLE_ID, PROTECTION_GROUP_ID, UPDATE_DATE)
 Values
   (62, 6, 7, 15, TO_DATE('08/02/2006 00:00:00', 'MM/DD/YYYY HH24:MI:SS'));
Insert into CSM_USER_GROUP_ROLE_PG
   (USER_GROUP_ROLE_PG_ID, GROUP_ID, ROLE_ID, PROTECTION_GROUP_ID, UPDATE_DATE)
 Values
   (77, 11, 7, 13, TO_DATE('08/04/2006 00:00:00', 'MM/DD/YYYY HH24:MI:SS'));
Insert into CSM_USER_GROUP_ROLE_PG
   (USER_GROUP_ROLE_PG_ID, GROUP_ID, ROLE_ID, PROTECTION_GROUP_ID, UPDATE_DATE)
 Values
   (57, 6, 7, 19, TO_DATE('07/31/2006 00:00:00', 'MM/DD/YYYY HH24:MI:SS'));
Insert into CSM_USER_GROUP_ROLE_PG
   (USER_GROUP_ROLE_PG_ID, GROUP_ID, ROLE_ID, PROTECTION_GROUP_ID, UPDATE_DATE)
 Values
   (58, 7, 7, 17, TO_DATE('07/31/2006 00:00:00', 'MM/DD/YYYY HH24:MI:SS'));
Insert into CSM_USER_GROUP_ROLE_PG
   (USER_GROUP_ROLE_PG_ID, GROUP_ID, ROLE_ID, PROTECTION_GROUP_ID, UPDATE_DATE)
 Values
   (56, 8, 7, 13, TO_DATE('07/31/2006 00:00:00', 'MM/DD/YYYY HH24:MI:SS'));
Insert into CSM_USER_GROUP_ROLE_PG
   (USER_GROUP_ROLE_PG_ID, GROUP_ID, ROLE_ID, PROTECTION_GROUP_ID, UPDATE_DATE)
 Values
   (59, 7, 7, 16, TO_DATE('07/31/2006 00:00:00', 'MM/DD/YYYY HH24:MI:SS'));
Insert into CSM_USER_GROUP_ROLE_PG
   (USER_GROUP_ROLE_PG_ID, GROUP_ID, ROLE_ID, PROTECTION_GROUP_ID, UPDATE_DATE)
 Values
   (60, 7, 7, 15, TO_DATE('07/31/2006 00:00:00', 'MM/DD/YYYY HH24:MI:SS'));
Insert into CSM_USER_GROUP_ROLE_PG
   (USER_GROUP_ROLE_PG_ID, GROUP_ID, ROLE_ID, PROTECTION_GROUP_ID, UPDATE_DATE)
 Values
   (503, 14, 7, 13, TO_DATE('09/14/2006 00:00:00', 'MM/DD/YYYY HH24:MI:SS'));
   
   
DROP SEQUENCE CSM_USER_GROU_USER_GROUP_R_SEQ;
CREATE SEQUENCE CSM_USER_GROU_USER_GROUP_R_SEQ
increment by 1
start with 1000
NOMAXVALUE
minvalue 1
nocycle
nocache
noorder;
   
-- update smaple type table

INSERT INTO SAMPLE_TYPE ( SAMPLE_TYPE_PK_ID, SAMPLE_TYPE_NAME ) VALUES ( 
9, 'Complex Particle'); 
INSERT INTO SAMPLE_TYPE ( SAMPLE_TYPE_PK_ID, SAMPLE_TYPE_NAME ) VALUES ( 
8, 'Emulsion'); 
INSERT INTO SAMPLE_TYPE ( SAMPLE_TYPE_PK_ID, SAMPLE_TYPE_NAME ) VALUES ( 
1, 'Dendrimer'); 
INSERT INTO SAMPLE_TYPE ( SAMPLE_TYPE_PK_ID, SAMPLE_TYPE_NAME ) VALUES ( 
2, 'Quantum Dot'); 
INSERT INTO SAMPLE_TYPE ( SAMPLE_TYPE_PK_ID, SAMPLE_TYPE_NAME ) VALUES ( 
3, 'Polymer'); 
INSERT INTO SAMPLE_TYPE ( SAMPLE_TYPE_PK_ID, SAMPLE_TYPE_NAME ) VALUES ( 
4, 'Metal Particle'); 
INSERT INTO SAMPLE_TYPE ( SAMPLE_TYPE_PK_ID, SAMPLE_TYPE_NAME ) VALUES ( 
5, 'Fullerene'); 
INSERT INTO SAMPLE_TYPE ( SAMPLE_TYPE_PK_ID, SAMPLE_TYPE_NAME ) VALUES ( 
6, 'Liposome'); 
INSERT INTO SAMPLE_TYPE ( SAMPLE_TYPE_PK_ID, SAMPLE_TYPE_NAME ) VALUES ( 
7, 'Carbon Nanotube'); 


-- update sample data
update sample set sample_type ='Metal Particle' where sample_type ='Gold nanoparticle';

update sample set sample_type ='Emulsion' where sample_type ='nanoemulsions';


-- insert data into NANOPARTICLE table
insert into NANOPARTICLE(NANOPARTICLE_PK_ID, CLASSIFICATION) select sample_pk_id, 'organic:hydrocarbon' from sample where sample_type in ('Dendrimer', 'Polymer');

insert into NANOPARTICLE(NANOPARTICLE_PK_ID, CLASSIFICATION) select sample_pk_id, 'organic:carbon' from sample where sample_type in ('Fullerene', 'CarbonNanotube');

insert into NANOPARTICLE(NANOPARTICLE_PK_ID, CLASSIFICATION) select sample_pk_id, 'organic:liposome' from sample where sample_type in ('Liposome');

insert into NANOPARTICLE(NANOPARTICLE_PK_ID, CLASSIFICATION) select sample_pk_id, 'organic:emulsion' from sample where sample_type in ('Emulsion');

insert into NANOPARTICLE(NANOPARTICLE_PK_ID, CLASSIFICATION) select sample_pk_id, 'inorganic' from sample where sample_type in ('Metal Particle','Quantum Dot');

insert into NANOPARTICLE(NANOPARTICLE_PK_ID, CLASSIFICATION) select sample_pk_id, 'complex' from sample where sample_type in ('Complex Particle');


-- insert instrumentType/manufacturer data
INSERT INTO INSTRUMENT_TYPE ( INSTRUMENT_TYPE_PK_ID, NAME, DESCRIPTION,
ABBREVIATION ) VALUES ( 
15, 'Asymmetrical Flow Field-Flow Fractionation with Multi-Angle Light Scattering', NULL
, 'AFFF-MALLS'); 
INSERT INTO INSTRUMENT_TYPE ( INSTRUMENT_TYPE_PK_ID, NAME, DESCRIPTION,
ABBREVIATION ) VALUES ( 
16, 'Size Exclusion Chromatography with Multi-Angle Light Scattering', NULL, 'SEC-MALLS'); 
INSERT INTO INSTRUMENT_TYPE ( INSTRUMENT_TYPE_PK_ID, NAME, DESCRIPTION,
ABBREVIATION ) VALUES ( 
17, 'Matrix-Assisted Laser Desorption/Ionisation-Time of Flight'
, NULL, 'MALDI-TOF'); 
INSERT INTO INSTRUMENT_TYPE ( INSTRUMENT_TYPE_PK_ID, NAME, DESCRIPTION,
ABBREVIATION ) VALUES ( 
2, 'Refractometer', NULL, NULL); 
INSERT INTO INSTRUMENT_TYPE ( INSTRUMENT_TYPE_PK_ID, NAME, DESCRIPTION,
ABBREVIATION ) VALUES ( 
3, 'Imaging System', NULL, NULL); 
INSERT INTO INSTRUMENT_TYPE ( INSTRUMENT_TYPE_PK_ID, NAME, DESCRIPTION,
ABBREVIATION ) VALUES ( 
4, 'Coulter Counter', NULL, NULL); 
INSERT INTO INSTRUMENT_TYPE ( INSTRUMENT_TYPE_PK_ID, NAME, DESCRIPTION,
ABBREVIATION ) VALUES ( 
5, 'Scintillation Counter', NULL, NULL); 
INSERT INTO INSTRUMENT_TYPE ( INSTRUMENT_TYPE_PK_ID, NAME, DESCRIPTION,
ABBREVIATION ) VALUES ( 
6, 'High Performance Liquid Chromatography', NULL, 'HPLC'); 
INSERT INTO INSTRUMENT_TYPE ( INSTRUMENT_TYPE_PK_ID, NAME, DESCRIPTION,
ABBREVIATION ) VALUES ( 
7, 'Spectrophotometer', NULL, NULL); 
INSERT INTO INSTRUMENT_TYPE ( INSTRUMENT_TYPE_PK_ID, NAME, DESCRIPTION,
ABBREVIATION ) VALUES ( 
8, 'Liquid Chromatography', NULL, 'LC'); 
INSERT INTO INSTRUMENT_TYPE ( INSTRUMENT_TYPE_PK_ID, NAME, DESCRIPTION,
ABBREVIATION ) VALUES ( 
9, 'Clot Detection System', NULL, NULL); 
INSERT INTO INSTRUMENT_TYPE ( INSTRUMENT_TYPE_PK_ID, NAME, DESCRIPTION,
ABBREVIATION ) VALUES ( 
10, 'Thermal Cycler', NULL, NULL); 
INSERT INTO INSTRUMENT_TYPE ( INSTRUMENT_TYPE_PK_ID, NAME, DESCRIPTION,
ABBREVIATION ) VALUES ( 
11, 'Zetasizer', NULL, NULL); 
INSERT INTO INSTRUMENT_TYPE ( INSTRUMENT_TYPE_PK_ID, NAME, DESCRIPTION,
ABBREVIATION ) VALUES ( 
12, 'Flow Cytometer', NULL, NULL); 
INSERT INTO INSTRUMENT_TYPE ( INSTRUMENT_TYPE_PK_ID, NAME, DESCRIPTION,
ABBREVIATION ) VALUES ( 
13, 'Atomic Force Microscope', NULL, 'AFM'); 
INSERT INTO INSTRUMENT_TYPE ( INSTRUMENT_TYPE_PK_ID, NAME, DESCRIPTION,
ABBREVIATION ) VALUES ( 
14, 'Energy Dispersive Spectroscopy', NULL, 'EDS'); 
INSERT INTO INSTRUMENT_TYPE ( INSTRUMENT_TYPE_PK_ID, NAME, DESCRIPTION,
ABBREVIATION ) VALUES ( 
1, 'Dynamic Light Scattering (DLS)', NULL, 'DLS'); 


INSERT INTO MANUFACTURER ( MANUFACTURER_PK_ID, NAME ) VALUES ( 
1, 'Waters'); 
INSERT INTO MANUFACTURER ( MANUFACTURER_PK_ID, NAME ) VALUES ( 
2, 'Kodak'); 
INSERT INTO MANUFACTURER ( MANUFACTURER_PK_ID, NAME ) VALUES ( 
3, 'Beckman/Coulter'); 
INSERT INTO MANUFACTURER ( MANUFACTURER_PK_ID, NAME ) VALUES ( 
4, 'Agilent'); 
INSERT INTO MANUFACTURER ( MANUFACTURER_PK_ID, NAME ) VALUES ( 
5, 'Shimadzu'); 
INSERT INTO MANUFACTURER ( MANUFACTURER_PK_ID, NAME ) VALUES ( 
6, 'Tecan'); 
INSERT INTO MANUFACTURER ( MANUFACTURER_PK_ID, NAME ) VALUES ( 
7, 'Molecular Devices'); 
INSERT INTO MANUFACTURER ( MANUFACTURER_PK_ID, NAME ) VALUES ( 
8, 'Thermo Electron'); 
INSERT INTO MANUFACTURER ( MANUFACTURER_PK_ID, NAME ) VALUES ( 
9, 'Wyatt Technologies'); 
INSERT INTO MANUFACTURER ( MANUFACTURER_PK_ID, NAME ) VALUES ( 
10, 'Amersham'); 
INSERT INTO MANUFACTURER ( MANUFACTURER_PK_ID, NAME ) VALUES ( 
11, 'Diagnostica'); 
INSERT INTO MANUFACTURER ( MANUFACTURER_PK_ID, NAME ) VALUES ( 
12, 'Biorad'); 
INSERT INTO MANUFACTURER ( MANUFACTURER_PK_ID, NAME ) VALUES ( 
13, 'Malvern'); 
INSERT INTO MANUFACTURER ( MANUFACTURER_PK_ID, NAME ) VALUES ( 
14, 'Becton Dickinson'); 
INSERT INTO MANUFACTURER ( MANUFACTURER_PK_ID, NAME ) VALUES ( 
15, 'Molecular Imaging'); 
INSERT INTO MANUFACTURER ( MANUFACTURER_PK_ID, NAME ) VALUES ( 
16, 'EDAX'); 

 
INSERT INTO INSTRUMENT_TYPE_MANUFACTURER ( MANUFACTURER_PK_ID,
INSTRUMENT_TYPE_PK_ID ) VALUES ( 
1, 2); 
INSERT INTO INSTRUMENT_TYPE_MANUFACTURER ( MANUFACTURER_PK_ID,
INSTRUMENT_TYPE_PK_ID ) VALUES ( 
2, 3); 
INSERT INTO INSTRUMENT_TYPE_MANUFACTURER ( MANUFACTURER_PK_ID,
INSTRUMENT_TYPE_PK_ID ) VALUES ( 
3, 4); 
INSERT INTO INSTRUMENT_TYPE_MANUFACTURER ( MANUFACTURER_PK_ID,
INSTRUMENT_TYPE_PK_ID ) VALUES ( 
3, 5); 
INSERT INTO INSTRUMENT_TYPE_MANUFACTURER ( MANUFACTURER_PK_ID,
INSTRUMENT_TYPE_PK_ID ) VALUES ( 
4, 6); 
INSERT INTO INSTRUMENT_TYPE_MANUFACTURER ( MANUFACTURER_PK_ID,
INSTRUMENT_TYPE_PK_ID ) VALUES ( 
5, 6); 
INSERT INTO INSTRUMENT_TYPE_MANUFACTURER ( MANUFACTURER_PK_ID,
INSTRUMENT_TYPE_PK_ID ) VALUES ( 
6, 7); 
INSERT INTO INSTRUMENT_TYPE_MANUFACTURER ( MANUFACTURER_PK_ID,
INSTRUMENT_TYPE_PK_ID ) VALUES ( 
7, 7); 
INSERT INTO INSTRUMENT_TYPE_MANUFACTURER ( MANUFACTURER_PK_ID,
INSTRUMENT_TYPE_PK_ID ) VALUES ( 
8, 7); 
INSERT INTO INSTRUMENT_TYPE_MANUFACTURER ( MANUFACTURER_PK_ID,
INSTRUMENT_TYPE_PK_ID ) VALUES ( 
9, 1); 
INSERT INTO INSTRUMENT_TYPE_MANUFACTURER ( MANUFACTURER_PK_ID,
INSTRUMENT_TYPE_PK_ID ) VALUES ( 
10, 8); 
INSERT INTO INSTRUMENT_TYPE_MANUFACTURER ( MANUFACTURER_PK_ID,
INSTRUMENT_TYPE_PK_ID ) VALUES ( 
11, 9); 
INSERT INTO INSTRUMENT_TYPE_MANUFACTURER ( MANUFACTURER_PK_ID,
INSTRUMENT_TYPE_PK_ID ) VALUES ( 
12, 10); 
INSERT INTO INSTRUMENT_TYPE_MANUFACTURER ( MANUFACTURER_PK_ID,
INSTRUMENT_TYPE_PK_ID ) VALUES ( 
13, 11); 
INSERT INTO INSTRUMENT_TYPE_MANUFACTURER ( MANUFACTURER_PK_ID,
INSTRUMENT_TYPE_PK_ID ) VALUES ( 
14, 12); 
INSERT INTO INSTRUMENT_TYPE_MANUFACTURER ( MANUFACTURER_PK_ID,
INSTRUMENT_TYPE_PK_ID ) VALUES ( 
15, 13); 
INSERT INTO INSTRUMENT_TYPE_MANUFACTURER ( MANUFACTURER_PK_ID,
INSTRUMENT_TYPE_PK_ID ) VALUES ( 
16, 14); 
INSERT INTO INSTRUMENT_TYPE_MANUFACTURER ( MANUFACTURER_PK_ID,
INSTRUMENT_TYPE_PK_ID ) VALUES ( 
9, 16); 
INSERT INTO INSTRUMENT_TYPE_MANUFACTURER ( MANUFACTURER_PK_ID,
INSTRUMENT_TYPE_PK_ID ) VALUES ( 
13, 1); 