
-- insert seed data

INSERT INTO ASSAY_TYPE ( ASSAY_TYPE_PK_ID, ASSAY_TYPE_NAME, DESCRIPTION,
EXECUTE_ORDER ) VALUES ( 
1, 'Pre-screening', NULL, '1'); 
INSERT INTO ASSAY_TYPE ( ASSAY_TYPE_PK_ID, ASSAY_TYPE_NAME, DESCRIPTION,
EXECUTE_ORDER ) VALUES ( 
2, 'In Vitro', NULL, '2'); 
INSERT INTO ASSAY_TYPE ( ASSAY_TYPE_PK_ID, ASSAY_TYPE_NAME, DESCRIPTION,
EXECUTE_ORDER ) VALUES ( 
3, 'In Vivo', NULL, '3'); 
INSERT INTO ASSAY_TYPE ( ASSAY_TYPE_PK_ID, ASSAY_TYPE_NAME, DESCRIPTION,
EXECUTE_ORDER ) VALUES ( 
4, 'PCC', NULL, '4'); 
commit;

INSERT INTO ASSAY ( ASSAY_PK_ID, ASSAY_NAME, DESCRIPTION, ASSAY_TYPE, CREATED_DATE, CREATED_BY,
ASSAY_TYPE_PK_ID, PROTOCOL_PK_ID ) VALUES ( 
1, 'STE-1', NULL, 'Pre-screening',  TO_Date( '04/06/2006 11:12:02 AM', 'MM/DD/YYYY HH:MI:SS AM')
, ' ', 1, NULL); 
INSERT INTO ASSAY ( ASSAY_PK_ID, ASSAY_NAME, DESCRIPTION, ASSAY_TYPE, CREATED_DATE, CREATED_BY,
ASSAY_TYPE_PK_ID, PROTOCOL_PK_ID ) VALUES ( 
2, 'STE-2', NULL, 'Pre-screening',  TO_Date( '04/06/2006 11:12:02 AM', 'MM/DD/YYYY HH:MI:SS AM')
, ' ', 1, NULL); 
INSERT INTO ASSAY ( ASSAY_PK_ID, ASSAY_NAME, DESCRIPTION, ASSAY_TYPE, CREATED_DATE, CREATED_BY,
ASSAY_TYPE_PK_ID, PROTOCOL_PK_ID ) VALUES ( 
3, 'STE-3', NULL, 'Pre-screening',  TO_Date( '04/06/2006 11:12:02 AM', 'MM/DD/YYYY HH:MI:SS AM')
, ' ', 1, NULL); 
INSERT INTO ASSAY ( ASSAY_PK_ID, ASSAY_NAME, DESCRIPTION, ASSAY_TYPE, CREATED_DATE, CREATED_BY,
ASSAY_TYPE_PK_ID, PROTOCOL_PK_ID ) VALUES ( 
4, 'PCC-1', NULL, 'Pre-screening',  TO_Date( '04/06/2006 11:12:02 AM', 'MM/DD/YYYY HH:MI:SS AM')
, ' ', 1, NULL); 
INSERT INTO ASSAY ( ASSAY_PK_ID, ASSAY_NAME, DESCRIPTION, ASSAY_TYPE, CREATED_DATE, CREATED_BY,
ASSAY_TYPE_PK_ID, PROTOCOL_PK_ID ) VALUES ( 
5, 'ITA-1', NULL, 'In Vitro',  TO_Date( '04/06/2006 11:12:02 AM', 'MM/DD/YYYY HH:MI:SS AM')
, ' ', 2, NULL); 
INSERT INTO ASSAY ( ASSAY_PK_ID, ASSAY_NAME, DESCRIPTION, ASSAY_TYPE, CREATED_DATE, CREATED_BY,
ASSAY_TYPE_PK_ID, PROTOCOL_PK_ID ) VALUES ( 
6, 'ITA-2', NULL, 'In Vitro',  TO_Date( '04/06/2006 11:12:02 AM', 'MM/DD/YYYY HH:MI:SS AM')
, ' ', 2, NULL); 
INSERT INTO ASSAY ( ASSAY_PK_ID, ASSAY_NAME, DESCRIPTION, ASSAY_TYPE, CREATED_DATE, CREATED_BY,
ASSAY_TYPE_PK_ID, PROTOCOL_PK_ID ) VALUES ( 
7, 'ITA-3', NULL, 'In Vitro',  TO_Date( '04/06/2006 11:12:02 AM', 'MM/DD/YYYY HH:MI:SS AM')
, ' ', 2, NULL); 
INSERT INTO ASSAY ( ASSAY_PK_ID, ASSAY_NAME, DESCRIPTION, ASSAY_TYPE, CREATED_DATE, CREATED_BY,
ASSAY_TYPE_PK_ID, PROTOCOL_PK_ID ) VALUES ( 
8, 'ITA-4', NULL, 'In Vitro',  TO_Date( '04/06/2006 11:12:02 AM', 'MM/DD/YYYY HH:MI:SS AM')
, ' ', 2, NULL); 
INSERT INTO ASSAY ( ASSAY_PK_ID, ASSAY_NAME, DESCRIPTION, ASSAY_TYPE, CREATED_DATE, CREATED_BY,
ASSAY_TYPE_PK_ID, PROTOCOL_PK_ID ) VALUES ( 
9, 'ITA-5', NULL, 'In Vitro',  TO_Date( '04/06/2006 11:12:02 AM', 'MM/DD/YYYY HH:MI:SS AM')
, ' ', 2, NULL); 
INSERT INTO ASSAY ( ASSAY_PK_ID, ASSAY_NAME, DESCRIPTION, ASSAY_TYPE, CREATED_DATE, CREATED_BY,
ASSAY_TYPE_PK_ID, PROTOCOL_PK_ID ) VALUES ( 
10, 'ITA-6', NULL, 'In Vitro',  TO_Date( '04/06/2006 11:12:02 AM', 'MM/DD/YYYY HH:MI:SS AM')
, ' ', 2, NULL); 
INSERT INTO ASSAY ( ASSAY_PK_ID, ASSAY_NAME, DESCRIPTION, ASSAY_TYPE, CREATED_DATE, CREATED_BY,
ASSAY_TYPE_PK_ID, PROTOCOL_PK_ID ) VALUES ( 
11, 'ITA-7', NULL, 'In Vitro',  TO_Date( '04/06/2006 11:12:02 AM', 'MM/DD/YYYY HH:MI:SS AM')
, ' ', 2, NULL); 
INSERT INTO ASSAY ( ASSAY_PK_ID, ASSAY_NAME, DESCRIPTION, ASSAY_TYPE, CREATED_DATE, CREATED_BY,
ASSAY_TYPE_PK_ID, PROTOCOL_PK_ID ) VALUES ( 
12, 'ITA-8', NULL, 'In Vitro',  TO_Date( '04/06/2006 11:12:02 AM', 'MM/DD/YYYY HH:MI:SS AM')
, ' ', 2, NULL); 
INSERT INTO ASSAY ( ASSAY_PK_ID, ASSAY_NAME, DESCRIPTION, ASSAY_TYPE, CREATED_DATE, CREATED_BY,
ASSAY_TYPE_PK_ID, PROTOCOL_PK_ID ) VALUES ( 
13, 'ITA-9', NULL, 'In Vitro',  TO_Date( '04/06/2006 11:12:02 AM', 'MM/DD/YYYY HH:MI:SS AM')
, ' ', 2, NULL); 
INSERT INTO ASSAY ( ASSAY_PK_ID, ASSAY_NAME, DESCRIPTION, ASSAY_TYPE, CREATED_DATE, CREATED_BY,
ASSAY_TYPE_PK_ID, PROTOCOL_PK_ID ) VALUES ( 
14, 'ITA-10', NULL, 'In Vitro',  TO_Date( '04/06/2006 11:12:02 AM', 'MM/DD/YYYY HH:MI:SS AM')
, ' ', 2, NULL); 
INSERT INTO ASSAY ( ASSAY_PK_ID, ASSAY_NAME, DESCRIPTION, ASSAY_TYPE, CREATED_DATE, CREATED_BY,
ASSAY_TYPE_PK_ID, PROTOCOL_PK_ID ) VALUES ( 
15, 'ITA-11', NULL, 'In Vitro',  TO_Date( '04/06/2006 11:12:02 AM', 'MM/DD/YYYY HH:MI:SS AM')
, ' ', 2, NULL); 
INSERT INTO ASSAY ( ASSAY_PK_ID, ASSAY_NAME, DESCRIPTION, ASSAY_TYPE, CREATED_DATE, CREATED_BY,
ASSAY_TYPE_PK_ID, PROTOCOL_PK_ID ) VALUES ( 
16, 'ITA-12', NULL, 'In Vitro',  TO_Date( '04/06/2006 11:12:02 AM', 'MM/DD/YYYY HH:MI:SS AM')
, ' ', 2, NULL); 
INSERT INTO ASSAY ( ASSAY_PK_ID, ASSAY_NAME, DESCRIPTION, ASSAY_TYPE, CREATED_DATE, CREATED_BY,
ASSAY_TYPE_PK_ID, PROTOCOL_PK_ID ) VALUES ( 
17, 'GTA-1', NULL, 'In Vitro',  TO_Date( '04/06/2006 11:12:02 AM', 'MM/DD/YYYY HH:MI:SS AM')
, ' ', 2, NULL); 
INSERT INTO ASSAY ( ASSAY_PK_ID, ASSAY_NAME, DESCRIPTION, ASSAY_TYPE, CREATED_DATE, CREATED_BY,
ASSAY_TYPE_PK_ID, PROTOCOL_PK_ID ) VALUES ( 
18, 'GTA-2', NULL, 'In Vitro',  TO_Date( '04/06/2006 11:12:02 AM', 'MM/DD/YYYY HH:MI:SS AM')
, ' ', 2, NULL); 
INSERT INTO ASSAY ( ASSAY_PK_ID, ASSAY_NAME, DESCRIPTION, ASSAY_TYPE, CREATED_DATE, CREATED_BY,
ASSAY_TYPE_PK_ID, PROTOCOL_PK_ID ) VALUES ( 
19, 'GTA-3', NULL, 'In Vitro',  TO_Date( '04/06/2006 11:12:02 AM', 'MM/DD/YYYY HH:MI:SS AM')
, ' ', 2, NULL); 
INSERT INTO ASSAY ( ASSAY_PK_ID, ASSAY_NAME, DESCRIPTION, ASSAY_TYPE, CREATED_DATE, CREATED_BY,
ASSAY_TYPE_PK_ID, PROTOCOL_PK_ID ) VALUES ( 
20, 'GTA-4', NULL, 'In Vitro',  TO_Date( '04/06/2006 11:12:02 AM', 'MM/DD/YYYY HH:MI:SS AM')
, ' ', 2, NULL); 
INSERT INTO ASSAY ( ASSAY_PK_ID, ASSAY_NAME, DESCRIPTION, ASSAY_TYPE, CREATED_DATE, CREATED_BY,
ASSAY_TYPE_PK_ID, PROTOCOL_PK_ID ) VALUES ( 
21, 'GTA-5', NULL, 'In Vitro',  TO_Date( '04/06/2006 11:12:02 AM', 'MM/DD/YYYY HH:MI:SS AM')
, ' ', 2, NULL); 
INSERT INTO ASSAY ( ASSAY_PK_ID, ASSAY_NAME, DESCRIPTION, ASSAY_TYPE, CREATED_DATE, CREATED_BY,
ASSAY_TYPE_PK_ID, PROTOCOL_PK_ID ) VALUES ( 
22, 'GTA-6', NULL, 'In Vitro',  TO_Date( '04/06/2006 11:12:02 AM', 'MM/DD/YYYY HH:MI:SS AM')
, ' ', 2, NULL); 
commit;
 
INSERT INTO HIBERNATE_UNIQUE_KEY ( NEXT_HI ) VALUES ( 
1); 
commit;
 
INSERT INTO SAMPLE_SOP ( SAMPLE_SOP_PK_ID, DESCRIPTION, SOP_NAME ) VALUES ( 
1, 'sample creation', 'Original'); 
INSERT INTO SAMPLE_SOP ( SAMPLE_SOP_PK_ID, DESCRIPTION, SOP_NAME ) VALUES ( 
2, 'sample creation', 'Testing'); 
INSERT INTO SAMPLE_SOP ( SAMPLE_SOP_PK_ID, DESCRIPTION, SOP_NAME ) VALUES ( 
3, 'aliquot creation', 'Lyophilized'); 
INSERT INTO SAMPLE_SOP ( SAMPLE_SOP_PK_ID, DESCRIPTION, SOP_NAME ) VALUES ( 
4, 'aliquot creation', 'Solubilized'); 
commit;


INSERT INTO LAB_FILE ( FILE_PK_ID, FILE_NAME, FILE_URI, FILE_TYPE_EXTENSION, FILE_SOURCE_TYPE,
VERSION, STATUS, REASON, CREATED_BY, CREATED_DATE, SAMPLE_SOP_PK_ID, RUN_PK_ID, PROTOCOL_PK_ID,
DATA_STATUS_PK_ID ) VALUES ( 
1, NULL, '/doc/solubilized.doc', 'doc', 'SOP', NULL, NULL, NULL, NULL, NULL, 4, NULL
, NULL, NULL); 
INSERT INTO LAB_FILE ( FILE_PK_ID, FILE_NAME, FILE_URI, FILE_TYPE_EXTENSION, FILE_SOURCE_TYPE,
VERSION, STATUS, REASON, CREATED_BY, CREATED_DATE, SAMPLE_SOP_PK_ID, RUN_PK_ID, PROTOCOL_PK_ID,
DATA_STATUS_PK_ID ) VALUES ( 
2, NULL, '/doc/lyophilized.doc', 'doc', 'SOP', NULL, NULL, NULL, NULL, NULL, 3, NULL
, NULL, NULL); 
commit;
 
INSERT INTO MEASURE_UNIT ( MEASURE_UNIT_PK_ID, UNIT_NAME, DESCRIPTION,
UNIT_TYPE ) VALUES ( 
1, 'g', NULL, 'Quantity'); 
INSERT INTO MEASURE_UNIT ( MEASURE_UNIT_PK_ID, UNIT_NAME, DESCRIPTION,
UNIT_TYPE ) VALUES ( 
2, 'mg', NULL, 'Quantity'); 
INSERT INTO MEASURE_UNIT ( MEASURE_UNIT_PK_ID, UNIT_NAME, DESCRIPTION,
UNIT_TYPE ) VALUES ( 
3, 'ug', NULL, 'Quantity'); 
INSERT INTO MEASURE_UNIT ( MEASURE_UNIT_PK_ID, UNIT_NAME, DESCRIPTION,
UNIT_TYPE ) VALUES ( 
4, 'g/ml', NULL, 'Concentration'); 
INSERT INTO MEASURE_UNIT ( MEASURE_UNIT_PK_ID, UNIT_NAME, DESCRIPTION,
UNIT_TYPE ) VALUES ( 
5, 'mg/ml', NULL, 'Concentration'); 
INSERT INTO MEASURE_UNIT ( MEASURE_UNIT_PK_ID, UNIT_NAME, DESCRIPTION,
UNIT_TYPE ) VALUES ( 
6, 'ug/ml', NULL, 'Concentration'); 
INSERT INTO MEASURE_UNIT ( MEASURE_UNIT_PK_ID, UNIT_NAME, DESCRIPTION,
UNIT_TYPE ) VALUES ( 
7, 'ug/ul', NULL, 'Concentration'); 
INSERT INTO MEASURE_UNIT ( MEASURE_UNIT_PK_ID, UNIT_NAME, DESCRIPTION,
UNIT_TYPE ) VALUES ( 
8, 'ml', NULL, 'Volume'); 
INSERT INTO MEASURE_UNIT ( MEASURE_UNIT_PK_ID, UNIT_NAME, DESCRIPTION,
UNIT_TYPE ) VALUES ( 
9, 'ul', NULL, 'Volume'); 
commit;
 
 
INSERT INTO SAMPLE_TYPE ( SAMPLE_TYPE_PK_ID, SAMPLE_TYPE_NAME ) VALUES ( 
1, 'Dendrimer'); 
INSERT INTO SAMPLE_TYPE ( SAMPLE_TYPE_PK_ID, SAMPLE_TYPE_NAME ) VALUES ( 
2, 'Quantom Dot'); 
INSERT INTO SAMPLE_TYPE ( SAMPLE_TYPE_PK_ID, SAMPLE_TYPE_NAME ) VALUES ( 
3, 'Ploymer'); 
INSERT INTO SAMPLE_TYPE ( SAMPLE_TYPE_PK_ID, SAMPLE_TYPE_NAME ) VALUES ( 
4, 'Metal Colloid'); 
INSERT INTO SAMPLE_TYPE ( SAMPLE_TYPE_PK_ID, SAMPLE_TYPE_NAME ) VALUES ( 
5, 'Fullerene'); 
INSERT INTO SAMPLE_TYPE ( SAMPLE_TYPE_PK_ID, SAMPLE_TYPE_NAME ) VALUES ( 
6, 'Liposome'); 
INSERT INTO SAMPLE_TYPE ( SAMPLE_TYPE_PK_ID, SAMPLE_TYPE_NAME ) VALUES ( 
7, 'Nanotubes'); 
commit;

INSERT INTO STORAGE_TYPE ( STORAGE_TYPE_ID, STORAGE_TYPE ) VALUES ( 
1, 'Lab'); 
INSERT INTO STORAGE_TYPE ( STORAGE_TYPE_ID, STORAGE_TYPE ) VALUES ( 
2, 'Room'); 
INSERT INTO STORAGE_TYPE ( STORAGE_TYPE_ID, STORAGE_TYPE ) VALUES ( 
3, 'Freezer'); 
INSERT INTO STORAGE_TYPE ( STORAGE_TYPE_ID, STORAGE_TYPE ) VALUES ( 
4, 'Shelf'); 
INSERT INTO STORAGE_TYPE ( STORAGE_TYPE_ID, STORAGE_TYPE ) VALUES ( 
5, 'Rack'); 
INSERT INTO STORAGE_TYPE ( STORAGE_TYPE_ID, STORAGE_TYPE ) VALUES ( 
6, 'Box'); 
commit; 

INSERT INTO STORAGE ( STORAGE_PK_ID, STORAGE_LOCATION, STORAGE_TYPE_ID,
STORAGE_TYPE ) VALUES ( 
1, '250', 2, 'Room'); 
INSERT INTO STORAGE ( STORAGE_PK_ID, STORAGE_LOCATION, STORAGE_TYPE_ID,
STORAGE_TYPE ) VALUES ( 
2, '117', 2, 'Room'); 
INSERT INTO STORAGE ( STORAGE_PK_ID, STORAGE_LOCATION, STORAGE_TYPE_ID,
STORAGE_TYPE ) VALUES ( 
3, 'F1', 3, 'Freezer'); 
INSERT INTO STORAGE ( STORAGE_PK_ID, STORAGE_LOCATION, STORAGE_TYPE_ID,
STORAGE_TYPE ) VALUES ( 
4, 'F2', 3, 'Freezer'); 
INSERT INTO STORAGE ( STORAGE_PK_ID, STORAGE_LOCATION, STORAGE_TYPE_ID,
STORAGE_TYPE ) VALUES ( 
5, 'F3', 3, 'Freezer'); 
INSERT INTO STORAGE ( STORAGE_PK_ID, STORAGE_LOCATION, STORAGE_TYPE_ID,
STORAGE_TYPE ) VALUES ( 
6, 'F4', 3, 'Freezer'); 
commit;
 

