<?xml version="1.0" encoding="UTF-8"?>
<!DOCTYPE mapping PUBLIC "-//EXOLAB/Castor Object Mapping DTD Version 1.0//EN" "http://www.castor.org/mapping.dtd">

<mapping>
  <class name="gov.nih.nci.cananolab.domain.common.CommonLookup" identity="id">
    <map-to xml="CommonLookup" ns-uri="gme://caNanoLab.caBIG/1.4/gov.nih.nci.cananolab.domain.common" />
    <field name="attribute" type="string">
      <bind-xml name="attribute" node="attribute" />
    </field>
    <field name="id" type="long">
      <bind-xml name="id" node="attribute" />
    </field>
    <field name="name" type="string">
      <bind-xml name="name" node="attribute" />
    </field>
    <field name="value" type="string">
      <bind-xml name="value" node="attribute" />
    </field>
  </class>
  <class name="gov.nih.nci.cananolab.domain.particle.characterization.Characterization" identity="id">
    <map-to xml="Characterization" ns-uri="gme://caNanoLab.caBIG/1.4/gov.nih.nci.cananolab.domain.particle.characterization" />
    <field name="createdBy" type="string">
      <bind-xml name="createdBy" node="attribute" />
    </field>
    <field name="createdDate" type="java.util.Date">
      <bind-xml name="createdDate" node="attribute" />
    </field>
    <field name="date" type="java.util.Date">
      <bind-xml name="date" node="attribute" />
    </field>
    <field name="description" type="string">
      <bind-xml name="description" node="attribute" />
    </field>
    <field name="id" type="long">
      <bind-xml name="id" node="attribute" />
    </field>
    <field name="identificationName" type="string">
      <bind-xml name="identificationName" node="attribute" />
    </field>
    <field name="source" type="string">
      <bind-xml name="source" node="attribute" />
    </field>
  </class>
  <class name="gov.nih.nci.cananolab.domain.common.Instrument" identity="id">
    <map-to xml="Instrument" ns-uri="gme://caNanoLab.caBIG/1.4/gov.nih.nci.cananolab.domain.common" />
    <field name="abbreviation" type="string">
      <bind-xml name="abbreviation" node="attribute" />
    </field>
    <field name="id" type="long">
      <bind-xml name="id" node="attribute" />
    </field>
    <field name="manufacturer" type="string">
      <bind-xml name="manufacturer" node="attribute" />
    </field>
    <field name="type" type="string">
      <bind-xml name="type" node="attribute" />
    </field>
  </class>
  <class name="gov.nih.nci.cananolab.domain.common.SampleContainer" identity="id">
    <map-to xml="SampleContainer" ns-uri="gme://caNanoLab.caBIG/1.4/gov.nih.nci.cananolab.domain.common" />
    <field name="barcode" type="string">
      <bind-xml name="barcode" node="attribute" />
    </field>
    <field name="comments" type="string">
      <bind-xml name="comments" node="attribute" />
    </field>
    <field name="concentration" type="float">
      <bind-xml name="concentration" node="attribute" />
    </field>
    <field name="concentrationUnit" type="string">
      <bind-xml name="concentrationUnit" node="attribute" />
    </field>
    <field name="containerType" type="string">
      <bind-xml name="containerType" node="attribute" />
    </field>
    <field name="createdBy" type="string">
      <bind-xml name="createdBy" node="attribute" />
    </field>
    <field name="createdDate" type="java.util.Date">
      <bind-xml name="createdDate" node="attribute" />
    </field>
    <field name="diluentsSolvent" type="string">
      <bind-xml name="diluentsSolvent" node="attribute" />
    </field>
    <field name="id" type="long">
      <bind-xml name="id" node="attribute" />
    </field>
    <field name="name" type="string">
      <bind-xml name="name" node="attribute" />
    </field>
    <field name="quantity" type="float">
      <bind-xml name="quantity" node="attribute" />
    </field>
    <field name="quantityUnit" type="string">
      <bind-xml name="quantityUnit" node="attribute" />
    </field>
    <field name="safetyPrecaution" type="string">
      <bind-xml name="safetyPrecaution" node="attribute" />
    </field>
    <field name="storageCondition" type="string">
      <bind-xml name="storageCondition" node="attribute" />
    </field>
    <field name="volume" type="float">
      <bind-xml name="volume" node="attribute" />
    </field>
    <field name="volumeUnit" type="string">
      <bind-xml name="volumeUnit" node="attribute" />
    </field>
  </class>
  <class name="gov.nih.nci.cananolab.domain.common.SampleManagement" identity="id">
    <map-to xml="SampleManagement" ns-uri="gme://caNanoLab.caBIG/1.4/gov.nih.nci.cananolab.domain.common" />
    <field name="comments" type="string">
      <bind-xml name="comments" node="attribute" />
    </field>
    <field name="createdBy" type="string">
      <bind-xml name="createdBy" node="attribute" />
    </field>
    <field name="createdDate" type="java.util.Date">
      <bind-xml name="createdDate" node="attribute" />
    </field>
    <field name="description" type="string">
      <bind-xml name="description" node="attribute" />
    </field>
    <field name="id" type="long">
      <bind-xml name="id" node="attribute" />
    </field>
    <field name="lotDescription" type="string">
      <bind-xml name="lotDescription" node="attribute" />
    </field>
    <field name="lotId" type="string">
      <bind-xml name="lotId" node="attribute" />
    </field>
    <field name="receivedBy" type="string">
      <bind-xml name="receivedBy" node="attribute" />
    </field>
    <field name="receivedDate" type="java.util.Date">
      <bind-xml name="receivedDate" node="attribute" />
    </field>
    <field name="sourceSampleId" type="string">
      <bind-xml name="sourceSampleId" node="attribute" />
    </field>
  </class>
  <class name="gov.nih.nci.cananolab.domain.common.Protocol" identity="id">
    <map-to xml="Protocol" ns-uri="gme://caNanoLab.caBIG/1.4/gov.nih.nci.cananolab.domain.common" />
    <field name="createdBy" type="string">
      <bind-xml name="createdBy" node="attribute" />
    </field>
    <field name="createdDate" type="java.util.Date">
      <bind-xml name="createdDate" node="attribute" />
    </field>
    <field name="id" type="long">
      <bind-xml name="id" node="attribute" />
    </field>
    <field name="name" type="string">
      <bind-xml name="name" node="attribute" />
    </field>
    <field name="type" type="string">
      <bind-xml name="type" node="attribute" />
    </field>
  </class>
  <class name="gov.nih.nci.cananolab.domain.common.StorageElement" identity="id">
    <map-to xml="StorageElement" ns-uri="gme://caNanoLab.caBIG/1.4/gov.nih.nci.cananolab.domain.common" />
    <field name="id" type="long">
      <bind-xml name="id" node="attribute" />
    </field>
    <field name="location" type="string">
      <bind-xml name="location" node="attribute" />
    </field>
    <field name="type" type="string">
      <bind-xml name="type" node="attribute" />
    </field>
  </class>
  <class name="gov.nih.nci.cananolab.domain.common.Keyword" identity="id">
    <map-to xml="Keyword" ns-uri="gme://caNanoLab.caBIG/1.4/gov.nih.nci.cananolab.domain.common" />
    <field name="id" type="long">
      <bind-xml name="id" node="attribute" />
    </field>
    <field name="name" type="string">
      <bind-xml name="name" node="attribute" />
    </field>
  </class>
  <class name="gov.nih.nci.cananolab.domain.particle.samplecomposition.SampleComposition" identity="id">
    <map-to xml="SampleComposition" ns-uri="gme://caNanoLab.caBIG/1.4/gov.nih.nci.cananolab.domain.particle.samplecomposition" />
    <field name="id" type="long">
      <bind-xml name="id" node="attribute" />
    </field>
  </class>
  <class name="gov.nih.nci.cananolab.domain.particle.samplecomposition.Function" identity="id">
    <map-to xml="Function" ns-uri="gme://caNanoLab.caBIG/1.4/gov.nih.nci.cananolab.domain.particle.samplecomposition" />
    <field name="createdBy" type="string">
      <bind-xml name="createdBy" node="attribute" />
    </field>
    <field name="createdDate" type="java.util.Date">
      <bind-xml name="createdDate" node="attribute" />
    </field>
    <field name="description" type="string">
      <bind-xml name="description" node="attribute" />
    </field>
    <field name="id" type="long">
      <bind-xml name="id" node="attribute" />
    </field>
  </class>
  <class name="gov.nih.nci.cananolab.domain.common.Source" identity="id">
    <map-to xml="Source" ns-uri="gme://caNanoLab.caBIG/1.4/gov.nih.nci.cananolab.domain.common" />
    <field name="address" type="string">
      <bind-xml name="address" node="attribute" />
    </field>
    <field name="city" type="string">
      <bind-xml name="city" node="attribute" />
    </field>
    <field name="country" type="string">
      <bind-xml name="country" node="attribute" />
    </field>
    <field name="id" type="long">
      <bind-xml name="id" node="attribute" />
    </field>
    <field name="organizationName" type="string">
      <bind-xml name="organizationName" node="attribute" />
    </field>
    <field name="postalCode" type="string">
      <bind-xml name="postalCode" node="attribute" />
    </field>
    <field name="state" type="string">
      <bind-xml name="state" node="attribute" />
    </field>
  </class>
  <class name="gov.nih.nci.cananolab.domain.common.DerivedDatum" identity="id">
    <map-to xml="DerivedDatum" ns-uri="gme://caNanoLab.caBIG/1.4/gov.nih.nci.cananolab.domain.common" />
    <field name="createdBy" type="string">
      <bind-xml name="createdBy" node="attribute" />
    </field>
    <field name="createdDate" type="java.util.Date">
      <bind-xml name="createdDate" node="attribute" />
    </field>
    <field name="description" type="string">
      <bind-xml name="description" node="attribute" />
    </field>
    <field name="id" type="long">
      <bind-xml name="id" node="attribute" />
    </field>
    <field name="name" type="string">
      <bind-xml name="name" node="attribute" />
    </field>
    <field name="value" type="float">
      <bind-xml name="value" node="attribute" />
    </field>
    <field name="valueType" type="string">
      <bind-xml name="valueType" node="attribute" />
    </field>
    <field name="valueUnit" type="string">
      <bind-xml name="valueUnit" node="attribute" />
    </field>
  </class>
  <class name="gov.nih.nci.cananolab.domain.particle.samplecomposition.functionalization.ActivationMethod" identity="id">
    <map-to xml="ActivationMethod" ns-uri="gme://caNanoLab.caBIG/1.4/gov.nih.nci.cananolab.domain.particle.samplecomposition.functionalization" />
    <field name="activationEffect" type="string">
      <bind-xml name="activationEffect" node="attribute" />
    </field>
    <field name="id" type="long">
      <bind-xml name="id" node="attribute" />
    </field>
    <field name="type" type="string">
      <bind-xml name="type" node="attribute" />
    </field>
  </class>
  <class name="gov.nih.nci.cananolab.domain.common.InstrumentConfiguration" identity="id">
    <map-to xml="InstrumentConfiguration" ns-uri="gme://caNanoLab.caBIG/1.4/gov.nih.nci.cananolab.domain.common" />
    <field name="createdBy" type="string">
      <bind-xml name="createdBy" node="attribute" />
    </field>
    <field name="createdDate" type="java.util.Date">
      <bind-xml name="createdDate" node="attribute" />
    </field>
    <field name="description" type="string">
      <bind-xml name="description" node="attribute" />
    </field>
    <field name="id" type="long">
      <bind-xml name="id" node="attribute" />
    </field>
  </class>
  <class name="gov.nih.nci.cananolab.domain.particle.NanoparticleSample" identity="id">
    <map-to xml="NanoparticleSample" ns-uri="gme://caNanoLab.caBIG/1.4/gov.nih.nci.cananolab.domain.particle" />
    <field name="createdBy" type="string">
      <bind-xml name="createdBy" node="attribute" />
    </field>
    <field name="createdDate" type="java.util.Date">
      <bind-xml name="createdDate" node="attribute" />
    </field>
    <field name="id" type="long">
      <bind-xml name="id" node="attribute" />
    </field>
    <field name="name" type="string">
      <bind-xml name="name" node="attribute" />
    </field>
  </class>
  <class name="gov.nih.nci.cananolab.domain.particle.samplecomposition.Target" identity="id">
    <map-to xml="Target" ns-uri="gme://caNanoLab.caBIG/1.4/gov.nih.nci.cananolab.domain.particle.samplecomposition" />
    <field name="createdBy" type="string">
      <bind-xml name="createdBy" node="attribute" />
    </field>
    <field name="createdDate" type="java.util.Date">
      <bind-xml name="createdDate" node="attribute" />
    </field>
    <field name="description" type="string">
      <bind-xml name="description" node="attribute" />
    </field>
    <field name="id" type="long">
      <bind-xml name="id" node="attribute" />
    </field>
    <field name="name" type="string">
      <bind-xml name="name" node="attribute" />
    </field>
  </class>
  <class name="gov.nih.nci.cananolab.domain.particle.characterization.physical.SurfaceChemistry" identity="id">
    <map-to xml="SurfaceChemistry" ns-uri="gme://caNanoLab.caBIG/1.4/gov.nih.nci.cananolab.domain.particle.characterization.physical" />
    <field name="createdBy" type="string">
      <bind-xml name="createdBy" node="attribute" />
    </field>
    <field name="createdDate" type="java.util.Date">
      <bind-xml name="createdDate" node="attribute" />
    </field>
    <field name="id" type="long">
      <bind-xml name="id" node="attribute" />
    </field>
    <field name="molecularFormula" type="string">
      <bind-xml name="molecularFormula" node="attribute" />
    </field>
    <field name="molecularFormulaType" type="string">
      <bind-xml name="molecularFormulaType" node="attribute" />
    </field>
    <field name="moleculeName" type="string">
      <bind-xml name="moleculeName" node="attribute" />
    </field>
    <field name="numberOfMolecule" type="integer">
      <bind-xml name="numberOfMolecule" node="attribute" />
    </field>
  </class>
  <class name="gov.nih.nci.cananolab.domain.common.DerivedBioAssayData" identity="id">
    <map-to xml="DerivedBioAssayData" ns-uri="gme://caNanoLab.caBIG/1.4/gov.nih.nci.cananolab.domain.common" />
    <field name="createdBy" type="string">
      <bind-xml name="createdBy" node="attribute" />
    </field>
    <field name="createdDate" type="java.util.Date">
      <bind-xml name="createdDate" node="attribute" />
    </field>
    <field name="id" type="long">
      <bind-xml name="id" node="attribute" />
    </field>
  </class>
  <class name="gov.nih.nci.cananolab.domain.particle.samplecomposition.chemicalassociation.ChemicalAssociation" identity="id">
    <map-to xml="ChemicalAssociation" ns-uri="gme://caNanoLab.caBIG/1.4/gov.nih.nci.cananolab.domain.particle.samplecomposition.chemicalassociation" />
    <field name="createdBy" type="string">
      <bind-xml name="createdBy" node="attribute" />
    </field>
    <field name="createdDate" type="java.util.Date">
      <bind-xml name="createdDate" node="attribute" />
    </field>
    <field name="description" type="string">
      <bind-xml name="description" node="attribute" />
    </field>
    <field name="id" type="long">
      <bind-xml name="id" node="attribute" />
    </field>
  </class>
  <class name="gov.nih.nci.cananolab.domain.common.LabFile" identity="id">
    <map-to xml="LabFile" ns-uri="gme://caNanoLab.caBIG/1.4/gov.nih.nci.cananolab.domain.common" />
    <field name="comments" type="string">
      <bind-xml name="comments" node="attribute" />
    </field>
    <field name="createdBy" type="string">
      <bind-xml name="createdBy" node="attribute" />
    </field>
    <field name="createdDate" type="java.util.Date">
      <bind-xml name="createdDate" node="attribute" />
    </field>
    <field name="description" type="string">
      <bind-xml name="description" node="attribute" />
    </field>
    <field name="extension" type="string">
      <bind-xml name="extension" node="attribute" />
    </field>
    <field name="id" type="long">
      <bind-xml name="id" node="attribute" />
    </field>
    <field name="name" type="string">
      <bind-xml name="name" node="attribute" />
    </field>
    <field name="title" type="string">
      <bind-xml name="title" node="attribute" />
    </field>
    <field name="type" type="string">
      <bind-xml name="type" node="attribute" />
    </field>
    <field name="uri" type="string">
      <bind-xml name="uri" node="attribute" />
    </field>
    <field name="uriExternal" type="boolean">
      <bind-xml name="uriExternal" node="attribute" />
    </field>
    <field name="version" type="string">
      <bind-xml name="version" node="attribute" />
    </field>
  </class>
  <class name="gov.nih.nci.cananolab.domain.particle.samplecomposition.base.NanoparticleEntity" identity="id">
    <map-to xml="NanoparticleEntity" ns-uri="gme://caNanoLab.caBIG/1.4/gov.nih.nci.cananolab.domain.particle.samplecomposition.base" />
    <field name="createdBy" type="string">
      <bind-xml name="createdBy" node="attribute" />
    </field>
    <field name="createdDate" type="java.util.Date">
      <bind-xml name="createdDate" node="attribute" />
    </field>
    <field name="description" type="string">
      <bind-xml name="description" node="attribute" />
    </field>
    <field name="id" type="long">
      <bind-xml name="id" node="attribute" />
    </field>
  </class>
  <class name="gov.nih.nci.cananolab.domain.particle.samplecomposition.chemicalassociation.AssociatedElement" identity="id">
    <map-to xml="AssociatedElement" ns-uri="gme://caNanoLab.caBIG/1.4/gov.nih.nci.cananolab.domain.particle.samplecomposition.chemicalassociation" />
    <field name="createdBy" type="string">
      <bind-xml name="createdBy" node="attribute" />
    </field>
    <field name="createdDate" type="java.util.Date">
      <bind-xml name="createdDate" node="attribute" />
    </field>
    <field name="description" type="string">
      <bind-xml name="description" node="attribute" />
    </field>
    <field name="id" type="long">
      <bind-xml name="id" node="attribute" />
    </field>
    <field name="molecularFormula" type="string">
      <bind-xml name="molecularFormula" node="attribute" />
    </field>
    <field name="molecularFormulaType" type="string">
      <bind-xml name="molecularFormulaType" node="attribute" />
    </field>
    <field name="name" type="string">
      <bind-xml name="name" node="attribute" />
    </field>
    <field name="value" type="float">
      <bind-xml name="value" node="attribute" />
    </field>
    <field name="valueUnit" type="string">
      <bind-xml name="valueUnit" node="attribute" />
    </field>
  </class>
  <class name="gov.nih.nci.cananolab.domain.particle.samplecomposition.base.Fullerene" identity="id" extends="gov.nih.nci.cananolab.domain.particle.samplecomposition.base.NanoparticleEntity">
    <map-to xml="Fullerene" ns-uri="gme://caNanoLab.caBIG/1.4/gov.nih.nci.cananolab.domain.particle.samplecomposition.base" />
    <field name="averageDiameter" type="float">
      <bind-xml name="averageDiameter" node="attribute" />
    </field>
    <field name="averageDiameterUnit" type="string">
      <bind-xml name="averageDiameterUnit" node="attribute" />
    </field>
    <field name="numberOfCarbon" type="integer">
      <bind-xml name="numberOfCarbon" node="attribute" />
    </field>
  </class>
  <class name="gov.nih.nci.cananolab.domain.common.Report" identity="id" extends="gov.nih.nci.cananolab.domain.common.LabFile">
    <map-to xml="Report" ns-uri="gme://caNanoLab.caBIG/1.4/gov.nih.nci.cananolab.domain.common" />
    <field name="category" type="string">
      <bind-xml name="category" node="attribute" />
    </field>
  </class>
  <class name="gov.nih.nci.cananolab.domain.particle.samplecomposition.Antigen" identity="id" extends="gov.nih.nci.cananolab.domain.particle.samplecomposition.Target">
    <map-to xml="Antigen" ns-uri="gme://caNanoLab.caBIG/1.4/gov.nih.nci.cananolab.domain.particle.samplecomposition" />
    <field name="species" type="string">
      <bind-xml name="species" node="attribute" />
    </field>
  </class>
  <class name="gov.nih.nci.cananolab.domain.particle.samplecomposition.chemicalassociation.Attachment" identity="id" extends="gov.nih.nci.cananolab.domain.particle.samplecomposition.chemicalassociation.ChemicalAssociation">
    <map-to xml="Attachment" ns-uri="gme://caNanoLab.caBIG/1.4/gov.nih.nci.cananolab.domain.particle.samplecomposition.chemicalassociation" />
    <field name="bondType" type="string">
      <bind-xml name="bondType" node="attribute" />
    </field>
  </class>
  <class name="gov.nih.nci.cananolab.domain.particle.samplecomposition.base.CarbonNanotube" identity="id" extends="gov.nih.nci.cananolab.domain.particle.samplecomposition.base.NanoparticleEntity">
    <map-to xml="CarbonNanotube" ns-uri="gme://caNanoLab.caBIG/1.4/gov.nih.nci.cananolab.domain.particle.samplecomposition.base" />
    <field name="averageLength" type="float">
      <bind-xml name="averageLength" node="attribute" />
    </field>
    <field name="averageLengthUnit" type="string">
      <bind-xml name="averageLengthUnit" node="attribute" />
    </field>
    <field name="chirality" type="string">
      <bind-xml name="chirality" node="attribute" />
    </field>
    <field name="diameter" type="float">
      <bind-xml name="diameter" node="attribute" />
    </field>
    <field name="diameterUnit" type="string">
      <bind-xml name="diameterUnit" node="attribute" />
    </field>
    <field name="wallType" type="string">
      <bind-xml name="wallType" node="attribute" />
    </field>
  </class>
  <class name="gov.nih.nci.cananolab.domain.particle.samplecomposition.base.OtherNanoparticleEntity" identity="id" extends="gov.nih.nci.cananolab.domain.particle.samplecomposition.base.NanoparticleEntity">
    <map-to xml="OtherNanoparticleEntity" ns-uri="gme://caNanoLab.caBIG/1.4/gov.nih.nci.cananolab.domain.particle.samplecomposition.base" />
    <field name="type" type="string">
      <bind-xml name="type" node="attribute" />
    </field>
  </class>
  <class name="gov.nih.nci.cananolab.domain.particle.samplecomposition.base.Biopolymer" identity="id" extends="gov.nih.nci.cananolab.domain.particle.samplecomposition.base.NanoparticleEntity">
    <map-to xml="Biopolymer" ns-uri="gme://caNanoLab.caBIG/1.4/gov.nih.nci.cananolab.domain.particle.samplecomposition.base" />
    <field name="name" type="string">
      <bind-xml name="name" node="attribute" />
    </field>
    <field name="sequence" type="string">
      <bind-xml name="sequence" node="attribute" />
    </field>
    <field name="type" type="string">
      <bind-xml name="type" node="attribute" />
    </field>
  </class>
  <class name="gov.nih.nci.cananolab.domain.particle.samplecomposition.Receptor" identity="id" extends="gov.nih.nci.cananolab.domain.particle.samplecomposition.Target">
    <map-to xml="Receptor" ns-uri="gme://caNanoLab.caBIG/1.4/gov.nih.nci.cananolab.domain.particle.samplecomposition" />
  </class>
  <class name="gov.nih.nci.cananolab.domain.particle.samplecomposition.Gene" identity="id" extends="gov.nih.nci.cananolab.domain.particle.samplecomposition.Target">
    <map-to xml="Gene" ns-uri="gme://caNanoLab.caBIG/1.4/gov.nih.nci.cananolab.domain.particle.samplecomposition" />
  </class>
  <class name="gov.nih.nci.cananolab.domain.common.ProtocolFile" identity="id" extends="gov.nih.nci.cananolab.domain.common.LabFile">
    <map-to xml="ProtocolFile" ns-uri="gme://caNanoLab.caBIG/1.4/gov.nih.nci.cananolab.domain.common" />
  </class>
  <class name="gov.nih.nci.cananolab.domain.particle.samplecomposition.base.QuantumDot" identity="id" extends="gov.nih.nci.cananolab.domain.particle.samplecomposition.base.NanoparticleEntity">
    <map-to xml="QuantumDot" ns-uri="gme://caNanoLab.caBIG/1.4/gov.nih.nci.cananolab.domain.particle.samplecomposition.base" />
  </class>
  <class name="gov.nih.nci.cananolab.domain.particle.samplecomposition.OtherTarget" identity="id" extends="gov.nih.nci.cananolab.domain.particle.samplecomposition.Target">
    <map-to xml="OtherTarget" ns-uri="gme://caNanoLab.caBIG/1.4/gov.nih.nci.cananolab.domain.particle.samplecomposition" />
    <field name="type" type="string">
      <bind-xml name="type" node="attribute" />
    </field>
  </class>
  <class name="gov.nih.nci.cananolab.domain.particle.samplecomposition.base.MetalParticle" identity="id" extends="gov.nih.nci.cananolab.domain.particle.samplecomposition.base.NanoparticleEntity">
    <map-to xml="MetalParticle" ns-uri="gme://caNanoLab.caBIG/1.4/gov.nih.nci.cananolab.domain.particle.samplecomposition.base" />
  </class>
  <class name="gov.nih.nci.cananolab.domain.particle.samplecomposition.functionalization.FunctionalizingEntity" identity="id" extends="gov.nih.nci.cananolab.domain.particle.samplecomposition.chemicalassociation.AssociatedElement">
    <map-to xml="FunctionalizingEntity" ns-uri="gme://caNanoLab.caBIG/1.4/gov.nih.nci.cananolab.domain.particle.samplecomposition.functionalization" />
  </class>
  <class name="gov.nih.nci.cananolab.domain.particle.samplecomposition.base.Polymer" identity="id" extends="gov.nih.nci.cananolab.domain.particle.samplecomposition.base.NanoparticleEntity">
    <map-to xml="Polymer" ns-uri="gme://caNanoLab.caBIG/1.4/gov.nih.nci.cananolab.domain.particle.samplecomposition.base" />
    <field name="crossLinkDegree" type="float">
      <bind-xml name="crossLinkDegree" node="attribute" />
    </field>
    <field name="crossLinked" type="boolean">
      <bind-xml name="crossLinked" node="attribute" />
    </field>
    <field name="initiator" type="string">
      <bind-xml name="initiator" node="attribute" />
    </field>
  </class>
  <class name="gov.nih.nci.cananolab.domain.particle.characterization.invitro.InvitroCharacterization" identity="id" extends="gov.nih.nci.cananolab.domain.particle.characterization.Characterization">
    <map-to xml="InvitroCharacterization" ns-uri="gme://caNanoLab.caBIG/1.4/gov.nih.nci.cananolab.domain.particle.characterization.invitro" />
  </class>
  <class name="gov.nih.nci.cananolab.domain.particle.samplecomposition.TargetingFunction" identity="id" extends="gov.nih.nci.cananolab.domain.particle.samplecomposition.Function">
    <map-to xml="TargetingFunction" ns-uri="gme://caNanoLab.caBIG/1.4/gov.nih.nci.cananolab.domain.particle.samplecomposition" />
  </class>
  <class name="gov.nih.nci.cananolab.domain.particle.samplecomposition.base.Dendrimer" identity="id" extends="gov.nih.nci.cananolab.domain.particle.samplecomposition.base.NanoparticleEntity">
    <map-to xml="Dendrimer" ns-uri="gme://caNanoLab.caBIG/1.4/gov.nih.nci.cananolab.domain.particle.samplecomposition.base" />
    <field name="branch" type="string">
      <bind-xml name="branch" node="attribute" />
    </field>
    <field name="generation" type="float">
      <bind-xml name="generation" node="attribute" />
    </field>
  </class>
  <class name="gov.nih.nci.cananolab.domain.particle.samplecomposition.base.Emulsion" identity="id" extends="gov.nih.nci.cananolab.domain.particle.samplecomposition.base.NanoparticleEntity">
    <map-to xml="Emulsion" ns-uri="gme://caNanoLab.caBIG/1.4/gov.nih.nci.cananolab.domain.particle.samplecomposition.base" />
    <field name="polymerized" type="boolean">
      <bind-xml name="polymerized" node="attribute" />
    </field>
    <field name="polymerName" type="string">
      <bind-xml name="polymerName" node="attribute" />
    </field>
  </class>
  <class name="gov.nih.nci.cananolab.domain.particle.samplecomposition.chemicalassociation.Encapsulation" identity="id" extends="gov.nih.nci.cananolab.domain.particle.samplecomposition.chemicalassociation.ChemicalAssociation">
    <map-to xml="Encapsulation" ns-uri="gme://caNanoLab.caBIG/1.4/gov.nih.nci.cananolab.domain.particle.samplecomposition.chemicalassociation" />
  </class>
  <class name="gov.nih.nci.cananolab.domain.common.Aliquot" identity="id" extends="gov.nih.nci.cananolab.domain.common.SampleContainer">
    <map-to xml="Aliquot" ns-uri="gme://caNanoLab.caBIG/1.4/gov.nih.nci.cananolab.domain.common" />
  </class>
  <class name="gov.nih.nci.cananolab.domain.particle.samplecomposition.TherapeuticFunction" identity="id" extends="gov.nih.nci.cananolab.domain.particle.samplecomposition.Function">
    <map-to xml="TherapeuticFunction" ns-uri="gme://caNanoLab.caBIG/1.4/gov.nih.nci.cananolab.domain.particle.samplecomposition" />
  </class>
  <class name="gov.nih.nci.cananolab.domain.particle.samplecomposition.ImagingFunction" identity="id" extends="gov.nih.nci.cananolab.domain.particle.samplecomposition.Function">
    <map-to xml="ImagingFunction" ns-uri="gme://caNanoLab.caBIG/1.4/gov.nih.nci.cananolab.domain.particle.samplecomposition" />
    <field name="modality" type="string">
      <bind-xml name="modality" node="attribute" />
    </field>
  </class>
  <class name="gov.nih.nci.cananolab.domain.particle.characterization.physical.PhysicalCharacterization" identity="id" extends="gov.nih.nci.cananolab.domain.particle.characterization.Characterization">
    <map-to xml="PhysicalCharacterization" ns-uri="gme://caNanoLab.caBIG/1.4/gov.nih.nci.cananolab.domain.particle.characterization.physical" />
  </class>
  <class name="gov.nih.nci.cananolab.domain.particle.samplecomposition.base.Liposome" identity="id" extends="gov.nih.nci.cananolab.domain.particle.samplecomposition.base.NanoparticleEntity">
    <map-to xml="Liposome" ns-uri="gme://caNanoLab.caBIG/1.4/gov.nih.nci.cananolab.domain.particle.samplecomposition.base" />
    <field name="polymerized" type="boolean">
      <bind-xml name="polymerized" node="attribute" />
    </field>
    <field name="polymerName" type="string">
      <bind-xml name="polymerName" node="attribute" />
    </field>
  </class>
  <class name="gov.nih.nci.cananolab.domain.particle.samplecomposition.base.ComposingElement" identity="id" extends="gov.nih.nci.cananolab.domain.particle.samplecomposition.chemicalassociation.AssociatedElement">
    <map-to xml="ComposingElement" ns-uri="gme://caNanoLab.caBIG/1.4/gov.nih.nci.cananolab.domain.particle.samplecomposition.base" />
    <field name="type" type="string">
      <bind-xml name="type" node="attribute" />
    </field>
  </class>
  <class name="gov.nih.nci.cananolab.domain.particle.samplecomposition.chemicalassociation.OtherChemicalAssociation" identity="id" extends="gov.nih.nci.cananolab.domain.particle.samplecomposition.chemicalassociation.ChemicalAssociation">
    <map-to xml="OtherChemicalAssociation" ns-uri="gme://caNanoLab.caBIG/1.4/gov.nih.nci.cananolab.domain.particle.samplecomposition.chemicalassociation" />
    <field name="type" type="string">
      <bind-xml name="type" node="attribute" />
    </field>
  </class>
  <class name="gov.nih.nci.cananolab.domain.particle.samplecomposition.OtherFunction" identity="id" extends="gov.nih.nci.cananolab.domain.particle.samplecomposition.Function">
    <map-to xml="OtherFunction" ns-uri="gme://caNanoLab.caBIG/1.4/gov.nih.nci.cananolab.domain.particle.samplecomposition" />
    <field name="type" type="string">
      <bind-xml name="type" node="attribute" />
    </field>
  </class>
  <class name="gov.nih.nci.cananolab.domain.particle.characterization.physical.Shape" identity="id" extends="gov.nih.nci.cananolab.domain.particle.characterization.physical.PhysicalCharacterization">
    <map-to xml="Shape" ns-uri="gme://caNanoLab.caBIG/1.4/gov.nih.nci.cananolab.domain.particle.characterization.physical" />
    <field name="aspectRatio" type="float">
      <bind-xml name="aspectRatio" node="attribute" />
    </field>
    <field name="maxDimension" type="float">
      <bind-xml name="maxDimension" node="attribute" />
    </field>
    <field name="maxDimensionUnit" type="string">
      <bind-xml name="maxDimensionUnit" node="attribute" />
    </field>
    <field name="minDimension" type="float">
      <bind-xml name="minDimension" node="attribute" />
    </field>
    <field name="minDimensionUnit" type="string">
      <bind-xml name="minDimensionUnit" node="attribute" />
    </field>
    <field name="type" type="string">
      <bind-xml name="type" node="attribute" />
    </field>
  </class>
  <class name="gov.nih.nci.cananolab.domain.particle.characterization.physical.Purity" identity="id" extends="gov.nih.nci.cananolab.domain.particle.characterization.physical.PhysicalCharacterization">
    <map-to xml="Purity" ns-uri="gme://caNanoLab.caBIG/1.4/gov.nih.nci.cananolab.domain.particle.characterization.physical" />
  </class>
  <class name="gov.nih.nci.cananolab.domain.particle.characterization.physical.PhysicalState" identity="id" extends="gov.nih.nci.cananolab.domain.particle.characterization.physical.PhysicalCharacterization">
    <map-to xml="PhysicalState" ns-uri="gme://caNanoLab.caBIG/1.4/gov.nih.nci.cananolab.domain.particle.characterization.physical" />
    <field name="type" type="string">
      <bind-xml name="type" node="attribute" />
    </field>
  </class>
  <class name="gov.nih.nci.cananolab.domain.particle.samplecomposition.functionalization.Antibody" identity="id" extends="gov.nih.nci.cananolab.domain.particle.samplecomposition.functionalization.FunctionalizingEntity">
    <map-to xml="Antibody" ns-uri="gme://caNanoLab.caBIG/1.4/gov.nih.nci.cananolab.domain.particle.samplecomposition.functionalization" />
    <field name="isotype" type="string">
      <bind-xml name="isotype" node="attribute" />
    </field>
    <field name="species" type="string">
      <bind-xml name="species" node="attribute" />
    </field>
    <field name="type" type="string">
      <bind-xml name="type" node="attribute" />
    </field>
  </class>
  <class name="gov.nih.nci.cananolab.domain.particle.samplecomposition.functionalization.OtherFunctionalizingEntity" identity="id" extends="gov.nih.nci.cananolab.domain.particle.samplecomposition.functionalization.FunctionalizingEntity">
    <map-to xml="OtherFunctionalizingEntity" ns-uri="gme://caNanoLab.caBIG/1.4/gov.nih.nci.cananolab.domain.particle.samplecomposition.functionalization" />
    <field name="type" type="string">
      <bind-xml name="type" node="attribute" />
    </field>
  </class>
  <class name="gov.nih.nci.cananolab.domain.particle.characterization.physical.MolecularWeight" identity="id" extends="gov.nih.nci.cananolab.domain.particle.characterization.physical.PhysicalCharacterization">
    <map-to xml="MolecularWeight" ns-uri="gme://caNanoLab.caBIG/1.4/gov.nih.nci.cananolab.domain.particle.characterization.physical" />
  </class>
  <class name="gov.nih.nci.cananolab.domain.particle.samplecomposition.functionalization.SmallMolecule" identity="id" extends="gov.nih.nci.cananolab.domain.particle.samplecomposition.functionalization.FunctionalizingEntity">
    <map-to xml="SmallMolecule" ns-uri="gme://caNanoLab.caBIG/1.4/gov.nih.nci.cananolab.domain.particle.samplecomposition.functionalization" />
    <field name="alternateName" type="string">
      <bind-xml name="alternateName" node="attribute" />
    </field>
  </class>
  <class name="gov.nih.nci.cananolab.domain.particle.characterization.physical.Solubility" identity="id" extends="gov.nih.nci.cananolab.domain.particle.characterization.physical.PhysicalCharacterization">
    <map-to xml="Solubility" ns-uri="gme://caNanoLab.caBIG/1.4/gov.nih.nci.cananolab.domain.particle.characterization.physical" />
    <field name="criticalConcentration" type="float">
      <bind-xml name="criticalConcentration" node="attribute" />
    </field>
    <field name="criticalConcentrationUnit" type="string">
      <bind-xml name="criticalConcentrationUnit" node="attribute" />
    </field>
    <field name="isSoluble" type="boolean">
      <bind-xml name="isSoluble" node="attribute" />
    </field>
    <field name="solvent" type="string">
      <bind-xml name="solvent" node="attribute" />
    </field>
  </class>
  <class name="gov.nih.nci.cananolab.domain.particle.characterization.physical.Size" identity="id" extends="gov.nih.nci.cananolab.domain.particle.characterization.physical.PhysicalCharacterization">
    <map-to xml="Size" ns-uri="gme://caNanoLab.caBIG/1.4/gov.nih.nci.cananolab.domain.particle.characterization.physical" />
  </class>
  <class name="gov.nih.nci.cananolab.domain.particle.samplecomposition.functionalization.Biopolymer" identity="id" extends="gov.nih.nci.cananolab.domain.particle.samplecomposition.functionalization.FunctionalizingEntity">
    <map-to xml="Biopolymer" ns-uri="gme://caNanoLab.caBIG/1.4/gov.nih.nci.cananolab.domain.particle.samplecomposition.functionalization" />
    <field name="sequence" type="string">
      <bind-xml name="sequence" node="attribute" />
    </field>
    <field name="type" type="string">
      <bind-xml name="type" node="attribute" />
    </field>
  </class>
  <class name="gov.nih.nci.cananolab.domain.particle.characterization.physical.Surface" identity="id" extends="gov.nih.nci.cananolab.domain.particle.characterization.physical.PhysicalCharacterization">
    <map-to xml="Surface" ns-uri="gme://caNanoLab.caBIG/1.4/gov.nih.nci.cananolab.domain.particle.characterization.physical" />
    <field name="isHydrophobic" type="boolean">
      <bind-xml name="isHydrophobic" node="attribute" />
    </field>
  </class>
  <class name="gov.nih.nci.cananolab.domain.particle.characterization.invitro.Toxicity" identity="id" extends="gov.nih.nci.cananolab.domain.particle.characterization.invitro.InvitroCharacterization">
    <map-to xml="Toxicity" ns-uri="gme://caNanoLab.caBIG/1.4/gov.nih.nci.cananolab.domain.particle.characterization.invitro" />
  </class>
  <class name="gov.nih.nci.cananolab.domain.particle.characterization.invitro.EnzymeInduction" identity="id" extends="gov.nih.nci.cananolab.domain.particle.characterization.invitro.Toxicity">
    <map-to xml="EnzymeInduction" ns-uri="gme://caNanoLab.caBIG/1.4/gov.nih.nci.cananolab.domain.particle.characterization.invitro" />
  </class>
  <class name="gov.nih.nci.cananolab.domain.particle.characterization.invitro.Immunotoxicity" identity="id" extends="gov.nih.nci.cananolab.domain.particle.characterization.invitro.Toxicity">
    <map-to xml="Immunotoxicity" ns-uri="gme://caNanoLab.caBIG/1.4/gov.nih.nci.cananolab.domain.particle.characterization.invitro" />
  </class>
  <class name="gov.nih.nci.cananolab.domain.particle.characterization.invitro.Cytotoxicity" identity="id" extends="gov.nih.nci.cananolab.domain.particle.characterization.invitro.Toxicity">
    <map-to xml="Cytotoxicity" ns-uri="gme://caNanoLab.caBIG/1.4/gov.nih.nci.cananolab.domain.particle.characterization.invitro" />
    <field name="cellDeathMethod" type="string">
      <bind-xml name="cellDeathMethod" node="attribute" />
    </field>
    <field name="cellLine" type="string">
      <bind-xml name="cellLine" node="attribute" />
    </field>
  </class>
  <class name="gov.nih.nci.cananolab.domain.particle.characterization.invitro.OxidativeStress" identity="id" extends="gov.nih.nci.cananolab.domain.particle.characterization.invitro.Toxicity">
    <map-to xml="OxidativeStress" ns-uri="gme://caNanoLab.caBIG/1.4/gov.nih.nci.cananolab.domain.particle.characterization.invitro" />
  </class>
  <class name="gov.nih.nci.cananolab.domain.particle.characterization.invitro.Caspase3Activation" identity="id" extends="gov.nih.nci.cananolab.domain.particle.characterization.invitro.Cytotoxicity">
    <map-to xml="Caspase3Activation" ns-uri="gme://caNanoLab.caBIG/1.4/gov.nih.nci.cananolab.domain.particle.characterization.invitro" />
  </class>
  <class name="gov.nih.nci.cananolab.domain.particle.characterization.invitro.BloodContact" identity="id" extends="gov.nih.nci.cananolab.domain.particle.characterization.invitro.Immunotoxicity">
    <map-to xml="BloodContact" ns-uri="gme://caNanoLab.caBIG/1.4/gov.nih.nci.cananolab.domain.particle.characterization.invitro" />
  </class>
  <class name="gov.nih.nci.cananolab.domain.particle.characterization.invitro.ImmuneCellFunction" identity="id" extends="gov.nih.nci.cananolab.domain.particle.characterization.invitro.Immunotoxicity">
    <map-to xml="ImmuneCellFunction" ns-uri="gme://caNanoLab.caBIG/1.4/gov.nih.nci.cananolab.domain.particle.characterization.invitro" />
  </class>
  <class name="gov.nih.nci.cananolab.domain.particle.characterization.invitro.CellViability" identity="id" extends="gov.nih.nci.cananolab.domain.particle.characterization.invitro.Cytotoxicity">
    <map-to xml="CellViability" ns-uri="gme://caNanoLab.caBIG/1.4/gov.nih.nci.cananolab.domain.particle.characterization.invitro" />
  </class>
  <class name="gov.nih.nci.cananolab.domain.particle.characterization.invitro.Coagulation" identity="id" extends="gov.nih.nci.cananolab.domain.particle.characterization.invitro.BloodContact">
    <map-to xml="Coagulation" ns-uri="gme://caNanoLab.caBIG/1.4/gov.nih.nci.cananolab.domain.particle.characterization.invitro" />
  </class>
  <class name="gov.nih.nci.cananolab.domain.particle.characterization.invitro.Phagocytosis" identity="id" extends="gov.nih.nci.cananolab.domain.particle.characterization.invitro.ImmuneCellFunction">
    <map-to xml="Phagocytosis" ns-uri="gme://caNanoLab.caBIG/1.4/gov.nih.nci.cananolab.domain.particle.characterization.invitro" />
  </class>
  <class name="gov.nih.nci.cananolab.domain.particle.characterization.invitro.NKCellCytotoxicActivity" identity="id" extends="gov.nih.nci.cananolab.domain.particle.characterization.invitro.ImmuneCellFunction">
    <map-to xml="NKCellCytotoxicActivity" ns-uri="gme://caNanoLab.caBIG/1.4/gov.nih.nci.cananolab.domain.particle.characterization.invitro" />
  </class>
  <class name="gov.nih.nci.cananolab.domain.particle.characterization.invitro.OxidativeBurst" identity="id" extends="gov.nih.nci.cananolab.domain.particle.characterization.invitro.ImmuneCellFunction">
    <map-to xml="OxidativeBurst" ns-uri="gme://caNanoLab.caBIG/1.4/gov.nih.nci.cananolab.domain.particle.characterization.invitro" />
  </class>
  <class name="gov.nih.nci.cananolab.domain.particle.characterization.invitro.LeukocyteProliferation" identity="id" extends="gov.nih.nci.cananolab.domain.particle.characterization.invitro.ImmuneCellFunction">
    <map-to xml="LeukocyteProliferation" ns-uri="gme://caNanoLab.caBIG/1.4/gov.nih.nci.cananolab.domain.particle.characterization.invitro" />
  </class>
  <class name="gov.nih.nci.cananolab.domain.particle.characterization.invitro.Hemolysis" identity="id" extends="gov.nih.nci.cananolab.domain.particle.characterization.invitro.BloodContact">
    <map-to xml="Hemolysis" ns-uri="gme://caNanoLab.caBIG/1.4/gov.nih.nci.cananolab.domain.particle.characterization.invitro" />
  </class>
  <class name="gov.nih.nci.cananolab.domain.particle.characterization.invitro.CytokineInduction" identity="id" extends="gov.nih.nci.cananolab.domain.particle.characterization.invitro.ImmuneCellFunction">
    <map-to xml="CytokineInduction" ns-uri="gme://caNanoLab.caBIG/1.4/gov.nih.nci.cananolab.domain.particle.characterization.invitro" />
  </class>
  <class name="gov.nih.nci.cananolab.domain.particle.characterization.invitro.CFU_GM" identity="id" extends="gov.nih.nci.cananolab.domain.particle.characterization.invitro.ImmuneCellFunction">
    <map-to xml="CFU_GM" ns-uri="gme://caNanoLab.caBIG/1.4/gov.nih.nci.cananolab.domain.particle.characterization.invitro" />
  </class>
  <class name="gov.nih.nci.cananolab.domain.particle.characterization.invitro.Chemotaxis" identity="id" extends="gov.nih.nci.cananolab.domain.particle.characterization.invitro.ImmuneCellFunction">
    <map-to xml="Chemotaxis" ns-uri="gme://caNanoLab.caBIG/1.4/gov.nih.nci.cananolab.domain.particle.characterization.invitro" />
  </class>
  <class name="gov.nih.nci.cananolab.domain.particle.characterization.invitro.PlasmaProteinBinding" identity="id" extends="gov.nih.nci.cananolab.domain.particle.characterization.invitro.BloodContact">
    <map-to xml="PlasmaProteinBinding" ns-uri="gme://caNanoLab.caBIG/1.4/gov.nih.nci.cananolab.domain.particle.characterization.invitro" />
  </class>
  <class name="gov.nih.nci.cananolab.domain.particle.characterization.invitro.PlateletAggregation" identity="id" extends="gov.nih.nci.cananolab.domain.particle.characterization.invitro.BloodContact">
    <map-to xml="PlateletAggregation" ns-uri="gme://caNanoLab.caBIG/1.4/gov.nih.nci.cananolab.domain.particle.characterization.invitro" />
  </class>
  <class name="gov.nih.nci.cananolab.domain.particle.characterization.invitro.ComplementActivation" identity="id" extends="gov.nih.nci.cananolab.domain.particle.characterization.invitro.ImmuneCellFunction">
    <map-to xml="ComplementActivation" ns-uri="gme://caNanoLab.caBIG/1.4/gov.nih.nci.cananolab.domain.particle.characterization.invitro" />
  </class>
</mapping>

